Timestamp,SceneName,CD_Ratio,IsGrabbed,LeftCtrl_PosX,LeftCtrl_PosY,LeftCtrl_PosZ,LeftCtrl_RotX,LeftCtrl_RotY,LeftCtrl_RotZ,RightCtrl_PosX,RightCtrl_PosY,RightCtrl_PosZ,RightCtrl_RotX,RightCtrl_RotY,RightCtrl_RotZ,Head_PosX,Head_PosY,Head_PosZ,Head_RotX,Head_RotY,Head_RotZ,TargetObj_PosX,TargetObj_PosY,TargetObj_PosZ,TargetObj_RotX,TargetObj_RotY,TargetObj_RotZ,EyeGaze_OriginX,EyeGaze_OriginY,EyeGaze_OriginZ,EyeGaze_DirX,EyeGaze_DirY,EyeGaze_DirZ,Gaze_DeviationAngle,IsGazeValid
0.0000,CoreSystemMain,0.500,0,-0.2271,0.5692,0.3554,341.07,294.16,62.71,0.1700,0.5752,0.3034,303.21,39.24,319.79,0.0533,0.9091,0.1555,6.40,6.99,1.97,0.0000,1.0000,0.5000,0.00,0.00,0.00,0.0533,0.9091,0.1555,0.1209,-0.1114,0.9864,26.20,0
0.0114,CoreSystemMain,0.500,0,-0.2253,0.5690,0.3546,340.34,294.49,62.16,0.1703,0.5746,0.3029,302.77,39.61,321.15,0.0535,0.9092,0.1554,6.31,7.09,2.00,0.0000,1.0000,0.5000,0.00,0.00,0.00,0.0535,0.9092,0.1554,0.1227,-0.1100,0.9863,26.19,0
0.0222,CoreSystemMain,0.500,0,-0.2221,0.5693,0.3538,337.63,294.90,59.39,0.1710,0.5739,0.3029,302.59,41.04,319.01,0.0537,0.9094,0.1554,6.26,7.13,1.99,0.0000,1.0000,0.5000,0.00,0.00,0.00,0.0537,0.9094,0.1554,0.1234,-0.1090,0.9864,26.17,0
0.0334,CoreSystemMain,0.500,0,-0.2208,0.5687,0.3527,336.50,295.36,57.98,0.1710,0.5738,0.3032,302.55,40.67,319.05,0.0540,0.9096,0.1552,6.20,7.19,1.99,0.0000,1.0000,0.5000,0.00,0.00,0.00,0.0540,0.9096,0.1552,0.1244,-0.1080,0.9863,26.16,0
0.0447,CoreSystemMain,0.500,0,-0.2200,0.5679,0.3515,336.00,295.84,57.26,0.1710,0.5732,0.3034,302.34,39.04,320.76,0.0542,0.9097,0.1551,6.14,7.24,2.01,0.0000,1.0000,0.5000,0.00,0.00,0.00,0.0542,0.9097,0.1551,0.1253,-0.1070,0.9863,26.14,0
0.0554,CoreSystemMain,0.500,0,-0.2190,0.5682,0.3497,335.93,296.36,57.32,0.1709,0.5728,0.3034,302.10,37.51,322.47,0.0544,0.9098,0.1552,6.10,7.30,2.03,0.0000,1.0000,0.5000,0.00,0.00,0.00,0.0544,0.9098,0.1552,0.1263,-0.1063,0.9863,26.16,0
0.0666,CoreSystemMain,0.500,0,-0.2188,0.5673,0.3477,335.87,296.95,58.20,0.1708,0.5722,0.3036,301.94,35.53,324.33,0.0546,0.9099,0.1550,5.94,7.34,2.04,0.0000,1.0000,0.5000,0.00,0.00,0.00,0.0546,0.9099,0.1550,0.1271,-0.1035,0.9865,26.06,0
0.0777,CoreSystemMain,0.500,0,-0.2178,0.5668,0.3446,334.50,297.34,60.34,0.1709,0.5718,0.3039,302.36,35.42,324.25,0.0548,0.9101,0.1551,5.82,7.40,2.03,0.0000,1.0000,0.5000,0.00,0.00,0.00,0.0548,0.9101,0.1551,0.1281,-0.1015,0.9866,26.00,0
0.0945,CoreSystemMain,0.500,0,-0.2158,0.5664,0.3418,332.55,297.05,61.48,0.1712,0.5718,0.3040,302.95,35.99,323.56,0.0551,0.9103,0.1551,5.66,7.47,2.03,0.0000,1.0000,0.5000,0.00,0.00,0.00,0.0551,0.9103,0.1551,0.1294,-0.0986,0.9867,25.91,0
0.1000,CoreSystemMain,0.500,0,-0.2153,0.5662,0.3408,331.67,296.81,62.09,0.1715,0.5719,0.3040,303.56,36.90,322.15,0.0551,0.9104,0.1551,5.64,7.50,2.02,0.0000,1.0000,0.5000,0.00,0.00,0.00,0.0551,0.9104,0.1551,0.1298,-0.0982,0.9867,25.91,0
0.1115,CoreSystemMain,0.500,0,-0.2145,0.5657,0.3390,331.07,296.89,62.92,0.1719,0.5719,0.3040,303.90,37.30,321.46,0.0553,0.9105,0.1551,5.61,7.53,2.03,0.0000,1.0000,0.5000,0.00,0.00,0.00,0.0553,0.9105,0.1551,0.1304,-0.0978,0.9866,25.91,0
0.1224,CoreSystemMain,0.500,0,-0.2141,0.5669,0.3347,331.32,295.78,64.42,0.1732,0.5723,0.3040,304.84,40.29,316.59,0.0555,0.9104,0.1550,5.61,7.59,2.01,0.0000,1.0000,0.5000,0.00,0.00,0.00,0.0555,0.9104,0.1550,0.1314,-0.0977,0.9865,25.97,0
0.1427,CoreSystemMain,0.500,0,-0.2145,0.5667,0.3310,332.57,295.44,65.41,0.1739,0.5727,0.3040,305.25,41.87,314.61,0.0557,0.9103,0.1549,5.65,7.66,1.95,0.0000,1.0000,0.5000,0.00,0.00,0.00,0.0557,0.9103,0.1549,0.1326,-0.0984,0.9863,26.08,0
0.1462,CoreSystemMain,0.500,0,-0.2143,0.5665,0.3303,332.55,295.45,65.65,0.1741,0.5727,0.3040,305.33,42.02,314.39,0.0557,0.9103,0.1549,5.66,7.65,1.95,0.0000,1.0000,0.5000,0.00,0.00,0.00,0.0557,0.9103,0.1549,0.1325,-0.0986,0.9863,26.08,0
0.1559,CoreSystemMain,0.500,0,-0.2160,0.5666,0.3279,334.42,294.53,66.28,0.1750,0.5730,0.3043,305.75,42.69,313.65,0.0558,0.9103,0.1548,5.67,7.67,1.92,0.0000,1.0000,0.5000,0.00,0.00,0.00,0.0558,0.9103,0.1548,0.1329,-0.0989,0.9862,26.12,0
0.1666,CoreSystemMain,0.500,0,-0.2167,0.5662,0.3258,335.30,294.03,66.83,0.1757,0.5730,0.3044,306.04,42.65,313.61,0.0559,0.9103,0.1548,5.68,7.69,1.88,0.0000,1.0000,0.5000,0.00,0.00,0.00,0.0559,0.9103,0.1548,0.1332,-0.0990,0.9861,26.15,0
0.1778,CoreSystemMain,0.500,0,-0.2172,0.5677,0.3225,337.18,292.94,68.04,0.1766,0.5728,0.3049,306.10,42.30,314.22,0.0560,0.9104,0.1547,5.65,7.71,1.85,0.0000,1.0000,0.5000,0.00,0.00,0.00,0.0560,0.9104,0.1547,0.1335,-0.0984,0.9861,26.13,0
0.1888,CoreSystemMain,0.500,0,-0.2172,0.5677,0.3205,339.11,292.18,69.25,0.1767,0.5727,0.3055,305.81,40.89,316.64,0.0561,0.9105,0.1547,5.58,7.73,1.82,0.0000,1.0000,0.5000,0.00,0.00,0.00,0.0561,0.9105,0.1547,0.1339,-0.0973,0.9862,26.08,0
0.2000,CoreSystemMain,0.500,0,-0.2174,0.5675,0.3182,340.94,292.33,70.61,0.1770,0.5729,0.3056,304.97,40.56,317.53,0.0562,0.9106,0.1547,5.51,7.73,1.80,0.0000,1.0000,0.5000,0.00,0.00,0.00,0.0562,0.9106,0.1547,0.1338,-0.0961,0.9863,26.02,0
0.2110,CoreSystemMain,0.500,0,-0.2176,0.5671,0.3159,341.91,293.21,71.83,0.1770,0.5728,0.3056,303.83,40.46,318.45,0.0563,0.9107,0.1547,5.46,7.71,1.77,0.0000,1.0000,0.5000,0.00,0.00,0.00,0.0563,0.9107,0.1547,0.1335,-0.0952,0.9865,25.96,0
0.2222,CoreSystemMain,0.500,0,-0.2176,0.5668,0.3137,342.41,294.09,72.73,0.1770,0.5727,0.3058,303.14,40.50,318.83,0.0563,0.9108,0.1547,5.43,7.69,1.75,0.0000,1.0000,0.5000,0.00,0.00,0.00,0.0563,0.9108,0.1547,0.1332,-0.0945,0.9866,25.92,0
0.2333,CoreSystemMain,0.500,0,-0.2178,0.5662,0.3117,341.80,295.64,73.13,0.1768,0.5727,0.3059,302.22,40.44,320.12,0.0564,0.9109,0.1546,5.40,7.69,1.72,0.0000,1.0000,0.5000,0.00,0.00,0.00,0.0564,0.9109,0.1546,0.1332,-0.0941,0.9866,25.89,0
0.2443,CoreSystemMain,0.500,0,-0.2178,0.5659,0.3098,341.74,296.14,73.50,0.1769,0.5728,0.3060,301.96,40.39,320.74,0.0564,0.9109,0.1545,5.39,7.68,1.69,0.0000,1.0000,0.5000,0.00,0.00,0.00,0.0564,0.9109,0.1545,0.1331,-0.0940,0.9866,25.89,0
0.2557,CoreSystemMain,0.500,0,-0.2174,0.5664,0.3080,338.40,296.72,70.08,0.1765,0.5725,0.3060,302.20,40.29,321.53,0.0565,0.9110,0.1545,5.36,7.69,1.66,0.0000,1.0000,0.5000,0.00,0.00,0.00,0.0565,0.9110,0.1545,0.1332,-0.0935,0.9867,25.87,0
0.2666,CoreSystemMain,0.500,0,-0.2164,0.5667,0.3068,336.57,296.42,67.93,0.1765,0.5725,0.3060,302.53,40.23,321.46,0.0566,0.9110,0.1544,5.34,7.70,1.66,0.0000,1.0000,0.5000,0.00,0.00,0.00,0.0566,0.9110,0.1544,0.1334,-0.0930,0.9867,25.86,0
0.2778,CoreSystemMain,0.500,0,-0.2150,0.5669,0.3055,334.60,295.69,66.08,0.1766,0.5726,0.3060,302.84,40.30,321.12,0.0567,0.9110,0.1543,5.32,7.71,1.67,0.0000,1.0000,0.5000,0.00,0.00,0.00,0.0567,0.9110,0.1543,0.1336,-0.0926,0.9867,25.85,0
0.2889,CoreSystemMain,0.500,0,-0.2125,0.5667,0.3052,331.91,293.80,64.85,0.1763,0.5726,0.3057,303.61,40.79,319.58,0.0568,0.9112,0.1543,5.24,7.73,1.68,0.0000,1.0000,0.5000,0.00,0.00,0.00,0.0568,0.9112,0.1543,0.1340,-0.0913,0.9868,25.80,0
0.3002,CoreSystemMain,0.500,0,-0.2109,0.5661,0.3040,330.59,292.73,65.10,0.1761,0.5726,0.3055,303.87,41.01,318.99,0.0569,0.9113,0.1542,5.16,7.76,1.68,0.0000,1.0000,0.5000,0.00,0.00,0.00,0.0569,0.9113,0.1542,0.1346,-0.0900,0.9868,25.75,0
0.3110,CoreSystemMain,0.500,0,-0.2096,0.5656,0.3032,329.63,291.91,65.41,0.1759,0.5724,0.3051,304.01,40.91,318.85,0.0570,0.9114,0.1542,5.09,7.80,1.69,0.0000,1.0000,0.5000,0.00,0.00,0.00,0.0570,0.9114,0.1542,0.1351,-0.0887,0.9869,25.71,0
0.3223,CoreSystemMain,0.500,0,-0.2086,0.5651,0.3015,329.13,291.42,65.18,0.1757,0.5723,0.3048,304.04,40.71,319.01,0.0570,0.9115,0.1541,5.03,7.82,1.70,0.0000,1.0000,0.5000,0.00,0.00,0.00,0.0570,0.9115,0.1541,0.1355,-0.0877,0.9869,25.68,0
0.3332,CoreSystemMain,0.500,0,-0.2070,0.5654,0.2997,329.45,290.41,64.69,0.1753,0.5722,0.3041,303.86,40.19,319.67,0.0571,0.9116,0.1540,4.98,7.85,1.73,0.0000,1.0000,0.5000,0.00,0.00,0.00,0.0571,0.9116,0.1540,0.1361,-0.0868,0.9869,25.65,0
0.3445,CoreSystemMain,0.500,0,-0.2065,0.5663,0.2983,329.78,290.18,64.85,0.1751,0.5722,0.3036,303.69,39.92,320.16,0.0571,0.9116,0.1539,4.94,7.87,1.76,0.0000,1.0000,0.5000,0.00,0.00,0.00,0.0571,0.9116,0.1539,0.1364,-0.0861,0.9869,25.62,0
0.3555,CoreSystemMain,0.500,0,-0.2064,0.5679,0.2959,329.87,290.11,66.16,0.1748,0.5723,0.3030,303.45,39.77,320.53,0.0571,0.9117,0.1540,4.89,7.88,1.80,0.0000,1.0000,0.5000,0.00,0.00,0.00,0.0571,0.9117,0.1540,0.1366,-0.0853,0.9869,25.59,0
0.3665,CoreSystemMain,0.500,0,-0.2070,0.5696,0.2933,329.34,290.39,70.31,0.1744,0.5723,0.3025,303.14,39.77,320.72,0.0570,0.9119,0.1539,4.83,7.87,1.85,0.0000,1.0000,0.5000,0.00,0.00,0.00,0.0570,0.9119,0.1539,0.1365,-0.0842,0.9871,25.51,0
0.3777,CoreSystemMain,0.500,0,-0.2063,0.5699,0.2897,328.16,290.46,72.44,0.1741,0.5722,0.3020,302.93,39.83,320.83,0.0570,0.9120,0.1539,4.75,7.88,1.88,0.0000,1.0000,0.5000,0.00,0.00,0.00,0.0570,0.9120,0.1539,0.1366,-0.0829,0.9872,25.43,0
0.3888,CoreSystemMain,0.500,0,-0.2048,0.5688,0.2865,325.57,289.96,74.21,0.1738,0.5722,0.3015,302.73,39.86,321.01,0.0570,0.9123,0.1538,4.62,7.87,1.93,0.0000,1.0000,0.5000,0.00,0.00,0.00,0.0570,0.9123,0.1538,0.1364,-0.0806,0.9874,25.29,0
0.3998,CoreSystemMain,0.500,0,-0.2033,0.5679,0.2834,323.25,289.67,74.62,0.1735,0.5722,0.3009,302.55,39.89,321.26,0.0569,0.9126,0.1537,4.47,7.85,1.99,0.0000,1.0000,0.5000,0.00,0.00,0.00,0.0569,0.9126,0.1537,0.1361,-0.0779,0.9876,25.12,0
0.4111,CoreSystemMain,0.500,0,-0.2020,0.5671,0.2810,321.25,289.93,73.66,0.1733,0.5721,0.3005,302.49,39.89,321.47,0.0569,0.9129,0.1536,4.28,7.84,2.04,0.0000,1.0000,0.5000,0.00,0.00,0.00,0.0569,0.9129,0.1536,0.1361,-0.0747,0.9879,24.94,0
0.4222,CoreSystemMain,0.500,0,-0.1992,0.5664,0.2761,318.02,291.22,70.19,0.1728,0.5718,0.2997,302.56,39.63,322.17,0.0568,0.9133,0.1536,4.13,7.81,2.10,0.0000,1.0000,0.5000,0.00,0.00,0.00,0.0568,0.9133,0.1536,0.1355,-0.0719,0.9882,24.75,0
0.4334,CoreSystemMain,0.500,0,-0.1974,0.5667,0.2727,317.05,292.79,68.72,0.1724,0.5714,0.2992,302.80,39.28,322.75,0.0567,0.9136,0.1536,3.94,7.80,2.10,0.0000,1.0000,0.5000,0.00,0.00,0.00,0.0567,0.9136,0.1536,0.1353,-0.0687,0.9884,24.56,0
0.4443,CoreSystemMain,0.500,0,-0.1987,0.5653,0.2698,316.71,295.73,67.72,0.1722,0.5708,0.2985,303.13,38.85,323.33,0.0567,0.9140,0.1535,3.77,7.77,2.13,0.0000,1.0000,0.5000,0.00,0.00,0.00,0.0567,0.9140,0.1535,0.1350,-0.0658,0.9887,24.37,0
0.4554,CoreSystemMain,0.500,0,-0.1987,0.5651,0.2661,316.33,296.88,68.11,0.1720,0.5705,0.2977,303.49,38.68,323.52,0.0565,0.9143,0.1535,3.65,7.74,2.13,0.0000,1.0000,0.5000,0.00,0.00,0.00,0.0565,0.9143,0.1535,0.1345,-0.0637,0.9889,24.22,0
0.4666,CoreSystemMain,0.500,0,-0.1983,0.5632,0.2630,315.98,295.98,69.51,0.1721,0.5703,0.2966,303.81,39.16,322.41,0.0564,0.9145,0.1533,3.55,7.71,2.13,0.0000,1.0000,0.5000,0.00,0.00,0.00,0.0564,0.9145,0.1533,0.1339,-0.0619,0.9891,24.08,0
0.4776,CoreSystemMain,0.500,0,-0.1967,0.5604,0.2598,315.51,294.20,70.00,0.1723,0.5702,0.2954,303.81,39.72,321.02,0.0562,0.9147,0.1532,3.48,7.66,2.13,0.0000,1.0000,0.5000,0.00,0.00,0.00,0.0562,0.9147,0.1532,0.1330,-0.0607,0.9893,23.95,0
0.4890,CoreSystemMain,0.500,0,-0.1953,0.5592,0.2571,315.03,293.56,69.93,0.1722,0.5701,0.2947,303.79,39.90,320.53,0.0561,0.9148,0.1530,3.41,7.59,2.13,0.0000,1.0000,0.5000,0.00,0.00,0.00,0.0561,0.9148,0.1530,0.1318,-0.0595,0.9895,23.81,0
0.4999,CoreSystemMain,0.500,0,-0.1911,0.5568,0.2538,315.92,291.95,68.17,0.1723,0.5696,0.2932,303.23,40.17,319.50,0.0559,0.9149,0.1528,3.33,7.51,2.10,0.0000,1.0000,0.5000,0.00,0.00,0.00,0.0559,0.9149,0.1528,0.1305,-0.0582,0.9897,23.66,0
0.5112,CoreSystemMain,0.500,0,-0.1898,0.5551,0.2515,315.98,292.08,67.58,0.1724,0.5693,0.2923,302.95,40.02,319.50,0.0557,0.9150,0.1526,3.26,7.44,2.04,0.0000,1.0000,0.5000,0.00,0.00,0.00,0.0557,0.9150,0.1526,0.1293,-0.0569,0.9900,23.52,0
0.5221,CoreSystemMain,0.500,0,-0.1870,0.5540,0.2504,317.06,293.38,68.27,0.1725,0.5681,0.2907,302.42,39.12,320.50,0.0554,0.9151,0.1526,3.21,7.37,1.95,0.0000,1.0000,0.5000,0.00,0.00,0.00,0.0554,0.9151,0.1526,0.1281,-0.0559,0.9902,23.40,0
0.5333,CoreSystemMain,0.500,0,-0.1854,0.5531,0.2480,316.92,293.46,68.37,0.1726,0.5676,0.2896,302.35,38.87,320.55,0.0552,0.9152,0.1525,3.14,7.30,1.87,0.0000,1.0000,0.5000,0.00,0.00,0.00,0.0552,0.9152,0.1525,0.1269,-0.0548,0.9904,23.27,0
0.5446,CoreSystemMain,0.500,0,-0.1828,0.5527,0.2466,319.30,293.40,70.19,0.1731,0.5667,0.2881,303.10,38.54,319.73,0.0551,0.9152,0.1525,3.09,7.24,1.78,0.0000,1.0000,0.5000,0.00,0.00,0.00,0.0551,0.9152,0.1525,0.1259,-0.0539,0.9906,23.17,0
0.5554,CoreSystemMain,0.500,0,-0.1810,0.5521,0.2441,320.03,293.24,70.91,0.1732,0.5663,0.2871,303.27,38.41,319.43,0.0549,0.9152,0.1524,3.05,7.21,1.71,0.0000,1.0000,0.5000,0.00,0.00,0.00,0.0549,0.9152,0.1524,0.1253,-0.0532,0.9907,23.09,0
0.5666,CoreSystemMain,0.500,0,-0.1793,0.5508,0.2428,322.76,291.98,72.48,0.1732,0.5667,0.2859,304.08,39.34,317.55,0.0548,0.9152,0.1522,3.01,7.16,1.67,0.0000,1.0000,0.5000,0.00,0.00,0.00,0.0548,0.9152,0.1522,0.1244,-0.0525,0.9908,23.01,0
0.5782,CoreSystemMain,0.500,0,-0.1773,0.5495,0.2408,323.82,291.29,72.98,0.1732,0.5671,0.2847,304.53,40.24,316.05,0.0547,0.9152,0.1522,3.00,7.12,1.66,0.0000,1.0000,0.5000,0.00,0.00,0.00,0.0547,0.9152,0.1522,0.1237,-0.0523,0.9909,22.97,0
0.5894,CoreSystemMain,0.500,0,-0.1749,0.5473,0.2389,324.32,290.65,72.76,0.1733,0.5681,0.2831,305.27,41.88,313.20,0.0547,0.9151,0.1520,2.99,7.08,1.69,0.0000,1.0000,0.5000,0.00,0.00,0.00,0.0547,0.9151,0.1520,0.1231,-0.0521,0.9910,22.93,0
0.6000,CoreSystemMain,0.500,0,-0.1729,0.5461,0.2367,324.36,290.65,72.71,0.1734,0.5685,0.2823,305.52,42.29,312.13,0.0547,0.9151,0.1519,2.97,7.06,1.69,0.0000,1.0000,0.5000,0.00,0.00,0.00,0.0547,0.9151,0.1519,0.1228,-0.0518,0.9911,22.91,0
0.6111,CoreSystemMain,0.500,0,-0.1705,0.5456,0.2333,320.71,293.55,67.05,0.1744,0.5699,0.2795,306.39,43.30,307.59,0.0547,0.9151,0.1517,2.91,7.06,1.71,0.0000,1.0000,0.5000,0.00,0.00,0.00,0.0547,0.9151,0.1517,0.1228,-0.0508,0.9911,22.85,0
0.6222,CoreSystemMain,0.500,0,-0.1686,0.5445,0.2306,319.34,294.74,64.74,0.1749,0.5702,0.2778,306.81,43.39,305.66,0.0548,0.9151,0.1515,2.85,7.07,1.72,0.0000,1.0000,0.5000,0.00,0.00,0.00,0.0548,0.9151,0.1515,0.1229,-0.0497,0.9912,22.80,0
0.6332,CoreSystemMain,0.500,0,-0.1657,0.5424,0.2266,316.66,296.76,61.27,0.1758,0.5704,0.2748,307.45,43.11,302.31,0.0548,0.9152,0.1513,2.75,7.07,1.73,0.0000,1.0000,0.5000,0.00,0.00,0.00,0.0548,0.9152,0.1513,0.1230,-0.0479,0.9913,22.72,0
0.6444,CoreSystemMain,0.500,0,-0.1649,0.5392,0.2239,314.28,297.89,58.28,0.1761,0.5709,0.2727,307.91,43.48,299.57,0.0549,0.9154,0.1512,2.62,7.05,1.74,0.0000,1.0000,0.5000,0.00,0.00,0.00,0.0549,0.9154,0.1512,0.1227,-0.0457,0.9914,22.60,0
0.6556,CoreSystemMain,0.500,0,-0.1625,0.5378,0.2215,311.87,297.30,55.39,0.1750,0.5723,0.2709,308.13,44.62,297.96,0.0549,0.9157,0.1510,2.46,7.00,1.74,0.0000,1.0000,0.5000,0.00,0.00,0.00,0.0549,0.9157,0.1510,0.1217,-0.0430,0.9916,22.42,0
0.6667,CoreSystemMain,0.500,0,-0.1604,0.5367,0.2203,309.43,295.27,52.70,0.1724,0.5748,0.2707,307.50,43.97,301.42,0.0549,0.9159,0.1509,2.34,6.94,1.72,0.0000,1.0000,0.5000,0.00,0.00,0.00,0.0549,0.9159,0.1509,0.1208,-0.0408,0.9918,22.26,0
0.6779,CoreSystemMain,0.500,0,-0.1585,0.5355,0.2181,308.17,295.26,50.78,0.1708,0.5773,0.2702,306.62,42.48,304.60,0.0549,0.9163,0.1509,2.22,6.85,1.65,0.0000,1.0000,0.5000,0.00,0.00,0.00,0.0549,0.9163,0.1509,0.1191,-0.0388,0.9921,22.07,0
0.6888,CoreSystemMain,0.500,0,-0.1569,0.5360,0.2182,306.69,291.84,50.55,0.1693,0.5792,0.2694,305.38,40.35,307.68,0.0549,0.9166,0.1507,2.16,6.76,1.58,0.0000,1.0000,0.5000,0.00,0.00,0.00,0.0549,0.9166,0.1507,0.1176,-0.0377,0.9923,21.92,0
0.7000,CoreSystemMain,0.500,0,-0.1550,0.5359,0.2163,306.38,291.34,50.52,0.1689,0.5799,0.2687,304.79,39.43,308.54,0.0549,0.9166,0.1506,2.13,6.73,1.56,0.0000,1.0000,0.5000,0.00,0.00,0.00,0.0549,0.9166,0.1506,0.1171,-0.0372,0.9924,21.87,0
0.7111,CoreSystemMain,0.500,0,-0.1529,0.5349,0.2109,309.60,296.40,50.13,0.1677,0.5819,0.2665,301.69,37.33,309.89,0.0549,0.9169,0.1502,2.14,6.56,1.47,0.0000,1.0000,0.5000,0.00,0.00,0.00,0.0549,0.9169,0.1502,0.1141,-0.0374,0.9928,21.71,0
0.7222,CoreSystemMain,0.500,0,-0.1512,0.5343,0.2078,310.28,298.69,48.97,0.1670,0.5833,0.2652,300.65,37.20,309.80,0.0548,0.9170,0.1499,2.15,6.46,1.43,0.0000,1.0000,0.5000,0.00,0.00,0.00,0.0548,0.9170,0.1499,0.1124,-0.0376,0.9930,21.62,0
0.7333,CoreSystemMain,0.500,0,-0.1507,0.5343,0.2036,312.80,305.11,47.09,0.1660,0.5856,0.2636,299.13,37.35,309.30,0.0548,0.9171,0.1495,2.18,6.30,1.38,0.0000,1.0000,0.5000,0.00,0.00,0.00,0.0548,0.9171,0.1495,0.1097,-0.0380,0.9932,21.50,0
0.7445,CoreSystemMain,0.500,0,-0.1516,0.5346,0.2011,314.54,311.19,44.95,0.1650,0.5881,0.2619,297.49,37.79,308.20,0.0547,0.9172,0.1492,2.16,6.16,1.31,0.0000,1.0000,0.5000,0.00,0.00,0.00,0.0547,0.9172,0.1492,0.1072,-0.0377,0.9935,21.36,0
0.7555,CoreSystemMain,0.500,0,-0.1508,0.5343,0.2001,315.50,312.66,47.00,0.1640,0.5909,0.2599,295.84,38.71,306.48,0.0546,0.9173,0.1489,2.09,6.02,1.22,0.0000,1.0000,0.5000,0.00,0.00,0.00,0.0546,0.9173,0.1489,0.1049,-0.0364,0.9938,21.17,0
0.7667,CoreSystemMain,0.500,0,-0.1470,0.5336,0.1987,316.30,308.35,52.84,0.1630,0.5934,0.2579,294.84,39.39,305.38,0.0546,0.9176,0.1486,2.01,5.89,1.12,0.0000,1.0000,0.5000,0.00,0.00,0.00,0.0546,0.9176,0.1486,0.1026,-0.0350,0.9941,20.98,0
0.7781,CoreSystemMain,0.500,0,-0.1449,0.5309,0.1971,316.29,305.08,57.36,0.1620,0.5958,0.2559,294.14,39.75,305.45,0.0545,0.9178,0.1483,1.89,5.76,1.01,0.0000,1.0000,0.5000,0.00,0.00,0.00,0.0545,0.9178,0.1483,0.1002,-0.0331,0.9944,20.76,0
0.7894,CoreSystemMain,0.500,0,-0.1424,0.5293,0.1954,315.82,301.35,61.76,0.1609,0.5982,0.2540,293.54,40.01,305.16,0.0545,0.9181,0.1480,1.79,5.64,0.92,0.0000,1.0000,0.5000,0.00,0.00,0.00,0.0545,0.9181,0.1480,0.0982,-0.0313,0.9947,20.56,0
0.8003,CoreSystemMain,0.500,0,-0.1402,0.5281,0.1937,315.42,298.99,64.53,0.1600,0.6006,0.2524,292.94,40.41,303.92,0.0545,0.9182,0.1478,1.74,5.55,0.88,0.0000,1.0000,0.5000,0.00,0.00,0.00,0.0545,0.9182,0.1478,0.0968,-0.0304,0.9948,20.44,0
0.8111,CoreSystemMain,0.500,0,-0.1383,0.5273,0.1917,314.75,298.80,64.95,0.1593,0.6028,0.2512,292.58,41.15,302.64,0.0544,0.9184,0.1475,1.68,5.42,0.85,0.0000,1.0000,0.5000,0.00,0.00,0.00,0.0544,0.9184,0.1475,0.0944,-0.0293,0.9951,20.26,0
0.8222,CoreSystemMain,0.500,0,-0.1367,0.5267,0.1894,313.77,301.15,62.55,0.1587,0.6046,0.2497,292.25,41.52,302.30,0.0544,0.9186,0.1473,1.66,5.25,0.82,0.0000,1.0000,0.5000,0.00,0.00,0.00,0.0544,0.9186,0.1473,0.0914,-0.0290,0.9954,20.10,0
0.8333,CoreSystemMain,0.500,0,-0.1343,0.5261,0.1861,312.80,305.41,57.92,0.1576,0.6068,0.2482,291.55,40.87,301.74,0.0543,0.9187,0.1469,1.65,5.08,0.80,0.0000,1.0000,0.5000,0.00,0.00,0.00,0.0543,0.9187,0.1469,0.0885,-0.0288,0.9957,19.94,0
0.8443,CoreSystemMain,0.500,0,-0.1326,0.5255,0.1835,312.13,308.54,54.90,0.1568,0.6087,0.2469,290.95,40.30,301.66,0.0542,0.9187,0.1466,1.65,4.89,0.80,0.0000,1.0000,0.5000,0.00,0.00,0.00,0.0542,0.9187,0.1466,0.0853,-0.0287,0.9959,19.79,0
0.8557,CoreSystemMain,0.500,0,-0.1306,0.5271,0.1820,310.99,313.08,49.78,0.1558,0.6104,0.2455,290.43,39.32,302.35,0.0542,0.9188,0.1462,1.61,4.72,0.79,0.0000,1.0000,0.5000,0.00,0.00,0.00,0.0542,0.9188,0.1462,0.0822,-0.0281,0.9962,19.61,0
0.8665,CoreSystemMain,0.500,0,-0.1286,0.5278,0.1801,310.13,315.23,47.56,0.1550,0.6124,0.2441,289.79,39.13,302.15,0.0541,0.9189,0.1458,1.50,4.58,0.79,0.0000,1.0000,0.5000,0.00,0.00,0.00,0.0541,0.9189,0.1458,0.0799,-0.0262,0.9965,19.41,0
0.8777,CoreSystemMain,0.500,0,-0.1270,0.5295,0.1787,307.06,315.80,45.92,0.1543,0.6144,0.2424,289.45,39.44,301.36,0.0541,0.9191,0.1456,1.47,4.51,0.74,0.0000,1.0000,0.5000,0.00,0.00,0.00,0.0541,0.9191,0.1456,0.0786,-0.0257,0.9966,19.30,0
0.8888,CoreSystemMain,0.500,0,-0.1255,0.5295,0.1765,304.30,315.82,44.29,0.1535,0.6168,0.2403,289.14,41.55,298.47,0.0540,0.9194,0.1451,1.33,4.35,0.65,0.0000,1.0000,0.5000,0.00,0.00,0.00,0.0540,0.9194,0.1451,0.0758,-0.0233,0.9969,19.03,0
0.8998,CoreSystemMain,0.500,0,-0.1243,0.5295,0.1749,301.85,314.63,43.50,0.1527,0.6190,0.2385,288.74,43.24,296.04,0.0540,0.9197,0.1447,1.24,4.27,0.59,0.0000,1.0000,0.5000,0.00,0.00,0.00,0.0540,0.9197,0.1447,0.0744,-0.0217,0.9970,18.86,0
0.9110,CoreSystemMain,0.500,0,-0.1234,0.5298,0.1735,299.38,312.47,43.42,0.1519,0.6213,0.2366,288.33,45.32,293.01,0.0540,0.9199,0.1444,1.17,4.16,0.53,0.0000,1.0000,0.5000,0.00,0.00,0.00,0.0540,0.9199,0.1444,0.0725,-0.0205,0.9972,18.70,0
0.9223,CoreSystemMain,0.500,0,-0.1219,0.5299,0.1723,297.32,309.56,44.15,0.1511,0.6231,0.2348,287.92,48.02,288.84,0.0540,0.9201,0.1442,1.15,4.08,0.50,0.0000,1.0000,0.5000,0.00,0.00,0.00,0.0540,0.9201,0.1442,0.0712,-0.0200,0.9973,18.61,0
0.9336,CoreSystemMain,0.500,0,-0.1199,0.5300,0.1705,295.58,307.18,44.57,0.1502,0.6253,0.2326,287.34,50.16,285.79,0.0539,0.9203,0.1437,1.12,3.94,0.42,0.0000,1.0000,0.5000,0.00,0.00,0.00,0.0539,0.9203,0.1437,0.0686,-0.0195,0.9975,18.43,0
0.9449,CoreSystemMain,0.500,0,-0.1176,0.5306,0.1685,294.47,306.68,44.44,0.1493,0.6275,0.2309,286.83,51.82,283.48,0.0539,0.9205,0.1432,1.10,3.80,0.37,0.0000,1.0000,0.5000,0.00,0.00,0.00,0.0539,0.9205,0.1432,0.0662,-0.0192,0.9976,18.28,0
0.9559,CoreSystemMain,0.500,0,-0.1147,0.5316,0.1669,293.93,306.73,45.62,0.1484,0.6294,0.2290,286.39,53.47,281.39,0.0539,0.9206,0.1429,1.12,3.69,0.32,0.0000,1.0000,0.5000,0.00,0.00,0.00,0.0539,0.9206,0.1429,0.0643,-0.0195,0.9977,18.20,0
0.9670,CoreSystemMain,0.500,0,-0.1102,0.5325,0.1661,294.70,307.60,50.62,0.1473,0.6311,0.2267,285.59,55.98,279.48,0.0538,0.9207,0.1424,1.15,3.59,0.26,0.0000,1.0000,0.5000,0.00,0.00,0.00,0.0538,0.9207,0.1424,0.0627,-0.0200,0.9978,18.12,0
0.9779,CoreSystemMain,0.500,0,-0.1077,0.5331,0.1648,294.36,308.26,52.07,0.1464,0.6331,0.2248,284.84,58.49,277.07,0.0538,0.9208,0.1420,1.15,3.51,0.24,0.0000,1.0000,0.5000,0.00,0.00,0.00,0.0538,0.9208,0.1420,0.0612,-0.0202,0.9979,18.04,0
0.9893,CoreSystemMain,0.500,0,-0.1065,0.5313,0.1634,296.77,310.32,55.37,0.1458,0.6344,0.2230,283.92,61.95,273.45,0.0539,0.9209,0.1416,1.22,3.41,0.20,0.0000,1.0000,0.5000,0.00,0.00,0.00,0.0539,0.9209,0.1416,0.0595,-0.0213,0.9980,18.00,0
1.0004,CoreSystemMain,0.500,0,-0.1047,0.5310,0.1619,298.30,310.70,57.20,0.1448,0.6368,0.2209,283.27,67.02,268.33,0.0539,0.9210,0.1411,1.25,3.31,0.21,0.0000,1.0000,0.5000,0.00,0.00,0.00,0.0539,0.9210,0.1411,0.0577,-0.0217,0.9981,17.93,0
1.0114,CoreSystemMain,0.500,0,-0.1039,0.5303,0.1607,300.20,310.11,58.98,0.1443,0.6393,0.2192,282.73,70.39,265.36,0.0539,0.9210,0.1409,1.25,3.26,0.22,0.0000,1.0000,0.5000,0.00,0.00,0.00,0.0539,0.9210,0.1409,0.0569,-0.0218,0.9981,17.89,0
1.0223,CoreSystemMain,0.500,0,-0.1030,0.5295,0.1598,301.63,310.02,58.96,0.1434,0.6418,0.2174,282.44,74.63,260.82,0.0540,0.9211,0.1404,1.27,3.15,0.22,0.0000,1.0000,0.5000,0.00,0.00,0.00,0.0540,0.9211,0.1404,0.0549,-0.0221,0.9982,17.81,0
1.0355,CoreSystemMain,0.500,0,-0.1020,0.5288,0.1590,302.26,310.64,57.73,0.1427,0.6435,0.2155,282.34,78.24,256.93,0.0540,0.9212,0.1400,1.26,3.05,0.18,0.0000,1.0000,0.5000,0.00,0.00,0.00,0.0540,0.9212,0.1400,0.0532,-0.0220,0.9983,17.72,0
1.0447,CoreSystemMain,0.500,0,-0.1002,0.5286,0.1575,302.46,311.07,57.98,0.1417,0.6458,0.2134,282.02,82.68,252.13,0.0539,0.9212,0.1395,1.26,2.95,0.15,0.0000,1.0000,0.5000,0.00,0.00,0.00,0.0539,0.9212,0.1395,0.0515,-0.0220,0.9984,17.63,0
1.0561,CoreSystemMain,0.500,0,-0.1001,0.5251,0.1562,301.66,312.50,55.65,0.1413,0.6466,0.2111,281.24,82.72,251.13,0.0540,0.9213,0.1392,1.26,2.89,0.11,0.0000,1.0000,0.5000,0.00,0.00,0.00,0.0540,0.9213,0.1392,0.0504,-0.0219,0.9985,17.56,0
1.0669,CoreSystemMain,0.500,0,-0.0987,0.5231,0.1547,301.09,311.51,56.60,0.1408,0.6474,0.2092,280.99,81.55,251.89,0.0540,0.9215,0.1384,1.26,2.76,0.04,0.0000,1.0000,0.5000,0.00,0.00,0.00,0.0540,0.9215,0.1384,0.0481,-0.0219,0.9986,17.43,0
1.0780,CoreSystemMain,0.500,0,-0.0971,0.5215,0.1531,300.98,310.84,58.01,0.1400,0.6491,0.2070,280.83,83.43,249.91,0.0540,0.9216,0.1380,1.25,2.67,0.01,0.0000,1.0000,0.5000,0.00,0.00,0.00,0.0540,0.9216,0.1380,0.0466,-0.0218,0.9987,17.34,0
1.0893,CoreSystemMain,0.500,0,-0.0958,0.5196,0.1516,301.34,310.30,59.63,0.1401,0.6500,0.2057,280.59,83.77,249.43,0.0541,0.9218,0.1375,1.23,2.62,0.01,0.0000,1.0000,0.5000,0.00,0.00,0.00,0.0541,0.9218,0.1375,0.0457,-0.0215,0.9987,17.27,0
1.1001,CoreSystemMain,0.500,0,-0.0949,0.5171,0.1501,303.32,311.52,60.22,0.1402,0.6503,0.2049,281.00,81.21,251.13,0.0541,0.9219,0.1371,1.19,2.56,0.00,0.0000,1.0000,0.5000,0.00,0.00,0.00,0.0541,0.9219,0.1371,0.0447,-0.0208,0.9988,17.17,0
1.1114,CoreSystemMain,0.500,0,-0.0933,0.5154,0.1485,304.69,312.45,59.68,0.1399,0.6514,0.2035,281.04,81.88,250.14,0.0542,0.9221,0.1367,1.15,2.49,359.99,0.0000,1.0000,0.5000,0.00,0.00,0.00,0.0542,0.9221,0.1367,0.0435,-0.0201,0.9989,17.07,0
1.1224,CoreSystemMain,0.500,0,-0.0915,0.5142,0.1470,307.38,314.74,57.21,0.1405,0.6516,0.2026,281.49,80.70,251.31,0.0542,0.9222,0.1363,1.11,2.45,359.97,0.0000,1.0000,0.5000,0.00,0.00,0.00,0.0542,0.9222,0.1363,0.0427,-0.0194,0.9989,16.98,0
1.1336,CoreSystemMain,0.500,0,-0.0904,0.5129,0.1459,308.99,316.63,55.92,0.1408,0.6524,0.2015,282.39,80.47,251.21,0.0542,0.9223,0.1359,1.10,2.40,359.94,0.0000,1.0000,0.5000,0.00,0.00,0.00,0.0542,0.9223,0.1359,0.0419,-0.0191,0.9989,16.91,0
1.1446,CoreSystemMain,0.500,0,-0.0897,0.5118,0.1448,310.93,319.47,54.01,0.1410,0.6529,0.2009,283.49,80.47,250.84,0.0542,0.9224,0.1357,1.09,2.37,359.90,0.0000,1.0000,0.5000,0.00,0.00,0.00,0.0542,0.9224,0.1357,0.0413,-0.0191,0.9990,16.87,0
1.1559,CoreSystemMain,0.500,0,-0.0891,0.5107,0.1433,312.51,321.91,52.63,0.1413,0.6541,0.1996,284.18,83.34,247.65,0.0542,0.9224,0.1352,1.08,2.33,359.85,0.0000,1.0000,0.5000,0.00,0.00,0.00,0.0542,0.9224,0.1352,0.0406,-0.0188,0.9990,16.81,0
1.1668,CoreSystemMain,0.500,0,-0.0883,0.5096,0.1411,313.40,323.21,52.23,0.1417,0.6548,0.1986,284.76,85.14,245.08,0.0542,0.9224,0.1348,1.08,2.30,359.83,0.0000,1.0000,0.5000,0.00,0.00,0.00,0.0542,0.9224,0.1348,0.0401,-0.0189,0.9990,16.78,0
1.1779,CoreSystemMain,0.500,0,-0.0873,0.5086,0.1388,313.97,323.22,53.06,0.1422,0.6552,0.1978,284.78,87.19,242.50,0.0543,0.9225,0.1345,1.10,2.25,359.81,0.0000,1.0000,0.5000,0.00,0.00,0.00,0.0543,0.9225,0.1345,0.0393,-0.0192,0.9990,16.76,0
1.1891,CoreSystemMain,0.500,0,-0.0862,0.5074,0.1371,314.22,322.88,54.37,0.1425,0.6559,0.1977,284.58,88.63,240.61,0.0543,0.9225,0.1342,1.11,2.23,359.79,0.0000,1.0000,0.5000,0.00,0.00,0.00,0.0543,0.9225,0.1342,0.0388,-0.0194,0.9991,16.73,0
1.2000,CoreSystemMain,0.500,0,-0.0853,0.5058,0.1348,314.15,322.55,55.93,0.1428,0.6559,0.1973,284.29,89.15,240.23,0.0543,0.9226,0.1338,1.11,2.21,359.78,0.0000,1.0000,0.5000,0.00,0.00,0.00,0.0543,0.9226,0.1338,0.0385,-0.0194,0.9991,16.71,0
1.2114,CoreSystemMain,0.500,0,-0.0844,0.5036,0.1324,313.16,321.87,58.41,0.1432,0.6550,0.1977,283.27,87.80,242.56,0.0544,0.9226,0.1335,1.10,2.19,359.77,0.0000,1.0000,0.5000,0.00,0.00,0.00,0.0544,0.9226,0.1335,0.0383,-0.0192,0.9991,16.68,0
1.2224,CoreSystemMain,0.500,0,-0.0837,0.5014,0.1299,312.64,321.61,60.85,0.1433,0.6548,0.1976,282.88,86.95,243.66,0.0545,0.9226,0.1332,1.10,2.19,359.73,0.0000,1.0000,0.5000,0.00,0.00,0.00,0.0545,0.9226,0.1332,0.0382,-0.0192,0.9991,16.66,0
1.2335,CoreSystemMain,0.500,0,-0.0831,0.4996,0.1279,311.83,321.46,63.03,0.1432,0.6543,0.1978,282.51,85.45,245.87,0.0545,0.9226,0.1328,1.08,2.20,359.70,0.0000,1.0000,0.5000,0.00,0.00,0.00,0.0545,0.9226,0.1328,0.0384,-0.0189,0.9991,16.65,0
1.2450,CoreSystemMain,0.500,0,-0.0819,0.4991,0.1264,311.05,323.28,62.15,0.1429,0.6538,0.1982,282.28,83.49,248.30,0.0546,0.9227,0.1326,1.09,2.20,359.69,0.0000,1.0000,0.5000,0.00,0.00,0.00,0.0546,0.9227,0.1326,0.0383,-0.0189,0.9991,16.64,0
1.2559,CoreSystemMain,0.500,0,-0.0802,0.5001,0.1254,310.67,326.02,59.21,0.1426,0.6528,0.1989,281.87,80.67,251.14,0.0546,0.9227,0.1323,1.09,2.21,359.68,0.0000,1.0000,0.5000,0.00,0.00,0.00,0.0546,0.9227,0.1323,0.0386,-0.0190,0.9991,16.64,0
1.2670,CoreSystemMain,0.500,0,-0.0784,0.5007,0.1247,310.50,327.83,57.17,0.1424,0.6520,0.1993,281.75,78.57,253.04,0.0546,0.9227,0.1320,1.10,2.23,359.70,0.0000,1.0000,0.5000,0.00,0.00,0.00,0.0546,0.9227,0.1320,0.0389,-0.0192,0.9991,16.65,0
1.2779,CoreSystemMain,0.500,0,-0.0772,0.5006,0.1237,310.14,329.05,56.23,0.1423,0.6514,0.1998,281.63,77.45,254.29,0.0547,0.9227,0.1318,1.12,2.24,359.71,0.0000,1.0000,0.5000,0.00,0.00,0.00,0.0547,0.9227,0.1318,0.0391,-0.0196,0.9990,16.67,0
1.2893,CoreSystemMain,0.500,0,-0.0765,0.5008,0.1235,309.29,330.76,55.05,0.1423,0.6509,0.2004,281.72,78.25,254.18,0.0547,0.9226,0.1315,1.14,2.27,359.73,0.0000,1.0000,0.5000,0.00,0.00,0.00,0.0547,0.9226,0.1315,0.0396,-0.0200,0.9990,16.70,0
1.3001,CoreSystemMain,0.500,0,-0.0756,0.5007,0.1231,308.62,331.73,53.91,0.1424,0.6505,0.2008,281.99,80.26,252.54,0.0546,0.9226,0.1312,1.18,2.31,359.73,0.0000,1.0000,0.5000,0.00,0.00,0.00,0.0546,0.9226,0.1312,0.0402,-0.0207,0.9990,16.75,0
1.3115,CoreSystemMain,0.500,0,-0.0742,0.5016,0.1229,307.91,332.04,52.47,0.1423,0.6501,0.2011,282.14,81.68,251.32,0.0546,0.9225,0.1310,1.24,2.33,359.73,0.0000,1.0000,0.5000,0.00,0.00,0.00,0.0546,0.9225,0.1310,0.0406,-0.0216,0.9989,16.80,0
1.3224,CoreSystemMain,0.500,0,-0.0732,0.5017,0.1222,307.05,331.74,51.50,0.1424,0.6499,0.2013,282.22,82.46,250.93,0.0546,0.9225,0.1308,1.29,2.37,359.73,0.0000,1.0000,0.5000,0.00,0.00,0.00,0.0546,0.9225,0.1308,0.0413,-0.0224,0.9989,16.86,0
1.3335,CoreSystemMain,0.500,0,-0.0725,0.5020,0.1213,305.86,329.60,52.78,0.1427,0.6497,0.2015,282.19,81.44,251.96,0.0545,0.9224,0.1306,1.30,2.39,359.75,0.0000,1.0000,0.5000,0.00,0.00,0.00,0.0545,0.9224,0.1306,0.0417,-0.0227,0.9989,16.88,0
1.3446,CoreSystemMain,0.500,0,-0.0716,0.5023,0.1208,305.26,329.25,53.08,0.1428,0.6496,0.2015,282.19,80.83,252.54,0.0545,0.9224,0.1304,1.31,2.41,359.78,0.0000,1.0000,0.5000,0.00,0.00,0.00,0.0545,0.9224,0.1304,0.0421,-0.0228,0.9989,16.89,0
1.3557,CoreSystemMain,0.500,0,-0.0709,0.5026,0.1202,304.86,328.94,53.16,0.1429,0.6494,0.2014,282.19,79.97,253.16,0.0544,0.9224,0.1302,1.33,2.44,359.80,0.0000,1.0000,0.5000,0.00,0.00,0.00,0.0544,0.9224,0.1302,0.0425,-0.0231,0.9988,16.91,0
1.3671,CoreSystemMain,0.500,0,-0.0693,0.5045,0.1201,305.57,328.01,54.20,0.1433,0.6490,0.2008,281.97,78.94,254.41,0.0543,0.9224,0.1300,1.32,2.45,359.81,0.0000,1.0000,0.5000,0.00,0.00,0.00,0.0543,0.9224,0.1300,0.0428,-0.0231,0.9988,16.89,0
1.3779,CoreSystemMain,0.500,0,-0.0676,0.5065,0.1204,306.40,328.64,54.93,0.1437,0.6485,0.2002,281.95,78.97,254.11,0.0542,0.9224,0.1299,1.33,2.46,359.83,0.0000,1.0000,0.5000,0.00,0.00,0.00,0.0542,0.9224,0.1299,0.0429,-0.0232,0.9988,16.89,0
1.3892,CoreSystemMain,0.500,0,-0.0666,0.5086,0.1215,307.28,329.81,56.00,0.1435,0.6485,0.2001,282.00,80.01,251.97,0.0541,0.9224,0.1298,1.34,2.46,359.83,0.0000,1.0000,0.5000,0.00,0.00,0.00,0.0541,0.9224,0.1298,0.0429,-0.0234,0.9988,16.88,0
1.4003,CoreSystemMain,0.500,0,-0.0660,0.5098,0.1221,307.95,330.71,57.01,0.1431,0.6489,0.2004,282.49,81.17,250.73,0.0540,0.9224,0.1296,1.36,2.47,359.84,0.0000,1.0000,0.5000,0.00,0.00,0.00,0.0540,0.9224,0.1296,0.0431,-0.0237,0.9988,16.89,0
1.4114,CoreSystemMain,0.500,0,-0.0652,0.5104,0.1228,308.39,330.64,57.79,0.1426,0.6493,0.2007,283.18,82.01,251.66,0.0539,0.9224,0.1295,1.38,2.47,359.84,0.0000,1.0000,0.5000,0.00,0.00,0.00,0.0539,0.9224,0.1295,0.0431,-0.0240,0.9988,16.89,0
1.4225,CoreSystemMain,0.500,1,-0.0640,0.5111,0.1232,308.47,330.56,58.12,0.1424,0.6494,0.2008,283.55,81.99,252.68,0.0538,0.9224,0.1294,1.40,2.46,359.83,0.0000,1.0000,0.5000,0.00,0.00,0.00,0.0538,0.9224,0.1294,0.0430,-0.0245,0.9988,16.90,0
1.4451,CoreSystemMain,0.500,1,-0.0627,0.5121,0.1240,308.17,330.01,57.92,0.1424,0.6493,0.2010,283.87,81.58,253.43,0.0536,0.9223,0.1294,1.42,2.46,359.84,0.0000,1.0000,0.5000,0.00,0.00,0.00,0.0536,0.9223,0.1294,0.0428,-0.0248,0.9988,16.90,0
1.4526,CoreSystemMain,0.500,1,-0.0615,0.5135,0.1251,307.65,329.24,58.06,0.1424,0.6489,0.2008,283.32,80.81,253.16,0.0534,0.9223,0.1293,1.47,2.45,359.85,0.0001,1.0000,0.5000,0.00,0.00,0.00,0.0534,0.9223,0.1293,0.0428,-0.0256,0.9988,16.91,0
1.4561,CoreSystemMain,0.500,1,-0.0606,0.5144,0.1254,307.26,328.72,58.34,0.1424,0.6485,0.2006,282.65,80.85,252.54,0.0534,0.9222,0.1293,1.50,2.43,359.86,0.0000,1.0000,0.5000,0.00,0.00,0.00,0.0534,0.9222,0.1293,0.0423,-0.0261,0.9988,16.92,0
1.4671,CoreSystemMain,0.500,1,-0.0598,0.5153,0.1257,306.85,328.34,58.84,0.1423,0.6483,0.2005,282.10,80.94,252.12,0.0532,0.9222,0.1292,1.54,2.40,359.87,-0.0002,1.0000,0.5000,0.00,0.00,0.00,0.0532,0.9222,0.1292,0.0418,-0.0268,0.9988,16.93,0
1.4780,CoreSystemMain,0.500,1,-0.0587,0.5167,0.1261,306.13,327.89,59.64,0.1419,0.6480,0.2003,280.84,82.08,251.23,0.0530,0.9221,0.1291,1.58,2.36,359.90,-0.0011,1.0000,0.4997,0.00,0.00,0.00,0.0530,0.9221,0.1291,0.0412,-0.0277,0.9988,17.03,0
1.4891,CoreSystemMain,0.500,1,-0.0578,0.5179,0.1266,305.58,327.52,60.22,0.1413,0.6478,0.2002,280.90,80.89,252.26,0.0528,0.9220,0.1292,1.64,2.31,359.92,-0.0027,0.9999,0.4993,0.00,0.00,0.00,0.0528,0.9220,0.1292,0.0403,-0.0286,0.9988,17.19,0
1.5002,CoreSystemMain,0.500,1,-0.0569,0.5196,0.1272,304.82,327.64,59.73,0.1409,0.6478,0.2006,281.01,84.68,251.27,0.0527,0.9219,0.1291,1.69,2.28,359.93,-0.0040,0.9998,0.4990,0.00,0.00,0.00,0.0527,0.9219,0.1291,0.0398,-0.0295,0.9988,17.34,0
1.5114,CoreSystemMain,0.500,1,-0.0560,0.5207,0.1278,304.44,327.78,59.74,0.1408,0.6476,0.2007,281.04,86.50,250.30,0.0525,0.9218,0.1291,1.75,2.23,359.94,-0.0041,0.9998,0.4990,0.00,0.00,0.00,0.0525,0.9218,0.1291,0.0389,-0.0305,0.9988,17.35,0
1.5225,CoreSystemMain,0.500,1,-0.0554,0.5221,0.1290,304.20,328.36,59.39,0.1405,0.6472,0.2011,281.59,90.13,248.15,0.0523,0.9216,0.1292,1.82,2.19,359.94,-0.0037,0.9998,0.4991,0.00,0.00,0.00,0.0523,0.9216,0.1292,0.0381,-0.0317,0.9988,17.34,0
1.5335,CoreSystemMain,0.500,1,-0.0548,0.5227,0.1295,304.04,328.59,59.20,0.1406,0.6467,0.2011,281.75,90.50,247.72,0.0520,0.9214,0.1293,1.88,2.15,359.95,-0.0021,1.0000,0.4992,0.00,0.00,0.00,0.0520,0.9214,0.1293,0.0374,-0.0328,0.9988,17.24,0
1.5509,CoreSystemMain,0.500,1,-0.0535,0.5242,0.1313,303.91,328.52,59.00,0.1407,0.6444,0.2005,280.06,87.94,248.08,0.0517,0.9212,0.1295,2.00,2.05,359.95,-0.0009,1.0002,0.4993,0.00,0.00,0.00,0.0517,0.9212,0.1295,0.0357,-0.0349,0.9988,17.20,0
1.5555,CoreSystemMain,0.500,1,-0.0532,0.5246,0.1315,303.90,328.24,59.35,0.1407,0.6438,0.2003,279.24,87.82,247.95,0.0516,0.9211,0.1295,2.05,2.01,359.96,-0.0019,1.0001,0.4989,0.00,0.00,0.00,0.0516,0.9211,0.1295,0.0350,-0.0357,0.9987,17.30,0
1.5667,CoreSystemMain,0.500,1,-0.0525,0.5255,0.1322,304.00,327.02,61.12,0.1402,0.6427,0.2001,278.46,86.61,248.75,0.0513,0.9210,0.1297,2.10,1.95,-0.01,-0.0024,1.0001,0.4988,0.00,0.00,0.00,0.0513,0.9210,0.1297,0.0340,-0.0367,0.9987,17.36,0
1.5781,CoreSystemMain,0.500,1,-0.0517,0.5264,0.1328,304.22,325.77,63.13,0.1396,0.6414,0.2002,277.86,84.76,250.63,0.0511,0.9209,0.1297,2.15,1.90,0.01,-0.0044,0.9998,0.4984,0.00,0.00,0.00,0.0511,0.9209,0.1297,0.0332,-0.0375,0.9987,17.53,0
1.5935,CoreSystemMain,0.500,1,-0.0510,0.5274,0.1338,304.84,324.46,65.64,0.1388,0.6399,0.2017,278.42,80.55,256.26,0.0507,0.9205,0.1300,2.28,1.78,0.08,-0.0067,0.9995,0.4982,0.00,0.00,0.00,0.0507,0.9205,0.1300,0.0310,-0.0398,0.9987,17.74,0
1.5999,CoreSystemMain,0.500,1,-0.0504,0.5280,0.1342,304.82,324.16,66.19,0.1385,0.6393,0.2020,278.45,79.77,257.40,0.0506,0.9204,0.1301,2.31,1.74,0.13,-0.0078,0.9988,0.4988,0.00,0.00,0.00,0.0506,0.9204,0.1301,0.0303,-0.0403,0.9987,17.73,0
1.6111,CoreSystemMain,0.500,1,-0.0497,0.5290,0.1346,305.20,324.31,66.63,0.1379,0.6373,0.2041,279.68,76.81,262.36,0.0503,0.9202,0.1302,2.40,1.66,0.15,-0.0081,0.9985,0.4991,0.00,0.00,0.00,0.0503,0.9202,0.1302,0.0290,-0.0418,0.9987,17.75,0
1.6224,CoreSystemMain,0.500,1,-0.0491,0.5298,0.1350,305.38,324.30,66.97,0.1375,0.6361,0.2049,279.96,75.02,264.68,0.0501,0.9200,0.1304,2.47,1.63,0.19,-0.0070,0.9976,0.5009,0.00,0.00,0.00,0.0501,0.9200,0.1304,0.0284,-0.0431,0.9987,17.53,0
1.6404,CoreSystemMain,0.500,1,-0.0480,0.5306,0.1359,305.88,324.93,66.61,0.1370,0.6310,0.2078,280.24,61.91,277.88,0.0498,0.9196,0.1307,2.63,1.53,0.19,-0.0058,0.9966,0.5029,0.00,0.00,0.00,0.0498,0.9196,0.1307,0.0267,-0.0459,0.9986,17.34,0
1.6443,CoreSystemMain,0.500,1,-0.0477,0.5309,0.1361,305.92,324.86,66.80,0.1369,0.6305,0.2081,280.28,61.09,278.83,0.0497,0.9196,0.1308,2.67,1.51,0.19,-0.0047,0.9931,0.5091,0.00,0.00,0.00,0.0497,0.9196,0.1308,0.0264,-0.0465,0.9986,16.63,0
1.6557,CoreSystemMain,0.500,1,-0.0469,0.5311,0.1368,306.38,324.98,67.03,0.1366,0.6269,0.2103,280.01,48.54,290.50,0.0495,0.9193,0.1310,2.80,1.48,0.19,-0.0045,0.9926,0.5100,0.00,0.00,0.00,0.0495,0.9193,0.1310,0.0259,-0.0489,0.9985,16.64,0
1.6667,CoreSystemMain,0.500,1,-0.0463,0.5314,0.1373,306.70,325.08,67.36,0.1360,0.6237,0.2122,280.24,37.10,301.79,0.0493,0.9191,0.1311,2.91,1.47,0.20,-0.0061,0.9895,0.5145,0.00,0.00,0.00,0.0493,0.9191,0.1311,0.0256,-0.0508,0.9984,16.37,0
1.6891,CoreSystemMain,0.500,1,-0.0445,0.5325,0.1384,307.17,325.08,69.03,0.1346,0.6146,0.2189,283.78,23.36,317.41,0.0491,0.9186,0.1314,3.17,1.45,0.21,-0.0090,0.9855,0.5200,0.00,0.00,0.00,0.0491,0.9186,0.1314,0.0253,-0.0553,0.9981,16.22,0
1.6930,CoreSystemMain,0.500,1,-0.0442,0.5326,0.1383,307.07,325.15,69.34,0.1346,0.6124,0.2210,285.07,24.80,317.06,0.0490,0.9184,0.1315,3.26,1.44,0.24,-0.0132,0.9682,0.5443,0.00,0.00,0.00,0.0490,0.9184,0.1315,0.0252,-0.0568,0.9981,14.18,0
1.7001,CoreSystemMain,0.500,1,-0.0438,0.5328,0.1385,307.03,325.16,69.71,0.1345,0.6102,0.2228,286.19,24.91,317.73,0.0489,0.9182,0.1317,3.35,1.44,0.25,-0.0130,0.9669,0.5463,0.00,0.00,0.00,0.0489,0.9182,0.1317,0.0250,-0.0585,0.9980,14.06,0
1.7112,CoreSystemMain,0.500,1,-0.0428,0.5334,0.1390,306.94,325.03,70.41,0.1344,0.6055,0.2268,288.69,25.70,318.83,0.0487,0.9178,0.1318,3.47,1.42,0.28,-0.0118,0.9637,0.5511,0.00,0.00,0.00,0.0487,0.9178,0.1318,0.0248,-0.0606,0.9979,13.63,0
1.7221,CoreSystemMain,0.500,1,-0.0420,0.5336,0.1395,306.64,324.80,70.67,0.1363,0.5990,0.2317,291.74,26.17,319.71,0.0486,0.9175,0.1321,3.63,1.42,0.30,-0.0060,0.9560,0.5628,0.00,0.00,0.00,0.0486,0.9175,0.1321,0.0248,-0.0633,0.9977,12.27,0
1.7333,CoreSystemMain,0.500,1,-0.0408,0.5339,0.1400,306.59,324.47,70.38,0.1375,0.5921,0.2354,295.26,23.02,322.66,0.0485,0.9173,0.1322,3.72,1.43,0.30,0.0019,0.9469,0.5760,0.00,0.00,0.00,0.0485,0.9173,0.1322,0.0250,-0.0649,0.9976,10.57,0
1.7444,CoreSystemMain,0.500,1,-0.0397,0.5344,0.1407,306.69,324.36,69.88,0.1378,0.5868,0.2383,297.69,20.00,325.50,0.0484,0.9170,0.1324,3.88,1.44,0.31,0.0074,0.9354,0.5901,0.00,0.00,0.00,0.0484,0.9170,0.1324,0.0251,-0.0677,0.9974,9.00,0
1.7557,CoreSystemMain,0.500,1,-0.0388,0.5347,0.1413,306.78,324.56,68.66,0.1378,0.5797,0.2409,300.09,16.22,329.22,0.0481,0.9165,0.1328,4.14,1.45,0.28,0.0098,0.9245,0.6017,0.00,0.00,0.00,0.0481,0.9165,0.1328,0.0252,-0.0722,0.9971,7.97,0
1.7666,CoreSystemMain,0.500,1,-0.0379,0.5352,0.1418,306.90,324.96,67.48,0.1378,0.5741,0.2435,302.02,14.80,330.83,0.0479,0.9161,0.1331,4.34,1.45,0.25,0.0099,0.9127,0.6126,0.00,0.00,0.00,0.0479,0.9161,0.1331,0.0252,-0.0756,0.9968,7.15,0
1.7777,CoreSystemMain,0.500,1,-0.0370,0.5356,0.1425,306.88,325.65,66.07,0.1382,0.5677,0.2457,304.00,14.21,331.32,0.0478,0.9158,0.1333,4.48,1.44,0.23,0.0098,0.9025,0.6212,0.00,0.00,0.00,0.0478,0.9158,0.1333,0.0251,-0.0781,0.9966,6.57,0
1.7891,CoreSystemMain,0.500,1,-0.0365,0.5357,0.1430,306.44,326.40,64.82,0.1391,0.5621,0.2472,305.71,15.14,330.56,0.0475,0.9153,0.1337,4.66,1.41,0.23,0.0096,0.8926,0.6288,0.00,0.00,0.00,0.0475,0.9153,0.1337,0.0245,-0.0812,0.9964,6.12,0
1.7999,CoreSystemMain,0.500,1,-0.0359,0.5363,0.1434,306.04,326.35,64.68,0.1397,0.5564,0.2498,308.01,16.22,330.10,0.0473,0.9149,0.1341,4.81,1.36,0.25,0.0105,0.8837,0.6352,0.00,0.00,0.00,0.0473,0.9149,0.1341,0.0237,-0.0838,0.9962,5.69,0
1.8110,CoreSystemMain,0.500,1,-0.0357,0.5368,0.1434,305.27,325.70,65.34,0.1406,0.5512,0.2511,310.10,18.29,328.92,0.0471,0.9146,0.1345,4.90,1.33,0.29,0.0127,0.8748,0.6414,0.00,0.00,0.00,0.0471,0.9146,0.1345,0.0231,-0.0854,0.9961,5.21,0
1.8222,CoreSystemMain,0.500,1,-0.0355,0.5372,0.1432,304.61,324.61,66.56,0.1415,0.5460,0.2519,311.97,18.94,328.99,0.0469,0.9144,0.1349,4.97,1.27,0.33,0.0169,0.8657,0.6473,0.00,0.00,0.00,0.0469,0.9144,0.1349,0.0222,-0.0866,0.9960,4.62,0
1.8334,CoreSystemMain,0.500,1,-0.0352,0.5374,0.1431,304.18,323.62,67.62,0.1420,0.5406,0.2525,313.27,18.16,329.88,0.0466,0.9142,0.1355,5.04,1.21,0.38,0.0215,0.8570,0.6523,0.00,0.00,0.00,0.0466,0.9142,0.1355,0.0211,-0.0879,0.9959,4.18,0
1.8443,CoreSystemMain,0.500,1,-0.0354,0.5372,0.1428,303.86,322.25,69.07,0.1419,0.5354,0.2513,312.91,16.01,332.31,0.0464,0.9139,0.1359,5.16,1.15,0.41,0.0244,0.8492,0.6562,0.00,0.00,0.00,0.0464,0.9139,0.1359,0.0200,-0.0900,0.9957,4.05,0
1.8554,CoreSystemMain,0.500,1,-0.0352,0.5377,0.1432,304.01,322.03,69.63,0.1414,0.5311,0.2509,312.63,14.43,334.28,0.0462,0.9136,0.1364,5.26,1.11,0.46,0.0256,0.8434,0.6587,0.00,0.00,0.00,0.0462,0.9136,0.1364,0.0193,-0.0917,0.9956,4.11,0
1.8666,CoreSystemMain,0.500,1,-0.0352,0.5380,0.1438,304.08,322.48,69.11,0.1412,0.5269,0.2502,312.68,13.17,335.64,0.0460,0.9132,0.1368,5.44,1.05,0.48,0.0262,0.8384,0.6606,0.00,0.00,0.00,0.0460,0.9132,0.1368,0.0182,-0.0947,0.9953,4.17,0
1.8777,CoreSystemMain,0.500,1,-0.0354,0.5383,0.1445,304.46,323.51,67.38,0.1411,0.5233,0.2494,313.25,12.87,335.84,0.0458,0.9127,0.1374,5.67,0.97,0.49,0.0264,0.8338,0.6621,0.00,0.00,0.00,0.0458,0.9127,0.1374,0.0169,-0.0989,0.9950,4.20,0
1.8889,CoreSystemMain,0.500,1,-0.0353,0.5383,0.1450,304.86,324.22,66.27,0.1410,0.5208,0.2484,313.85,13.50,335.11,0.0455,0.9121,0.1379,5.93,0.90,0.50,0.0264,0.8295,0.6631,0.00,0.00,0.00,0.0455,0.9121,0.1379,0.0157,-0.1034,0.9945,4.22,0
1.9001,CoreSystemMain,0.500,1,-0.0352,0.5384,0.1454,305.49,325.02,65.50,0.1409,0.5185,0.2470,314.63,14.24,334.20,0.0453,0.9115,0.1384,6.19,0.82,0.51,0.0266,0.8257,0.6639,0.00,0.00,0.00,0.0453,0.9115,0.1384,0.0142,-0.1078,0.9941,4.19,0
1.9111,CoreSystemMain,0.500,1,-0.0361,0.5379,0.1460,305.52,325.73,64.69,0.1408,0.5164,0.2454,315.31,14.29,334.41,0.0451,0.9109,0.1389,6.47,0.71,0.50,0.0268,0.8222,0.6644,0.00,0.00,0.00,0.0451,0.9109,0.1389,0.0122,-0.1127,0.9936,4.09,0
1.9222,CoreSystemMain,0.500,1,-0.0364,0.5379,0.1460,305.77,325.74,65.13,0.1406,0.5150,0.2435,315.54,13.85,334.94,0.0449,0.9103,0.1394,6.69,0.58,0.50,0.0271,0.8188,0.6647,0.00,0.00,0.00,0.0449,0.9103,0.1394,0.0101,-0.1165,0.9931,4.05,0
1.9333,CoreSystemMain,0.500,1,-0.0368,0.5379,0.1460,305.66,325.25,65.91,0.1403,0.5137,0.2420,315.58,13.16,335.61,0.0446,0.9098,0.1400,6.89,0.47,0.46,0.0273,0.8156,0.6647,0.00,0.00,0.00,0.0446,0.9098,0.1400,0.0081,-0.1199,0.9928,4.02,0
1.9445,CoreSystemMain,0.500,1,-0.0370,0.5379,0.1459,305.64,324.33,67.22,0.1401,0.5125,0.2407,315.51,12.66,335.87,0.0444,0.9093,0.1405,7.04,0.38,0.42,0.0272,0.8129,0.6645,0.00,0.00,0.00,0.0444,0.9093,0.1405,0.0066,-0.1226,0.9924,4.05,0
1.9555,CoreSystemMain,0.500,1,-0.0373,0.5378,0.1459,305.30,323.69,67.95,0.1397,0.5124,0.2389,314.92,12.35,335.51,0.0442,0.9089,0.1411,7.19,0.27,0.34,0.0270,0.8106,0.6642,0.00,0.00,0.00,0.0442,0.9089,0.1411,0.0047,-0.1251,0.9921,4.06,0
1.9667,CoreSystemMain,0.500,1,-0.0377,0.5377,0.1456,305.26,323.52,68.55,0.1390,0.5146,0.2367,313.31,12.30,334.55,0.0441,0.9085,0.1416,7.31,0.20,0.30,0.0264,0.8091,0.6637,0.00,0.00,0.00,0.0441,0.9085,0.1416,0.0034,-0.1273,0.9919,4.05,0
1.9780,CoreSystemMain,0.500,1,-0.0378,0.5377,0.1456,305.30,323.54,68.66,0.1388,0.5139,0.2358,313.08,12.20,334.47,0.0440,0.9080,0.1423,7.48,0.11,0.25,0.0257,0.8084,0.6632,0.00,0.00,0.00,0.0440,0.9080,0.1423,0.0018,-0.1302,0.9915,3.93,0
1.9890,CoreSystemMain,0.500,1,-0.0379,0.5374,0.1455,305.33,324.18,67.99,0.1380,0.5166,0.2341,311.53,12.31,334.56,0.0439,0.9076,0.1429,7.68,0.03,0.22,0.0249,0.8079,0.6626,0.00,0.00,0.00,0.0439,0.9076,0.1429,0.0006,-0.1336,0.9910,3.80,0
1.9999,CoreSystemMain,0.500,1,-0.0380,0.5373,0.1457,305.14,324.35,67.66,0.1377,0.5161,0.2332,311.32,12.18,334.82,0.0438,0.9071,0.1435,7.87,359.95,0.18,0.0243,0.8082,0.6621,0.00,0.00,0.00,0.0438,0.9071,0.1435,-0.0009,-0.1370,0.9906,3.58,0
2.0112,CoreSystemMain,0.500,1,-0.0380,0.5368,0.1457,305.03,324.74,66.86,0.1373,0.5174,0.2324,310.90,12.09,335.52,0.0437,0.9064,0.1440,8.17,359.88,0.15,0.0238,0.8085,0.6616,0.00,0.00,0.00,0.0437,0.9064,0.1440,-0.0020,-0.1420,0.9899,3.27,0
2.0222,CoreSystemMain,0.500,1,-0.0380,0.5364,0.1459,304.97,324.93,66.15,0.1371,0.5179,0.2318,310.84,12.07,335.74,0.0437,0.9059,0.1444,8.40,359.83,0.13,0.0235,0.8089,0.6611,0.00,0.00,0.00,0.0437,0.9059,0.1444,-0.0029,-0.1461,0.9893,3.03,0
2.0333,CoreSystemMain,0.500,1,-0.0380,0.5358,0.1462,305.16,324.80,65.90,0.1368,0.5190,0.2313,310.71,12.10,335.34,0.0437,0.9051,0.1449,8.80,359.77,0.12,0.0233,0.8091,0.6607,0.00,0.00,0.00,0.0437,0.9051,0.1449,-0.0040,-0.1531,0.9882,2.64,0
2.0444,CoreSystemMain,0.500,1,-0.0380,0.5355,0.1464,305.25,324.79,65.70,0.1364,0.5198,0.2309,310.67,11.93,335.07,0.0436,0.9043,0.1453,9.18,359.70,0.10,0.0230,0.8094,0.6602,0.00,0.00,0.00,0.0436,0.9043,0.1453,-0.0052,-0.1596,0.9872,2.33,0
2.0555,CoreSystemMain,0.500,1,-0.0378,0.5349,0.1468,305.94,324.84,65.64,0.1362,0.5200,0.2307,310.64,11.92,334.86,0.0436,0.9036,0.1457,9.56,359.62,0.08,0.0225,0.8097,0.6598,0.00,0.00,0.00,0.0436,0.9036,0.1457,-0.0065,-0.1661,0.9861,2.09,0
2.0668,CoreSystemMain,0.500,1,-0.0377,0.5344,0.1472,306.54,325.20,65.55,0.1360,0.5199,0.2306,310.67,11.89,334.96,0.0435,0.9029,0.1460,9.89,359.60,0.06,0.0221,0.8099,0.6586,0.00,0.00,0.00,0.0435,0.9029,0.1460,-0.0069,-0.1717,0.9851,2.00,0
2.0778,CoreSystemMain,0.500,1,-0.0377,0.5340,0.1475,306.88,325.58,65.29,0.1358,0.5197,0.2305,310.71,11.91,335.16,0.0435,0.9023,0.1464,10.20,359.54,0.02,0.0216,0.8100,0.6576,0.00,0.00,0.00,0.0435,0.9023,0.1464,-0.0079,-0.1771,0.9842,1.96,0
2.0888,CoreSystemMain,0.500,1,-0.0376,0.5334,0.1481,307.43,326.67,64.20,0.1360,0.5194,0.2313,311.01,12.24,335.47,0.0434,0.9015,0.1467,10.55,359.50,0.00,0.0213,0.8101,0.6572,0.00,0.00,0.00,0.0434,0.9015,0.1467,-0.0086,-0.1831,0.9831,1.98,0
2.0999,CoreSystemMain,0.500,1,-0.0375,0.5330,0.1486,307.72,327.40,63.17,0.1362,0.5190,0.2318,311.18,12.79,335.46,0.0433,0.9008,0.1469,10.89,359.44,359.97,0.0213,0.8101,0.6569,0.00,0.00,0.00,0.0433,0.9008,0.1469,-0.0096,-0.1889,0.9820,2.05,0
2.1111,CoreSystemMain,0.500,1,-0.0376,0.5322,0.1496,307.84,328.22,61.25,0.1365,0.5188,0.2328,311.43,13.55,335.27,0.0432,0.9001,0.1473,11.22,359.37,359.95,0.0213,0.8102,0.6567,0.00,0.00,0.00,0.0432,0.9001,0.1473,-0.0108,-0.1945,0.9808,2.17,0
2.1221,CoreSystemMain,0.500,1,-0.0376,0.5316,0.1506,307.75,328.54,59.12,0.1372,0.5181,0.2335,311.80,13.80,335.05,0.0431,0.8995,0.1475,11.47,359.30,359.92,0.0215,0.8101,0.6566,0.00,0.00,0.00,0.0431,0.8995,0.1475,-0.0119,-0.1988,0.9800,2.28,0
2.1333,CoreSystemMain,0.500,1,-0.0376,0.5310,0.1513,307.48,327.88,56.69,0.1377,0.5175,0.2341,312.15,13.81,334.92,0.0430,0.8990,0.1478,11.66,359.24,359.89,0.0217,0.8100,0.6565,0.00,0.00,0.00,0.0430,0.8990,0.1478,-0.0129,-0.2020,0.9793,2.37,0
2.1446,CoreSystemMain,0.500,1,-0.0376,0.5303,0.1521,307.29,327.08,55.37,0.1379,0.5170,0.2345,312.39,13.80,334.99,0.0429,0.8986,0.1481,11.81,359.22,359.87,0.0218,0.8098,0.6564,0.00,0.00,0.00,0.0429,0.8986,0.1481,-0.0133,-0.2047,0.9787,2.47,0
2.1554,CoreSystemMain,0.500,1,-0.0380,0.5298,0.1531,306.87,325.65,55.92,0.1385,0.5162,0.2351,312.76,13.69,334.93,0.0428,0.8984,0.1484,11.86,359.20,359.84,0.0220,0.8096,0.6563,0.00,0.00,0.00,0.0428,0.8984,0.1484,-0.0137,-0.2056,0.9785,2.46,0
2.1667,CoreSystemMain,0.500,1,-0.0382,0.5294,0.1538,306.81,325.30,55.65,0.1388,0.5158,0.2354,312.96,13.70,334.94,0.0427,0.8982,0.1487,11.97,359.14,359.79,0.0222,0.8092,0.6562,0.00,0.00,0.00,0.0427,0.8982,0.1487,-0.0146,-0.2073,0.9782,2.49,0
2.1777,CoreSystemMain,0.500,1,-0.0389,0.5292,0.1542,306.48,324.69,55.98,0.1392,0.5153,0.2358,312.94,13.74,335.08,0.0426,0.8979,0.1490,12.05,359.12,359.78,0.0224,0.8089,0.6562,0.00,0.00,0.00,0.0426,0.8979,0.1490,-0.0149,-0.2088,0.9779,2.51,0
2.1887,CoreSystemMain,0.500,1,-0.0398,0.5293,0.1543,306.08,324.16,56.69,0.1395,0.5148,0.2361,312.57,13.66,335.75,0.0425,0.8978,0.1493,12.11,359.10,359.78,0.0226,0.8085,0.6562,0.00,0.00,0.00,0.0425,0.8978,0.1493,-0.0153,-0.2097,0.9776,2.50,0
2.1999,CoreSystemMain,0.500,1,-0.0400,0.5289,0.1548,306.00,323.95,56.24,0.1397,0.5143,0.2364,312.65,13.70,335.85,0.0424,0.8977,0.1495,12.17,359.08,359.77,0.0230,0.8082,0.6562,0.00,0.00,0.00,0.0424,0.8977,0.1495,-0.0156,-0.2107,0.9774,2.49,0
2.2111,CoreSystemMain,0.500,1,-0.0415,0.5291,0.1549,306.00,323.53,56.81,0.1400,0.5137,0.2366,312.37,13.61,336.64,0.0423,0.8974,0.1498,12.30,359.03,359.75,0.0234,0.8078,0.6562,0.00,0.00,0.00,0.0423,0.8974,0.1498,-0.0165,-0.2131,0.9769,2.55,0
2.2221,CoreSystemMain,0.500,1,-0.0425,0.5292,0.1555,306.38,322.86,56.65,0.1403,0.5131,0.2369,312.32,13.67,337.00,0.0421,0.8972,0.1500,12.42,358.99,359.74,0.0242,0.8074,0.6563,0.00,0.00,0.00,0.0421,0.8972,0.1500,-0.0173,-0.2150,0.9765,2.57,0
2.2333,CoreSystemMain,0.500,1,-0.0438,0.5294,0.1563,307.02,321.98,55.96,0.1407,0.5124,0.2371,312.61,13.67,337.25,0.0420,0.8970,0.1502,12.53,358.95,359.74,0.0251,0.8070,0.6564,0.00,0.00,0.00,0.0420,0.8970,0.1502,-0.0180,-0.2169,0.9760,2.59,0
2.2443,CoreSystemMain,0.500,1,-0.0450,0.5290,0.1567,307.13,321.63,55.16,0.1410,0.5118,0.2373,312.81,13.59,337.38,0.0419,0.8967,0.1504,12.63,358.89,359.74,0.0262,0.8065,0.6565,0.00,0.00,0.00,0.0419,0.8967,0.1504,-0.0189,-0.2186,0.9756,2.61,0
2.2555,CoreSystemMain,0.500,1,-0.0461,0.5285,0.1575,307.18,321.60,53.41,0.1413,0.5111,0.2375,313.29,13.32,337.66,0.0417,0.8966,0.1507,12.70,358.84,359.74,0.0271,0.8059,0.6566,0.00,0.00,0.00,0.0417,0.8966,0.1507,-0.0197,-0.2199,0.9753,2.60,0
2.2667,CoreSystemMain,0.500,1,-0.0470,0.5280,0.1581,307.38,321.61,52.02,0.1415,0.5106,0.2378,313.70,13.46,337.71,0.0416,0.8964,0.1509,12.77,358.81,359.75,0.0280,0.8052,0.6567,0.00,0.00,0.00,0.0416,0.8964,0.1509,-0.0202,-0.2211,0.9750,2.59,0
2.2778,CoreSystemMain,0.500,1,-0.0482,0.5274,0.1591,307.93,321.53,50.62,0.1419,0.5099,0.2383,314.29,14.05,337.44,0.0414,0.8961,0.1511,12.89,358.76,359.75,0.0290,0.8044,0.6569,0.00,0.00,0.00,0.0414,0.8961,0.1511,-0.0210,-0.2230,0.9746,2.62,0
2.2888,CoreSystemMain,0.500,1,-0.0489,0.5271,0.1598,308.15,321.26,49.91,0.1422,0.5094,0.2387,314.64,14.35,337.40,0.0412,0.8958,0.1514,13.01,358.72,359.77,0.0302,0.8034,0.6571,0.00,0.00,0.00,0.0412,0.8958,0.1514,-0.0218,-0.2252,0.9741,2.67,0
2.3000,CoreSystemMain,0.500,1,-0.0499,0.5269,0.1605,308.83,321.14,49.67,0.1427,0.5088,0.2393,315.47,15.42,336.63,0.0411,0.8954,0.1515,13.18,358.66,359.79,0.0316,0.8024,0.6573,0.00,0.00,0.00,0.0411,0.8954,0.1515,-0.0227,-0.2280,0.9734,2.77,0
2.3110,CoreSystemMain,0.500,1,-0.0510,0.5266,0.1608,309.05,321.01,49.03,0.1431,0.5080,0.2395,315.92,15.85,336.44,0.0409,0.8951,0.1517,13.35,358.63,359.83,0.0335,0.8010,0.6576,0.00,0.00,0.00,0.0409,0.8951,0.1517,-0.0233,-0.2309,0.9727,2.87,0
2.3221,CoreSystemMain,0.500,1,-0.0517,0.5263,0.1606,308.82,321.16,49.16,0.1433,0.5076,0.2398,316.30,16.01,336.34,0.0408,0.8947,0.1518,13.51,358.57,359.85,0.0354,0.7997,0.6579,0.00,0.00,0.00,0.0408,0.8947,0.1518,-0.0243,-0.2336,0.9720,2.98,0
2.3334,CoreSystemMain,0.500,1,-0.0527,0.5263,0.1604,308.58,321.89,49.54,0.1435,0.5072,0.2401,316.50,16.07,336.19,0.0407,0.8944,0.1519,13.62,358.53,359.87,0.0372,0.7983,0.6581,0.00,0.00,0.00,0.0407,0.8944,0.1519,-0.0249,-0.2355,0.9715,3.06,0
2.3444,CoreSystemMain,0.500,1,-0.0538,0.5260,0.1607,308.03,322.46,49.02,0.1439,0.5067,0.2403,316.66,16.03,336.07,0.0405,0.8940,0.1520,13.75,358.50,359.90,0.0386,0.7971,0.6584,0.00,0.00,0.00,0.0405,0.8940,0.1520,-0.0254,-0.2377,0.9710,3.17,0
2.3555,CoreSystemMain,0.500,1,-0.0553,0.5259,0.1604,306.97,323.35,48.91,0.1440,0.5065,0.2405,316.23,15.12,336.54,0.0404,0.8938,0.1523,13.80,358.49,359.88,0.0397,0.7960,0.6586,0.00,0.00,0.00,0.0404,0.8938,0.1523,-0.0257,-0.2385,0.9708,3.18,0
2.3666,CoreSystemMain,0.500,1,-0.0564,0.5260,0.1603,306.59,323.20,48.88,0.1442,0.5063,0.2408,316.00,14.87,336.94,0.0403,0.8937,0.1524,13.86,358.47,359.87,0.0402,0.7953,0.6587,0.00,0.00,0.00,0.0403,0.8937,0.1524,-0.0259,-0.2395,0.9705,3.22,0
2.3777,CoreSystemMain,0.500,1,-0.0576,0.5261,0.1598,306.17,322.98,48.13,0.1446,0.5060,0.2411,315.81,15.04,337.18,0.0403,0.8935,0.1526,13.92,358.46,359.88,0.0407,0.7947,0.6589,0.00,0.00,0.00,0.0403,0.8935,0.1526,-0.0261,-0.2405,0.9703,3.27,0
2.3891,CoreSystemMain,0.500,1,-0.0587,0.5266,0.1598,306.30,322.83,47.22,0.1450,0.5060,0.2415,315.76,15.44,337.26,0.0402,0.8933,0.1528,13.96,358.45,359.89,0.0413,0.7942,0.6591,0.00,0.00,0.00,0.0402,0.8933,0.1528,-0.0263,-0.2412,0.9701,3.31,0
2.3998,CoreSystemMain,0.500,1,-0.0598,0.5274,0.1602,306.21,322.64,46.02,0.1453,0.5060,0.2418,315.78,15.98,337.22,0.0401,0.8932,0.1529,14.03,358.44,359.90,0.0421,0.7937,0.6593,0.00,0.00,0.00,0.0401,0.8932,0.1529,-0.0265,-0.2424,0.9698,3.39,0
2.4112,CoreSystemMain,0.500,1,-0.0609,0.5281,0.1607,305.94,322.44,45.30,0.1456,0.5062,0.2421,315.94,16.64,336.82,0.0401,0.8930,0.1531,14.10,358.43,359.91,0.0432,0.7932,0.6595,0.00,0.00,0.00,0.0401,0.8930,0.1531,-0.0265,-0.2435,0.9695,3.48,0
2.4221,CoreSystemMain,0.500,1,-0.0619,0.5286,0.1609,305.77,322.17,45.10,0.1459,0.5063,0.2423,316.03,16.99,336.58,0.0400,0.8929,0.1532,14.17,358.43,359.90,0.0445,0.7926,0.6597,0.00,0.00,0.00,0.0400,0.8929,0.1532,-0.0266,-0.2448,0.9692,3.60,0
2.4332,CoreSystemMain,0.500,1,-0.0630,0.5291,0.1609,305.18,322.29,43.97,0.1462,0.5066,0.2425,316.03,17.26,336.28,0.0400,0.8928,0.1533,14.22,358.42,359.90,0.0457,0.7922,0.6600,0.00,0.00,0.00,0.0400,0.8928,0.1533,-0.0267,-0.2457,0.9690,3.70,0
2.4444,CoreSystemMain,0.500,1,-0.0637,0.5303,0.1607,304.59,322.18,43.26,0.1463,0.5068,0.2427,315.93,16.85,336.61,0.0399,0.8927,0.1534,14.27,358.41,359.88,0.0469,0.7918,0.6602,0.00,0.00,0.00,0.0399,0.8927,0.1534,-0.0269,-0.2465,0.9688,3.80,0
2.4555,CoreSystemMain,0.500,1,-0.0647,0.5307,0.1609,304.04,322.33,41.93,0.1466,0.5068,0.2429,315.91,16.77,336.82,0.0398,0.8925,0.1535,14.32,358.39,359.86,0.0478,0.7914,0.6604,0.00,0.00,0.00,0.0398,0.8925,0.1535,-0.0273,-0.2473,0.9685,3.91,0
2.4667,CoreSystemMain,0.500,1,-0.0658,0.5313,0.1613,303.64,322.32,40.51,0.1469,0.5069,0.2432,315.92,16.77,336.98,0.0397,0.8924,0.1536,14.36,358.38,359.84,0.0486,0.7911,0.6606,0.00,0.00,0.00,0.0397,0.8924,0.1536,-0.0274,-0.2480,0.9684,3.99,0
2.4776,CoreSystemMain,0.500,1,-0.0670,0.5319,0.1621,303.49,322.00,38.81,0.1472,0.5073,0.2434,315.90,17.01,336.78,0.0397,0.8923,0.1537,14.37,358.36,359.81,0.0495,0.7908,0.6608,0.00,0.00,0.00,0.0397,0.8923,0.1537,-0.0277,-0.2482,0.9683,4.06,0
2.4890,CoreSystemMain,0.500,1,-0.0684,0.5319,0.1630,302.95,321.68,37.11,0.1475,0.5077,0.2438,315.71,17.59,336.33,0.0396,0.8923,0.1538,14.40,358.33,359.78,0.0503,0.7906,0.6610,0.00,0.00,0.00,0.0396,0.8923,0.1538,-0.0283,-0.2487,0.9682,4.16,0
2.4999,CoreSystemMain,0.500,1,-0.0696,0.5319,0.1634,302.45,321.85,36.02,0.1477,0.5079,0.2441,315.59,17.88,336.30,0.0395,0.8922,0.1538,14.43,358.29,359.76,0.0512,0.7904,0.6612,0.00,0.00,0.00,0.0395,0.8922,0.1538,-0.0289,-0.2491,0.9680,4.27,0
2.5110,CoreSystemMain,0.500,1,-0.0705,0.5323,0.1635,301.91,322.30,34.64,0.1480,0.5080,0.2444,315.57,18.12,336.27,0.0393,0.8922,0.1539,14.46,358.25,359.73,0.0523,0.7902,0.6614,0.00,0.00,0.00,0.0393,0.8922,0.1539,-0.0296,-0.2497,0.9679,4.41,0
2.5222,CoreSystemMain,0.500,1,-0.0711,0.5325,0.1634,300.82,324.18,33.29,0.1482,0.5078,0.2443,315.69,18.38,336.12,0.0392,0.8921,0.1540,14.50,358.19,359.70,0.0534,0.7901,0.6617,0.00,0.00,0.00,0.0392,0.8921,0.1540,-0.0306,-0.2504,0.9676,4.58,0
2.5334,CoreSystemMain,0.500,1,-0.0717,0.5329,0.1634,300.24,325.48,32.18,0.1483,0.5081,0.2444,315.93,18.60,335.82,0.0391,0.8919,0.1540,14.54,358.14,359.69,0.0545,0.7900,0.6619,0.00,0.00,0.00,0.0391,0.8919,0.1540,-0.0315,-0.2511,0.9674,4.75,0
2.5447,CoreSystemMain,0.500,1,-0.0721,0.5333,0.1635,299.59,327.24,31.01,0.1482,0.5084,0.2445,316.17,18.66,335.44,0.0390,0.8918,0.1540,14.60,358.09,359.68,0.0556,0.7898,0.6621,0.00,0.00,0.00,0.0390,0.8918,0.1540,-0.0323,-0.2520,0.9672,4.91,0
2.5558,CoreSystemMain,0.500,1,-0.0726,0.5334,0.1639,299.04,328.30,30.19,0.1482,0.5086,0.2445,316.21,18.37,335.30,0.0389,0.8916,0.1541,14.65,358.04,359.66,0.0564,0.7896,0.6623,0.00,0.00,0.00,0.0389,0.8916,0.1541,-0.0331,-0.2529,0.9669,5.06,0
2.5670,CoreSystemMain,0.500,1,-0.0728,0.5330,0.1646,298.61,328.53,29.94,0.1479,0.5087,0.2445,315.94,17.69,335.76,0.0388,0.8915,0.1541,14.70,357.99,359.65,0.0569,0.7895,0.6624,0.00,0.00,0.00,0.0388,0.8915,0.1541,-0.0338,-0.2538,0.9667,5.18,0
2.5781,CoreSystemMain,0.500,1,-0.0730,0.5326,0.1650,298.23,328.73,29.40,0.1476,0.5088,0.2443,315.52,17.02,336.31,0.0387,0.8914,0.1542,14.75,357.96,359.61,0.0572,0.7894,0.6625,0.00,0.00,0.00,0.0387,0.8914,0.1542,-0.0344,-0.2546,0.9664,5.26,0
2.5891,CoreSystemMain,0.500,1,-0.0731,0.5321,0.1657,298.24,328.44,29.56,0.1475,0.5089,0.2443,315.18,16.64,336.67,0.0386,0.8913,0.1543,14.78,357.94,359.59,0.0573,0.7894,0.6626,0.00,0.00,0.00,0.0386,0.8913,0.1543,-0.0348,-0.2551,0.9663,5.32,0
2.6003,CoreSystemMain,0.500,1,-0.0736,0.5318,0.1662,298.22,329.16,28.86,0.1472,0.5090,0.2444,314.77,16.54,337.06,0.0385,0.8913,0.1543,14.80,357.92,359.56,0.0575,0.7893,0.6627,0.00,0.00,0.00,0.0385,0.8913,0.1543,-0.0350,-0.2554,0.9662,5.37,0
2.6114,CoreSystemMain,0.500,1,-0.0741,0.5311,0.1669,298.30,330.84,27.14,0.1471,0.5090,0.2446,314.62,17.00,337.11,0.0384,0.8912,0.1544,14.84,357.91,359.53,0.0576,0.7894,0.6628,0.00,0.00,0.00,0.0384,0.8912,0.1544,-0.0353,-0.2562,0.9660,5.44,0
2.6226,CoreSystemMain,0.500,1,-0.0747,0.5304,0.1678,298.48,333.31,23.69,0.1471,0.5090,0.2448,314.73,17.67,337.00,0.0384,0.8911,0.1545,14.87,357.90,359.53,0.0580,0.7894,0.6629,0.00,0.00,0.00,0.0384,0.8911,0.1545,-0.0355,-0.2566,0.9659,5.51,0
2.6335,CoreSystemMain,0.500,1,-0.0750,0.5300,0.1685,298.62,334.91,21.04,0.1471,0.5091,0.2450,314.90,18.11,336.89,0.0383,0.8911,0.1545,14.91,357.88,359.53,0.0586,0.7895,0.6630,0.00,0.00,0.00,0.0383,0.8911,0.1545,-0.0358,-0.2573,0.9657,5.62,0
2.6447,CoreSystemMain,0.500,1,-0.0749,0.5296,0.1697,298.86,336.34,17.66,0.1471,0.5092,0.2454,315.38,18.82,336.48,0.0383,0.8910,0.1545,14.97,357.86,359.54,0.0593,0.7895,0.6632,0.00,0.00,0.00,0.0383,0.8910,0.1545,-0.0361,-0.2583,0.9654,5.75,0
2.6558,CoreSystemMain,0.500,1,-0.0752,0.5294,0.1705,298.80,336.45,15.97,0.1471,0.5093,0.2457,315.77,18.93,336.09,0.0382,0.8909,0.1545,15.03,357.85,359.57,0.0603,0.7895,0.6633,0.00,0.00,0.00,0.0382,0.8909,0.1545,-0.0363,-0.2594,0.9651,5.89,0
2.6672,CoreSystemMain,0.500,1,-0.0763,0.5295,0.1710,298.71,336.38,15.93,0.1470,0.5094,0.2459,315.84,18.56,335.98,0.0382,0.8908,0.1545,15.10,357.82,359.59,0.0611,0.7894,0.6635,0.00,0.00,0.00,0.0382,0.8908,0.1545,-0.0366,-0.2604,0.9648,6.01,0
2.6780,CoreSystemMain,0.500,1,-0.0782,0.5298,0.1717,298.45,336.04,16.78,0.1467,0.5093,0.2462,315.71,18.04,336.19,0.0382,0.8906,0.1545,15.14,357.80,359.64,0.0615,0.7893,0.6636,0.00,0.00,0.00,0.0382,0.8906,0.1545,-0.0370,-0.2611,0.9646,6.10,0
2.6892,CoreSystemMain,0.500,1,-0.0796,0.5298,0.1724,298.29,335.77,17.02,0.1466,0.5092,0.2465,315.53,17.49,336.54,0.0381,0.8905,0.1545,15.18,357.78,359.67,0.0617,0.7893,0.6637,0.00,0.00,0.00,0.0381,0.8905,0.1545,-0.0374,-0.2619,0.9644,6.17,0
2.7002,CoreSystemMain,0.500,1,-0.0816,0.5298,0.1730,298.21,334.24,18.42,0.1465,0.5091,0.2468,315.33,17.18,336.94,0.0381,0.8904,0.1545,15.20,357.77,359.68,0.0618,0.7892,0.6638,0.00,0.00,0.00,0.0381,0.8904,0.1545,-0.0376,-0.2622,0.9643,6.21,0
2.7115,CoreSystemMain,0.500,1,-0.0837,0.5297,0.1736,298.50,332.22,20.16,0.1465,0.5089,0.2472,315.17,17.23,337.29,0.0380,0.8904,0.1546,15.22,357.76,359.67,0.0619,0.7892,0.6640,0.00,0.00,0.00,0.0380,0.8904,0.1546,-0.0377,-0.2626,0.9642,6.25,0
2.7225,CoreSystemMain,0.500,1,-0.0863,0.5302,0.1743,300.35,330.41,24.29,0.1471,0.5087,0.2478,315.33,18.06,337.20,0.0379,0.8904,0.1547,15.20,357.78,359.64,0.0621,0.7892,0.6641,0.00,0.00,0.00,0.0379,0.8904,0.1547,-0.0374,-0.2622,0.9643,6.24,0
2.7336,CoreSystemMain,0.500,1,-0.0879,0.5303,0.1748,301.07,329.73,24.81,0.1472,0.5087,0.2481,315.44,18.37,337.12,0.0379,0.8904,0.1548,15.18,357.78,359.63,0.0627,0.7891,0.6643,0.00,0.00,0.00,0.0379,0.8904,0.1548,-0.0374,-0.2619,0.9644,6.28,0
2.7448,CoreSystemMain,0.500,1,-0.0892,0.5305,0.1750,301.96,327.95,25.69,0.1478,0.5088,0.2485,315.77,19.08,336.52,0.0378,0.8904,0.1549,15.17,357.79,359.62,0.0634,0.7890,0.6645,0.00,0.00,0.00,0.0378,0.8904,0.1549,-0.0373,-0.2616,0.9644,6.32,0
2.7557,CoreSystemMain,0.500,1,-0.0906,0.5305,0.1754,302.71,325.43,26.83,0.1483,0.5090,0.2488,316.01,19.53,335.96,0.0378,0.8904,0.1550,15.14,357.78,359.61,0.0642,0.7889,0.6648,0.00,0.00,0.00,0.0378,0.8904,0.1550,-0.0375,-0.2611,0.9646,6.38,0
2.7669,CoreSystemMain,0.500,1,-0.0921,0.5302,0.1759,303.49,323.73,28.37,0.1491,0.5092,0.2493,316.11,19.85,335.50,0.0377,0.8905,0.1551,15.10,357.77,359.61,0.0650,0.7888,0.6650,0.00,0.00,0.00,0.0377,0.8905,0.1551,-0.0376,-0.2606,0.9647,6.43,0
2.7780,CoreSystemMain,0.500,1,-0.0942,0.5301,0.1765,304.83,321.73,30.58,0.1502,0.5092,0.2501,316.02,19.89,335.47,0.0376,0.8906,0.1552,15.07,357.75,359.59,0.0659,0.7887,0.6653,0.00,0.00,0.00,0.0376,0.8906,0.1552,-0.0380,-0.2600,0.9649,6.50,0
2.7891,CoreSystemMain,0.500,1,-0.0956,0.5298,0.1770,305.56,320.62,31.82,0.1508,0.5092,0.2506,315.96,19.90,335.65,0.0375,0.8906,0.1552,15.04,357.72,359.58,0.0667,0.7886,0.6656,0.00,0.00,0.00,0.0375,0.8906,0.1552,-0.0385,-0.2595,0.9650,6.59,0
2.8002,CoreSystemMain,0.500,1,-0.0967,0.5294,0.1773,305.95,319.56,33.56,0.1517,0.5092,0.2512,315.70,19.70,336.27,0.0373,0.8906,0.1553,15.03,357.68,359.56,0.0675,0.7885,0.6659,0.00,0.00,0.00,0.0373,0.8906,0.1553,-0.0392,-0.2593,0.9650,6.70,0
2.8114,CoreSystemMain,0.500,1,-0.0976,0.5289,0.1775,305.99,318.65,34.61,0.1526,0.5092,0.2518,315.51,19.74,336.66,0.0372,0.8906,0.1553,15.02,357.64,359.56,0.0685,0.7885,0.6662,0.00,0.00,0.00,0.0372,0.8906,0.1553,-0.0398,-0.2592,0.9650,6.82,0
2.8227,CoreSystemMain,0.500,1,-0.0979,0.5284,0.1776,305.67,318.10,34.76,0.1535,0.5093,0.2525,315.39,20.14,336.74,0.0371,0.8906,0.1554,15.02,357.55,359.53,0.0697,0.7884,0.6666,0.00,0.00,0.00,0.0371,0.8906,0.1554,-0.0413,-0.2591,0.9650,7.02,0
2.8336,CoreSystemMain,0.500,1,-0.0976,0.5278,0.1773,304.77,318.45,33.36,0.1543,0.5095,0.2531,315.41,20.82,336.48,0.0369,0.8906,0.1555,15.00,357.53,359.51,0.0713,0.7884,0.6671,0.00,0.00,0.00,0.0369,0.8906,0.1555,-0.0417,-0.2588,0.9650,7.19,0
2.8447,CoreSystemMain,0.500,1,-0.0981,0.5272,0.1773,304.19,318.87,31.95,0.1552,0.5096,0.2538,315.55,21.35,336.25,0.0367,0.8906,0.1555,14.99,357.47,359.48,0.0731,0.7884,0.6675,0.00,0.00,0.00,0.0367,0.8906,0.1555,-0.0427,-0.2586,0.9650,7.43,0
2.8559,CoreSystemMain,0.500,1,-0.0983,0.5263,0.1767,303.44,321.10,28.81,0.1557,0.5098,0.2542,315.87,21.45,335.97,0.0366,0.8906,0.1556,14.97,357.42,359.47,0.0753,0.7884,0.6680,0.00,0.00,0.00,0.0366,0.8906,0.1556,-0.0435,-0.2584,0.9651,7.68,0
2.8669,CoreSystemMain,0.500,1,-0.0989,0.5259,0.1767,303.50,321.54,27.85,0.1561,0.5100,0.2546,315.97,21.53,335.84,0.0364,0.8906,0.1557,14.95,357.37,359.47,0.0770,0.7883,0.6685,0.00,0.00,0.00,0.0364,0.8906,0.1557,-0.0443,-0.2580,0.9651,7.89,0
2.8780,CoreSystemMain,0.500,1,-0.0992,0.5255,0.1766,303.73,321.81,27.05,0.1563,0.5102,0.2547,316.16,21.34,335.70,0.0363,0.8906,0.1558,14.94,357.33,359.46,0.0786,0.7882,0.6690,0.00,0.00,0.00,0.0363,0.8906,0.1558,-0.0450,-0.2578,0.9652,8.07,0
2.8890,CoreSystemMain,0.500,1,-0.0996,0.5252,0.1765,304.07,321.67,27.07,0.1565,0.5104,0.2550,316.22,21.11,335.67,0.0362,0.8906,0.1559,14.94,357.29,359.46,0.0797,0.7881,0.6694,0.00,0.00,0.00,0.0362,0.8906,0.1559,-0.0456,-0.2578,0.9651,8.23,0
2.9002,CoreSystemMain,0.500,1,-0.1000,0.5248,0.1762,304.49,321.16,28.16,0.1565,0.5106,0.2551,316.14,20.93,335.79,0.0361,0.8906,0.1560,14.92,357.26,359.47,0.0806,0.7880,0.6698,0.00,0.00,0.00,0.0361,0.8906,0.1560,-0.0462,-0.2575,0.9652,8.34,0
2.9113,CoreSystemMain,0.500,1,-0.1005,0.5245,0.1760,304.88,320.60,29.39,0.1567,0.5109,0.2553,315.91,20.85,335.95,0.0360,0.8906,0.1561,14.93,357.24,359.47,0.0813,0.7880,0.6701,0.00,0.00,0.00,0.0360,0.8906,0.1561,-0.0465,-0.2576,0.9651,8.44,0
2.9225,CoreSystemMain,0.500,1,-0.1008,0.5244,0.1755,305.23,320.07,30.71,0.1566,0.5110,0.2555,315.46,20.95,336.24,0.0359,0.8905,0.1562,14.92,357.24,359.48,0.0820,0.7880,0.6705,0.00,0.00,0.00,0.0359,0.8905,0.1562,-0.0465,-0.2575,0.9652,8.52,0
2.9335,CoreSystemMain,0.500,1,-0.1009,0.5243,0.1752,305.55,319.67,31.22,0.1564,0.5113,0.2555,315.13,20.97,336.60,0.0358,0.8905,0.1563,14.93,357.25,359.48,0.0828,0.7880,0.6708,0.00,0.00,0.00,0.0358,0.8905,0.1563,-0.0464,-0.2576,0.9651,8.61,0
2.9446,CoreSystemMain,0.500,1,-0.1013,0.5242,0.1751,305.83,319.38,31.39,0.1566,0.5115,0.2557,315.06,21.03,336.61,0.0357,0.8904,0.1563,14.94,357.25,359.48,0.0837,0.7881,0.6711,0.00,0.00,0.00,0.0357,0.8904,0.1563,-0.0464,-0.2577,0.9651,8.72,0
2.9559,CoreSystemMain,0.500,1,-0.1016,0.5241,0.1751,306.13,319.04,31.49,0.1565,0.5119,0.2557,315.09,21.09,336.42,0.0357,0.8903,0.1564,14.96,357.27,359.49,0.0847,0.7882,0.6714,0.00,0.00,0.00,0.0357,0.8903,0.1564,-0.0461,-0.2581,0.9650,8.81,0
2.9669,CoreSystemMain,0.500,1,-0.1019,0.5241,0.1752,306.45,318.56,31.68,0.1564,0.5123,0.2556,315.18,21.11,336.06,0.0356,0.8902,0.1565,14.99,357.31,359.50,0.0854,0.7883,0.6717,0.00,0.00,0.00,0.0356,0.8902,0.1565,-0.0454,-0.2587,0.9649,8.88,0
2.9780,CoreSystemMain,0.500,1,-0.1023,0.5240,0.1753,306.66,318.21,31.97,0.1562,0.5127,0.2556,315.25,21.12,335.72,0.0356,0.8902,0.1566,15.03,357.33,359.51,0.0860,0.7884,0.6720,0.00,0.00,0.00,0.0356,0.8902,0.1566,-0.0451,-0.2593,0.9647,8.94,0
2.9892,CoreSystemMain,0.500,1,-0.1020,0.5244,0.1751,306.62,317.89,32.38,0.1559,0.5131,0.2554,315.28,21.10,335.47,0.0356,0.8900,0.1566,15.07,357.38,359.54,0.0864,0.7885,0.6722,0.00,0.00,0.00,0.0356,0.8900,0.1566,-0.0441,-0.2601,0.9646,8.96,0
3.0003,CoreSystemMain,0.500,1,-0.1021,0.5243,0.1750,306.45,317.78,32.51,0.1557,0.5134,0.2553,315.23,21.03,335.49,0.0356,0.8899,0.1567,15.14,357.44,359.56,0.0867,0.7886,0.6724,0.00,0.00,0.00,0.0356,0.8899,0.1567,-0.0431,-0.2612,0.9643,8.99,0
3.0114,CoreSystemMain,0.500,1,-0.1021,0.5243,0.1749,306.25,317.77,32.48,0.1555,0.5137,0.2553,315.18,21.12,335.57,0.0355,0.8897,0.1568,15.22,357.49,359.59,0.0869,0.7886,0.6726,0.00,0.00,0.00,0.0355,0.8897,0.1568,-0.0423,-0.2625,0.9640,9.02,0
3.0227,CoreSystemMain,0.500,1,-0.1021,0.5244,0.1748,305.98,317.99,32.24,0.1553,0.5139,0.2552,314.99,21.30,335.82,0.0355,0.8895,0.1568,15.29,357.54,359.63,0.0872,0.7887,0.6727,0.00,0.00,0.00,0.0355,0.8895,0.1568,-0.0414,-0.2637,0.9637,9.05,0
3.0336,CoreSystemMain,0.500,1,-0.1020,0.5244,0.1748,305.86,318.15,32.04,0.1552,0.5142,0.2552,314.88,21.46,335.88,0.0355,0.8894,0.1569,15.40,357.59,359.65,0.0876,0.7889,0.6729,0.00,0.00,0.00,0.0355,0.8894,0.1569,-0.0405,-0.2655,0.9633,9.11,0
3.0446,CoreSystemMain,0.500,1,-0.1021,0.5244,0.1749,305.81,318.18,31.92,0.1549,0.5145,0.2553,314.72,21.58,335.95,0.0355,0.8892,0.1569,15.47,357.63,359.68,0.0881,0.7890,0.6731,0.00,0.00,0.00,0.0355,0.8892,0.1569,-0.0399,-0.2668,0.9629,9.18,0
3.0558,CoreSystemMain,0.500,1,-0.1020,0.5247,0.1749,305.84,318.19,31.83,0.1548,0.5147,0.2553,314.61,21.67,335.97,0.0356,0.8890,0.1569,15.54,357.70,359.72,0.0886,0.7892,0.6732,0.00,0.00,0.00,0.0356,0.8890,0.1569,-0.0387,-0.2678,0.9627,9.21,0
3.0670,CoreSystemMain,0.500,0,-0.1019,0.5248,0.1751,305.90,317.74,31.60,0.1546,0.5149,0.2550,314.36,21.26,336.08,0.0355,0.8888,0.1570,15.63,357.74,359.75,0.0892,0.7894,0.6734,0.00,0.00,0.00,0.0355,0.8888,0.1570,-0.0380,-0.2694,0.9623,9.30,0
3.0780,CoreSystemMain,0.500,0,-0.1020,0.5248,0.1753,306.05,317.65,32.22,0.1543,0.5152,0.2548,314.19,21.26,335.85,0.0355,0.8887,0.1571,15.71,357.80,359.77,0.0914,0.7857,0.6742,0.00,0.00,0.00,0.0355,0.8887,0.1571,-0.0370,-0.2707,0.9620,9.30,0
3.0891,CoreSystemMain,0.500,0,-0.1022,0.5249,0.1753,306.42,317.71,32.68,0.1539,0.5156,0.2546,313.97,21.07,336.21,0.0355,0.8884,0.1571,15.79,357.86,359.80,0.0936,0.7781,0.6750,0.00,0.00,0.00,0.0355,0.8884,0.1571,-0.0359,-0.2721,0.9616,9.13,0
3.1005,CoreSystemMain,0.500,0,-0.1023,0.5251,0.1753,306.67,317.70,32.79,0.1535,0.5160,0.2543,313.82,21.19,336.00,0.0355,0.8882,0.1572,15.88,357.92,359.82,0.0936,0.7781,0.6750,0.00,0.00,0.00,0.0355,0.8882,0.1572,-0.0349,-0.2736,0.9612,9.12,0
3.1113,CoreSystemMain,0.500,0,-0.1023,0.5252,0.1754,306.74,317.55,32.91,0.1531,0.5164,0.2540,313.66,21.20,335.90,0.0355,0.8880,0.1573,15.95,357.99,359.86,0.0957,0.7666,0.6757,0.00,0.00,0.00,0.0355,0.8880,0.1573,-0.0337,-0.2748,0.9609,8.83,0
3.1224,CoreSystemMain,0.500,0,-0.1023,0.5253,0.1755,306.82,317.43,33.03,0.1530,0.5165,0.2539,313.50,21.20,335.88,0.0356,0.8878,0.1574,16.07,358.05,359.87,0.0957,0.7666,0.6757,0.00,0.00,0.00,0.0356,0.8878,0.1574,-0.0327,-0.2768,0.9604,8.82,0
3.1335,CoreSystemMain,0.500,0,-0.1022,0.5254,0.1755,306.51,317.40,32.72,0.1525,0.5170,0.2530,313.14,20.69,335.88,0.0355,0.8875,0.1575,16.18,358.11,359.92,0.0979,0.7512,0.6765,0.00,0.00,0.00,0.0355,0.8875,0.1575,-0.0317,-0.2787,0.9599,8.57,0
3.1450,CoreSystemMain,0.500,0,-0.1024,0.5254,0.1756,306.56,317.29,32.81,0.1523,0.5173,0.2529,312.99,20.63,335.87,0.0355,0.8873,0.1576,16.30,358.17,359.96,0.0979,0.7512,0.6765,0.00,0.00,0.00,0.0355,0.8873,0.1576,-0.0307,-0.2806,0.9593,8.54,0
3.1561,CoreSystemMain,0.500,0,-0.1025,0.5256,0.1755,306.23,317.12,32.25,0.1518,0.5175,0.2511,312.52,19.98,336.91,0.0356,0.8867,0.1578,16.54,358.25,359.99,0.1001,0.7318,0.6773,0.00,0.00,0.00,0.0356,0.8867,0.1578,-0.0293,-0.2847,0.9582,8.46,0
3.1668,CoreSystemMain,0.500,0,-0.1026,0.5256,0.1755,306.22,316.94,32.29,0.1515,0.5178,0.2504,312.35,19.98,337.03,0.0356,0.8864,0.1579,16.73,358.31,359.99,0.1001,0.7318,0.6773,0.00,0.00,0.00,0.0356,0.8864,0.1579,-0.0282,-0.2878,0.9573,8.40,0
3.1779,CoreSystemMain,0.500,0,-0.1028,0.5256,0.1755,306.13,316.77,32.34,0.1514,0.5179,0.2494,312.14,19.70,337.73,0.0356,0.8859,0.1580,16.94,358.37,0.00,0.1022,0.7085,0.6781,0.00,0.00,0.00,0.0356,0.8859,0.1580,-0.0272,-0.2913,0.9562,8.68,0
3.1948,CoreSystemMain,0.500,0,-0.1030,0.5258,0.1756,305.96,316.74,32.27,0.1515,0.5179,0.2472,311.94,18.45,338.23,0.0356,0.8852,0.1582,17.28,358.47,0.03,0.1044,0.6813,0.6789,0.00,0.00,0.00,0.0356,0.8852,0.1582,-0.0254,-0.2971,0.9545,9.41,0
3.1999,CoreSystemMain,0.500,0,-0.1031,0.5258,0.1756,305.94,316.73,32.24,0.1515,0.5178,0.2466,311.81,17.99,338.42,0.0356,0.8849,0.1583,17.41,358.51,359.99,0.1044,0.6813,0.6789,0.00,0.00,0.00,0.0356,0.8849,0.1583,-0.0248,-0.2991,0.9539,9.31,0
3.2112,CoreSystemMain,0.500,0,-0.1034,0.5260,0.1756,305.81,317.02,32.07,0.1515,0.5177,0.2456,311.58,17.31,338.77,0.0356,0.8844,0.1585,17.61,358.56,359.99,0.1066,0.6502,0.6797,0.00,0.00,0.00,0.0356,0.8844,0.1585,-0.0239,-0.3025,0.9528,10.70,0
3.2225,CoreSystemMain,0.500,0,-0.1036,0.5262,0.1755,305.74,317.17,31.97,0.1515,0.5178,0.2446,311.40,16.90,339.01,0.0356,0.8838,0.1587,17.86,358.64,0.00,0.1066,0.6502,0.6797,0.00,0.00,0.00,0.0356,0.8838,0.1587,-0.0227,-0.3067,0.9515,10.47,0
3.2372,CoreSystemMain,0.500,0,-0.1041,0.5264,0.1755,305.65,317.56,31.56,0.1522,0.5175,0.2428,311.52,16.77,338.89,0.0356,0.8830,0.1589,18.19,358.73,0.01,0.1087,0.6151,0.6805,0.00,0.00,0.00,0.0356,0.8830,0.1589,-0.0211,-0.3121,0.9498,12.24,0
3.2443,CoreSystemMain,0.500,0,-0.1043,0.5265,0.1754,305.61,317.59,31.48,0.1524,0.5176,0.2420,311.55,16.67,338.86,0.0356,0.8825,0.1591,18.40,358.78,359.99,0.1087,0.6151,0.6805,0.00,0.00,0.00,0.0356,0.8825,0.1591,-0.0202,-0.3156,0.9487,12.03,0
3.2555,CoreSystemMain,0.500,0,-0.1050,0.5265,0.1754,305.53,317.62,31.37,0.1530,0.5174,0.2407,311.66,16.59,338.73,0.0355,0.8818,0.1593,18.72,358.85,359.99,0.1109,0.5761,0.6813,0.00,0.00,0.00,0.0355,0.8818,0.1593,-0.0191,-0.3210,0.9469,14.20,0
3.2668,CoreSystemMain,0.500,0,-0.1056,0.5267,0.1753,305.47,317.44,31.20,0.1539,0.5168,0.2390,311.76,16.47,338.79,0.0355,0.8811,0.1595,19.04,358.92,359.98,0.1109,0.5761,0.6813,0.00,0.00,0.00,0.0355,0.8811,0.1595,-0.0179,-0.3262,0.9451,13.87,0
3.2778,CoreSystemMain,0.500,0,-0.1061,0.5268,0.1751,305.48,317.15,31.12,0.1546,0.5163,0.2376,311.82,16.17,339.15,0.0355,0.8803,0.1598,19.43,358.99,359.97,0.1131,0.5332,0.6821,0.00,0.00,0.00,0.0355,0.8803,0.1598,-0.0166,-0.3327,0.9429,16.24,0
3.2888,CoreSystemMain,0.500,0,-0.1067,0.5270,0.1750,305.49,316.72,31.30,0.1552,0.5156,0.2362,311.98,15.67,339.69,0.0354,0.8795,0.1600,19.79,359.07,359.95,0.1153,0.4864,0.6828,0.00,0.00,0.00,0.0354,0.8795,0.1600,-0.0153,-0.3386,0.9408,18.81,0
3.3001,CoreSystemMain,0.500,0,-0.1072,0.5271,0.1750,305.47,316.46,31.50,0.1560,0.5149,0.2349,311.71,14.23,341.54,0.0354,0.8786,0.1603,20.18,359.12,359.91,0.1153,0.4864,0.6828,0.00,0.00,0.00,0.0354,0.8786,0.1603,-0.0144,-0.3450,0.9385,18.40,0
3.3110,CoreSystemMain,0.500,0,-0.1080,0.5272,0.1748,305.51,316.05,32.09,0.1567,0.5139,0.2335,311.85,13.82,342.00,0.0353,0.8777,0.1606,20.59,359.19,359.92,0.1174,0.4357,0.6836,0.00,0.00,0.00,0.0353,0.8777,0.1606,-0.0133,-0.3516,0.9360,20.99,0
3.3222,CoreSystemMain,0.500,0,-0.1091,0.5271,0.1747,305.57,315.79,32.45,0.1576,0.5130,0.2322,311.93,13.51,342.67,0.0352,0.8766,0.1609,21.09,359.24,359.88,0.1174,0.4357,0.6836,0.00,0.00,0.00,0.0352,0.8766,0.1609,-0.0124,-0.3598,0.9329,20.47,0
3.3333,CoreSystemMain,0.500,0,-0.1098,0.5270,0.1747,305.66,315.57,32.68,0.1583,0.5118,0.2306,312.28,13.61,342.90,0.0352,0.8755,0.1613,21.58,359.30,359.85,0.1196,0.3810,0.6844,0.00,0.00,0.00,0.0352,0.8755,0.1613,-0.0114,-0.3678,0.9298,22.97,0
3.3447,CoreSystemMain,0.500,0,-0.1104,0.5270,0.1747,305.77,315.54,32.67,0.1590,0.5107,0.2290,312.60,13.49,343.24,0.0351,0.8742,0.1617,22.13,359.37,359.84,0.1196,0.3810,0.6844,0.00,0.00,0.00,0.0351,0.8742,0.1617,-0.0102,-0.3768,0.9263,22.38,0
3.3556,CoreSystemMain,0.500,0,-0.1111,0.5270,0.1747,305.87,315.71,32.49,0.1597,0.5093,0.2271,313.00,12.97,343.92,0.0351,0.8729,0.1620,22.72,359.44,359.84,0.1218,0.3224,0.6852,0.00,0.00,0.00,0.0351,0.8729,0.1620,-0.0091,-0.3862,0.9224,24.71,0
3.3666,CoreSystemMain,0.500,0,-0.1116,0.5270,0.1746,305.95,315.86,32.31,0.1600,0.5077,0.2250,313.74,12.98,343.63,0.0351,0.8716,0.1623,23.31,359.49,359.82,0.1218,0.3224,0.6852,0.00,0.00,0.00,0.0351,0.8716,0.1623,-0.0082,-0.3956,0.9184,24.08,0
3.3779,CoreSystemMain,0.500,0,-0.1124,0.5268,0.1747,305.99,315.80,32.39,0.1601,0.5062,0.2231,314.26,12.36,344.02,0.0351,0.8699,0.1627,24.00,359.58,359.88,0.1239,0.2599,0.6860,0.00,0.00,0.00,0.0351,0.8699,0.1627,-0.0067,-0.4068,0.9135,26.19,0
3.3888,CoreSystemMain,0.500,0,-0.1128,0.5267,0.1747,306.01,315.71,32.50,0.1605,0.5047,0.2209,314.90,11.54,344.54,0.0352,0.8688,0.1631,24.52,359.66,359.90,0.1261,0.1934,0.6868,0.00,0.00,0.00,0.0352,0.8688,0.1631,-0.0054,-0.4150,0.9098,28.37,0
3.3999,CoreSystemMain,0.500,0,-0.1132,0.5266,0.1746,306.06,315.59,32.49,0.1609,0.5028,0.2185,315.70,10.83,344.81,0.0352,0.8673,0.1636,25.13,359.76,359.94,0.1261,0.1934,0.6868,0.00,0.00,0.00,0.0352,0.8673,0.1636,-0.0037,-0.4247,0.9053,27.72,0
3.4111,CoreSystemMain,0.500,0,-0.1136,0.5265,0.1745,306.15,315.39,32.39,0.1612,0.5009,0.2162,316.57,10.26,344.95,0.0352,0.8658,0.1642,25.73,359.89,359.96,0.1283,0.1231,0.6876,0.00,0.00,0.00,0.0352,0.8658,0.1642,-0.0017,-0.4341,0.9009,29.65,0
3.4227,CoreSystemMain,0.500,0,-0.1139,0.5264,0.1744,306.35,315.31,32.22,0.1616,0.4987,0.2136,317.47,9.49,345.39,0.0352,0.8642,0.1647,26.41,0.00,359.98,0.1283,0.1231,0.6876,0.00,0.00,0.00,0.0352,0.8642,0.1647,0.0001,-0.4447,0.8957,28.94,0
3.4333,CoreSystemMain,0.500,0,-0.1142,0.5264,0.1742,306.65,315.44,32.14,0.1619,0.4965,0.2112,318.43,9.10,345.61,0.0352,0.8626,0.1650,27.03,0.08,0.01,0.1304,0.0488,0.6884,0.00,0.00,0.00,0.0352,0.8626,0.1650,0.0012,-0.4544,0.8908,30.68,0
3.4445,CoreSystemMain,0.500,0,-0.1145,0.5264,0.1741,306.91,315.53,32.22,0.1623,0.4941,0.2087,319.52,8.75,345.72,0.0352,0.8610,0.1653,27.69,0.15,0.05,0.1304,0.0488,0.6884,0.00,0.00,0.00,0.0352,0.8610,0.1653,0.0023,-0.4647,0.8854,29.99,0
3.4555,CoreSystemMain,0.500,0,-0.1147,0.5260,0.1740,307.27,315.68,32.49,0.1626,0.4911,0.2063,320.90,8.40,345.76,0.0353,0.8596,0.1656,28.28,0.20,0.12,0.1308,0.0697,0.6886,0.15,0.08,359.84,0.0353,0.8596,0.1656,0.0030,-0.4738,0.8806,28.71,0
3.4666,CoreSystemMain,0.500,0,-0.1148,0.5260,0.1737,307.50,315.62,32.94,0.1630,0.4881,0.2034,322.55,7.99,345.92,0.0354,0.8583,0.1658,28.87,0.29,0.18,0.1308,0.0697,0.6886,0.15,0.08,359.84,0.0354,0.8583,0.1658,0.0044,-0.4828,0.8757,28.08,0
3.4777,CoreSystemMain,0.500,0,-0.1148,0.5259,0.1733,307.64,315.46,33.43,0.1633,0.4851,0.2004,324.08,7.61,345.96,0.0354,0.8570,0.1661,29.41,0.38,0.22,0.1306,0.0739,0.6884,0.02,0.01,359.90,0.0354,0.8570,0.1661,0.0057,-0.4910,0.8711,27.39,0
3.4890,CoreSystemMain,0.500,0,-0.1147,0.5256,0.1729,307.64,315.37,33.82,0.1636,0.4817,0.1971,325.68,7.28,346.04,0.0354,0.8559,0.1664,29.94,0.51,0.22,0.1305,0.0748,0.6883,359.96,0.01,359.95,0.0354,0.8559,0.1664,0.0077,-0.4991,0.8665,26.80,0
3.5001,CoreSystemMain,0.500,0,-0.1144,0.5251,0.1725,307.46,315.44,33.83,0.1639,0.4786,0.1939,327.29,6.98,346.11,0.0354,0.8547,0.1668,30.45,0.59,0.17,0.1305,0.0748,0.6883,359.96,0.01,359.95,0.0354,0.8547,0.1668,0.0089,-0.5068,0.8620,26.26,0
3.5110,CoreSystemMain,0.500,0,-0.1143,0.5247,0.1723,307.43,315.56,33.76,0.1645,0.4759,0.1912,328.84,6.55,346.15,0.0354,0.8532,0.1672,31.06,0.73,0.15,0.1305,0.0750,0.6883,359.97,0.01,359.98,0.0354,0.8532,0.1672,0.0110,-0.5159,0.8566,25.61,0
3.5222,CoreSystemMain,0.500,0,-0.1138,0.5239,0.1719,307.41,316.09,33.29,0.1652,0.4734,0.1887,330.27,6.12,346.23,0.0355,0.8520,0.1677,31.57,0.86,0.13,0.1305,0.0750,0.6883,359.97,0.01,359.98,0.0355,0.8520,0.1677,0.0127,-0.5235,0.8519,25.07,0
3.5332,CoreSystemMain,0.500,0,-0.1133,0.5234,0.1717,307.65,317.03,32.66,0.1662,0.4707,0.1859,331.56,5.71,346.36,0.0355,0.8507,0.1681,32.06,0.96,0.09,0.1304,0.0750,0.6884,359.99,0.01,0.00,0.0355,0.8507,0.1681,0.0142,-0.5308,0.8474,24.55,0
3.5443,CoreSystemMain,0.500,0,-0.1128,0.5229,0.1717,307.99,317.81,32.24,0.1672,0.4683,0.1834,332.37,5.30,346.71,0.0355,0.8494,0.1685,32.52,1.04,0.06,0.1304,0.0750,0.6884,359.99,0.01,0.00,0.0355,0.8494,0.1685,0.0152,-0.5376,0.8430,24.06,0
3.5555,CoreSystemMain,0.500,0,-0.1122,0.5225,0.1718,308.47,318.47,31.94,0.1681,0.4661,0.1809,332.94,4.77,347.36,0.0355,0.8482,0.1689,32.95,1.08,0.06,0.1304,0.0750,0.6884,0.00,0.01,0.00,0.0355,0.8482,0.1689,0.0159,-0.5439,0.8390,23.62,0
3.5667,CoreSystemMain,0.500,0,-0.1117,0.5222,0.1717,308.87,318.82,31.92,0.1689,0.4640,0.1786,333.57,4.29,347.90,0.0356,0.8468,0.1693,33.41,1.14,0.13,0.1304,0.0750,0.6884,0.00,0.01,0.00,0.0356,0.8468,0.1693,0.0166,-0.5506,0.8346,23.13,0
3.5777,CoreSystemMain,0.500,0,-0.1112,0.5220,0.1716,309.26,319.10,32.10,0.1696,0.4621,0.1758,333.82,3.97,348.61,0.0357,0.8456,0.1697,33.83,1.14,0.24,0.1304,0.0750,0.6884,0.00,0.01,0.00,0.0357,0.8456,0.1697,0.0166,-0.5567,0.8306,22.71,0
3.5888,CoreSystemMain,0.500,0,-0.1103,0.5215,0.1707,309.80,319.42,32.66,0.1704,0.4603,0.1735,334.34,4.11,348.94,0.0357,0.8448,0.1701,34.12,1.22,0.35,0.1304,0.0750,0.6884,0.00,0.01,0.00,0.0357,0.8448,0.1701,0.0177,-0.5609,0.8277,22.40,0
3.6003,CoreSystemMain,0.500,0,-0.1099,0.5213,0.1703,310.30,319.73,33.17,0.1712,0.4586,0.1714,335.17,4.43,349.07,0.0357,0.8438,0.1706,34.47,1.31,0.45,0.1304,0.0750,0.6884,0.00,0.01,0.00,0.0357,0.8438,0.1706,0.0188,-0.5659,0.8243,22.04,0
3.6112,CoreSystemMain,0.500,0,-0.1093,0.5211,0.1700,310.77,319.90,33.68,0.1720,0.4571,0.1693,336.16,4.91,349.11,0.0357,0.8428,0.1711,34.79,1.40,0.52,0.1304,0.0750,0.6884,0.00,0.01,0.00,0.0357,0.8428,0.1711,0.0201,-0.5706,0.8210,21.70,0
3.6221,CoreSystemMain,0.500,0,-0.1087,0.5210,0.1697,311.26,320.04,34.02,0.1728,0.4563,0.1675,337.32,5.58,348.77,0.0357,0.8416,0.1716,35.16,1.47,0.56,0.1304,0.0750,0.6884,0.00,0.01,0.00,0.0357,0.8416,0.1716,0.0209,-0.5758,0.8173,21.32,0
3.6334,CoreSystemMain,0.500,0,-0.1082,0.5208,0.1694,311.70,320.38,34.25,0.1736,0.4548,0.1654,338.41,5.68,348.67,0.0357,0.8403,0.1721,35.51,1.54,0.65,0.1304,0.0750,0.6884,0.00,0.01,0.00,0.0357,0.8403,0.1721,0.0219,-0.5809,0.8137,20.94,0
3.6444,CoreSystemMain,0.500,0,-0.1074,0.5200,0.1688,312.35,321.22,34.66,0.1746,0.4548,0.1638,339.52,5.50,348.38,0.0358,0.8392,0.1724,35.89,1.56,0.68,0.1304,0.0750,0.6884,0.00,0.01,0.00,0.0358,0.8392,0.1724,0.0220,-0.5863,0.8098,20.55,0
3.6556,CoreSystemMain,0.500,0,-0.1067,0.5197,0.1686,312.90,321.91,34.82,0.1755,0.4544,0.1623,340.28,5.59,348.21,0.0358,0.8383,0.1727,36.17,1.60,0.76,0.1304,0.0750,0.6884,0.00,0.01,0.00,0.0358,0.8383,0.1727,0.0225,-0.5902,0.8069,20.25,0
3.6666,CoreSystemMain,0.500,0,-0.1057,0.5194,0.1686,313.51,322.83,34.49,0.1765,0.4540,0.1608,340.89,5.90,347.80,0.0359,0.8377,0.1730,36.36,1.66,0.83,0.1304,0.0750,0.6884,0.00,0.01,0.00,0.0359,0.8377,0.1730,0.0233,-0.5929,0.8049,20.05,0
3.6786,CoreSystemMain,0.500,0,-0.1046,0.5191,0.1688,314.02,323.81,33.62,0.1775,0.4540,0.1597,341.28,6.34,347.27,0.0359,0.8370,0.1735,36.61,1.74,0.90,0.1304,0.0750,0.6884,0.00,0.01,0.00,0.0359,0.8370,0.1735,0.0243,-0.5964,0.8023,19.80,0
3.6895,CoreSystemMain,0.500,0,-0.1034,0.5187,0.1689,314.54,325.32,32.03,0.1783,0.4538,0.1586,341.54,6.66,347.10,0.0360,0.8366,0.1740,36.69,1.80,0.89,0.1304,0.0750,0.6884,0.00,0.01,0.00,0.0360,0.8366,0.1740,0.0251,-0.5975,0.8015,19.72,0
3.7005,CoreSystemMain,0.500,0,-0.1021,0.5182,0.1690,314.57,326.87,30.00,0.1788,0.4532,0.1575,341.65,6.63,347.37,0.0360,0.8362,0.1745,36.80,1.81,0.85,0.1304,0.0750,0.6884,0.00,0.01,0.00,0.0360,0.8362,0.1745,0.0253,-0.5990,0.8003,19.62,0
3.7117,CoreSystemMain,0.500,0,-0.1014,0.5170,0.1689,314.75,327.71,29.21,0.1792,0.4524,0.1561,342.28,6.87,347.24,0.0361,0.8356,0.1751,36.93,1.78,0.82,0.1304,0.0750,0.6884,0.00,0.01,0.00,0.0361,0.8356,0.1751,0.0248,-0.6008,0.7990,19.52,0
3.7228,CoreSystemMain,0.500,0,-0.1002,0.5162,0.1689,314.64,328.30,28.27,0.1797,0.4516,0.1548,342.46,6.34,348.46,0.0362,0.8353,0.1756,36.97,1.74,0.76,0.1304,0.0750,0.6884,0.00,0.01,0.00,0.0362,0.8353,0.1756,0.0242,-0.6013,0.7986,19.50,0
3.7341,CoreSystemMain,0.500,0,-0.0993,0.5157,0.1690,314.66,328.62,27.67,0.1796,0.4509,0.1538,342.67,6.32,349.07,0.0362,0.8348,0.1760,37.08,1.71,0.78,0.1304,0.0750,0.6884,0.00,0.01,0.00,0.0362,0.8348,0.1760,0.0238,-0.6030,0.7974,19.40,0
3.7450,CoreSystemMain,0.500,0,-0.0984,0.5151,0.1691,314.91,329.00,27.26,0.1801,0.4500,0.1525,342.80,5.91,349.94,0.0362,0.8346,0.1761,37.15,1.69,0.75,0.1304,0.0750,0.6884,0.00,0.01,0.00,0.0362,0.8346,0.1761,0.0235,-0.6039,0.7967,19.34,0
3.7562,CoreSystemMain,0.500,0,-0.0977,0.5144,0.1692,315.31,328.86,27.56,0.1797,0.4495,0.1519,342.60,5.98,349.95,0.0363,0.8342,0.1763,37.29,1.67,0.75,0.1304,0.0750,0.6884,0.00,0.01,0.00,0.0363,0.8342,0.1763,0.0232,-0.6059,0.7952,19.20,0
3.7669,CoreSystemMain,0.500,0,-0.0970,0.5139,0.1693,315.51,328.87,27.91,0.1797,0.4490,0.1511,342.51,5.85,350.24,0.0363,0.8338,0.1765,37.43,1.64,0.74,0.1304,0.0750,0.6884,0.00,0.01,0.00,0.0363,0.8338,0.1765,0.0228,-0.6078,0.7938,19.07,0
3.7777,CoreSystemMain,0.500,0,-0.0965,0.5135,0.1694,315.64,329.06,28.11,0.1793,0.4489,0.1510,342.28,5.71,350.18,0.0364,0.8334,0.1768,37.57,1.62,0.70,0.1304,0.0750,0.6884,0.00,0.01,0.00,0.0364,0.8334,0.1768,0.0224,-0.6097,0.7923,18.94,0
3.7889,CoreSystemMain,0.500,0,-0.0962,0.5122,0.1694,315.60,329.38,28.17,0.1794,0.4486,0.1505,342.31,5.55,350.00,0.0364,0.8332,0.1770,37.60,1.62,0.66,0.1304,0.0750,0.6884,0.00,0.01,0.00,0.0364,0.8332,0.1770,0.0224,-0.6102,0.7919,18.91,0
3.8001,CoreSystemMain,0.500,0,-0.0955,0.5117,0.1695,315.33,329.72,28.20,0.1793,0.4487,0.1509,342.05,5.30,349.55,0.0365,0.8331,0.1773,37.61,1.59,0.61,0.1304,0.0750,0.6884,0.00,0.01,0.00,0.0365,0.8331,0.1773,0.0219,-0.6103,0.7918,18.92,0
3.8112,CoreSystemMain,0.500,0,-0.0949,0.5112,0.1697,315.14,330.15,28.07,0.1792,0.4488,0.1517,341.75,5.03,349.56,0.0365,0.8329,0.1776,37.62,1.55,0.57,0.1304,0.0750,0.6884,0.00,0.01,0.00,0.0365,0.8329,0.1776,0.0214,-0.6104,0.7918,18.93,0
3.8222,CoreSystemMain,0.500,0,-0.0941,0.5105,0.1700,315.04,330.57,27.53,0.1792,0.4488,0.1527,341.45,4.84,349.87,0.0366,0.8327,0.1780,37.59,1.48,0.52,0.1304,0.0750,0.6884,0.00,0.01,0.00,0.0366,0.8327,0.1780,0.0204,-0.6100,0.7921,18.98,0
3.8334,CoreSystemMain,0.500,0,-0.0935,0.5100,0.1703,314.99,330.86,27.17,0.1793,0.4487,0.1536,341.04,4.69,350.39,0.0367,0.8325,0.1782,37.60,1.42,0.52,0.1304,0.0750,0.6884,0.00,0.01,0.00,0.0367,0.8325,0.1782,0.0196,-0.6102,0.7920,18.99,0
3.8446,CoreSystemMain,0.500,0,-0.0934,0.5097,0.1705,315.02,330.99,26.93,0.1790,0.4487,0.1544,340.72,4.93,350.59,0.0367,0.8323,0.1784,37.65,1.36,0.52,0.1304,0.0750,0.6884,0.00,0.01,0.00,0.0367,0.8323,0.1784,0.0188,-0.6108,0.7915,18.96,0
3.8555,CoreSystemMain,0.500,0,-0.0930,0.5092,0.1709,315.15,331.09,26.75,0.1789,0.4486,0.1555,340.70,5.45,350.44,0.0368,0.8321,0.1785,37.73,1.29,0.53,0.1304,0.0750,0.6884,0.00,0.01,0.00,0.0368,0.8321,0.1785,0.0179,-0.6120,0.7907,18.89,0
3.8672,CoreSystemMain,0.500,0,-0.0926,0.5087,0.1713,315.31,331.09,26.68,0.1788,0.4483,0.1562,340.93,5.89,350.12,0.0368,0.8318,0.1784,37.84,1.22,0.54,0.1304,0.0750,0.6884,0.00,0.01,0.00,0.0368,0.8318,0.1784,0.0169,-0.6134,0.7896,18.79,0
3.8779,CoreSystemMain,0.500,0,-0.0923,0.5083,0.1718,315.56,331.09,26.65,0.1785,0.4480,0.1574,341.31,6.52,349.61,0.0368,0.8315,0.1784,37.96,1.18,0.57,0.1304,0.0750,0.6884,0.00,0.01,0.00,0.0368,0.8315,0.1784,0.0163,-0.6151,0.7882,18.67,0
3.8888,CoreSystemMain,0.500,0,-0.0921,0.5082,0.1723,315.97,331.15,26.75,0.1781,0.4475,0.1585,341.49,6.99,349.40,0.0369,0.8313,0.1783,38.10,1.16,0.60,0.1304,0.0750,0.6884,0.00,0.01,0.00,0.0369,0.8313,0.1783,0.0159,-0.6170,0.7868,18.53,0
3.9000,CoreSystemMain,0.500,0,-0.0918,0.5080,0.1726,316.29,331.28,26.80,0.1778,0.4472,0.1591,341.63,7.17,349.30,0.0369,0.8311,0.1782,38.20,1.11,0.61,0.1304,0.0750,0.6884,0.00,0.01,0.00,0.0369,0.8311,0.1782,0.0152,-0.6185,0.7857,18.43,0
3.9111,CoreSystemMain,0.500,0,-0.0921,0.5087,0.1730,316.59,330.96,27.19,0.1772,0.4471,0.1598,341.55,7.13,349.36,0.0369,0.8310,0.1782,38.25,1.07,0.61,0.1304,0.0750,0.6884,0.00,0.01,0.00,0.0369,0.8310,0.1782,0.0147,-0.6191,0.7852,18.39,0
3.9223,CoreSystemMain,0.500,0,-0.0920,0.5088,0.1731,316.77,330.75,27.57,0.1767,0.4470,0.1605,341.24,7.00,349.44,0.0369,0.8309,0.1783,38.27,1.02,0.60,0.1304,0.0750,0.6884,0.00,0.01,0.00,0.0369,0.8309,0.1783,0.0140,-0.6194,0.7849,18.38,0
3.9332,CoreSystemMain,0.500,0,-0.0919,0.5092,0.1731,316.86,330.67,28.04,0.1763,0.4470,0.1612,340.92,6.87,349.54,0.0368,0.8310,0.1784,38.25,0.96,0.59,0.1304,0.0750,0.6884,0.00,0.01,0.00,0.0368,0.8310,0.1784,0.0131,-0.6190,0.7853,18.43,0
3.9444,CoreSystemMain,0.500,0,-0.0917,0.5095,0.1731,316.83,330.72,28.27,0.1759,0.4472,0.1619,340.66,6.80,349.38,0.0368,0.8310,0.1785,38.21,0.89,0.58,0.1304,0.0750,0.6884,0.00,0.01,0.00,0.0368,0.8310,0.1785,0.0122,-0.6185,0.7857,18.49,0
3.9555,CoreSystemMain,0.500,0,-0.0915,0.5098,0.1732,316.69,330.85,28.32,0.1755,0.4474,0.1626,340.34,6.75,349.10,0.0368,0.8311,0.1787,38.10,0.84,0.59,0.1304,0.0750,0.6884,0.00,0.01,0.00,0.0368,0.8311,0.1787,0.0115,-0.6171,0.7868,18.61,0
3.9665,CoreSystemMain,0.500,0,-0.0912,0.5107,0.1729,316.14,331.04,27.88,0.1747,0.4480,0.1638,339.53,6.81,348.97,0.0367,0.8313,0.1788,38.03,0.74,0.53,0.1304,0.0750,0.6884,0.00,0.01,0.00,0.0367,0.8313,0.1788,0.0102,-0.6161,0.7876,18.72,0
3.9777,CoreSystemMain,0.500,0,-0.0913,0.5112,0.1728,315.88,331.08,27.63,0.1742,0.4483,0.1641,338.98,6.76,349.11,0.0367,0.8314,0.1789,37.96,0.67,0.55,0.1304,0.0750,0.6884,0.00,0.01,0.00,0.0367,0.8314,0.1789,0.0092,-0.6151,0.7884,18.82,0
3.9893,CoreSystemMain,0.500,0,-0.0913,0.5117,0.1727,315.45,331.01,27.43,0.1736,0.4487,0.1650,338.46,6.68,349.67,0.0366,0.8316,0.1791,37.87,0.54,0.53,0.1304,0.0750,0.6884,0.00,0.01,0.00,0.0366,0.8316,0.1791,0.0075,-0.6139,0.7893,18.94,0
4.0002,CoreSystemMain,0.500,0,-0.0912,0.5120,0.1727,315.19,330.91,27.34,0.1732,0.4489,0.1658,338.17,6.74,349.92,0.0365,0.8317,0.1792,37.80,0.46,0.54,0.1304,0.0750,0.6884,0.00,0.01,0.00,0.0365,0.8317,0.1792,0.0064,-0.6128,0.7902,19.05,0
4.0111,CoreSystemMain,0.500,0,-0.0912,0.5123,0.1726,314.88,330.87,27.05,0.1727,0.4494,0.1666,337.87,6.97,349.88,0.0365,0.8319,0.1792,37.72,0.39,0.54,0.1304,0.0750,0.6884,0.00,0.01,0.00,0.0365,0.8319,0.1792,0.0054,-0.6119,0.7909,19.14,0
4.0222,CoreSystemMain,0.500,0,-0.0913,0.5126,0.1726,314.80,330.91,26.79,0.1722,0.4499,0.1673,337.46,7.29,349.47,0.0364,0.8321,0.1793,37.64,0.32,0.54,0.1304,0.0750,0.6884,0.00,0.01,0.00,0.0364,0.8321,0.1793,0.0044,-0.6107,0.7919,19.25,0
4.0335,CoreSystemMain,0.500,1,-0.0912,0.5128,0.1726,314.70,330.96,26.67,0.1718,0.4502,0.1680,337.17,7.41,349.36,0.0364,0.8324,0.1793,37.51,0.31,0.60,0.1304,0.0750,0.6884,0.00,0.01,0.00,0.0364,0.8324,0.1793,0.0043,-0.6089,0.7932,19.38,0
4.0445,CoreSystemMain,0.500,1,-0.0917,0.5133,0.1725,314.87,330.89,26.84,0.1713,0.4511,0.1683,336.70,7.14,348.05,0.0364,0.8328,0.1794,37.36,0.20,0.50,0.1304,0.0750,0.6884,0.00,0.01,0.00,0.0364,0.8328,0.1794,0.0027,-0.6068,0.7949,19.57,0
4.0556,CoreSystemMain,0.500,1,-0.0918,0.5133,0.1724,314.93,330.66,27.07,0.1708,0.4517,0.1691,336.20,6.57,347.24,0.0363,0.8332,0.1796,37.17,0.14,0.52,0.1298,0.0751,0.6885,0.00,0.01,0.00,0.0363,0.8332,0.1796,0.0019,-0.6042,0.7968,19.77,0
4.0669,CoreSystemMain,0.500,1,-0.0919,0.5134,0.1723,314.94,330.50,27.24,0.1700,0.4521,0.1701,335.42,6.00,347.20,0.0362,0.8337,0.1797,36.94,0.07,0.54,0.1278,0.0756,0.6890,0.00,0.01,0.00,0.0362,0.8337,0.1797,0.0009,-0.6010,0.7992,19.95,0
4.0781,CoreSystemMain,0.500,1,-0.0922,0.5134,0.1722,315.03,330.18,27.57,0.1687,0.4523,0.1714,334.43,5.27,348.43,0.0361,0.8342,0.1799,36.73,359.99,0.46,0.1251,0.0765,0.6899,0.00,0.01,0.00,0.0361,0.8342,0.1799,-0.0001,-0.5980,0.8015,20.08,0
4.0890,CoreSystemMain,0.500,1,-0.0925,0.5132,0.1721,315.08,329.90,27.79,0.1680,0.4526,0.1728,333.64,4.73,350.27,0.0361,0.8344,0.1799,36.61,359.92,0.46,0.1229,0.0778,0.6911,0.00,0.01,0.00,0.0361,0.8344,0.1799,-0.0011,-0.5963,0.8028,20.09,0
4.1000,CoreSystemMain,0.500,1,-0.0927,0.5130,0.1721,315.15,329.75,27.79,0.1671,0.4530,0.1744,333.20,5.66,350.64,0.0360,0.8348,0.1800,36.39,359.81,0.44,0.1219,0.0792,0.6927,0.00,0.01,0.00,0.0360,0.8348,0.1800,-0.0027,-0.5933,0.8050,20.20,0
4.1111,CoreSystemMain,0.500,1,-0.0929,0.5129,0.1721,315.19,329.72,27.69,0.1660,0.4536,0.1755,332.76,6.65,350.55,0.0359,0.8353,0.1801,36.20,359.68,0.46,0.1223,0.0807,0.6944,0.00,0.01,0.00,0.0359,0.8353,0.1801,-0.0045,-0.5906,0.8070,20.30,0
4.1298,CoreSystemMain,0.500,1,-0.0932,0.5129,0.1721,315.23,329.65,27.51,0.1648,0.4548,0.1779,331.78,6.43,350.66,0.0357,0.8362,0.1801,35.78,359.39,0.40,0.1236,0.0822,0.6962,0.00,0.01,0.00,0.0357,0.8362,0.1801,-0.0086,-0.5847,0.8112,20.68,0
4.1342,CoreSystemMain,0.500,1,-0.0933,0.5128,0.1721,315.26,329.60,27.46,0.1641,0.4554,0.1786,331.76,6.58,349.42,0.0357,0.8364,0.1801,35.68,359.40,0.49,0.1253,0.0858,0.7004,0.00,0.01,0.00,0.0357,0.8364,0.1801,-0.0085,-0.5833,0.8122,20.49,0
4.1445,CoreSystemMain,0.500,1,-0.0935,0.5127,0.1722,315.36,329.48,27.47,0.1632,0.4564,0.1803,330.84,5.52,349.49,0.0356,0.8369,0.1801,35.48,359.31,0.45,0.1252,0.0864,0.7011,0.00,0.01,0.00,0.0356,0.8369,0.1801,-0.0097,-0.5804,0.8142,20.66,0
4.1555,CoreSystemMain,0.500,1,-0.0937,0.5126,0.1722,315.42,329.37,27.57,0.1623,0.4573,0.1819,330.15,5.28,349.26,0.0355,0.8376,0.1801,35.24,359.23,0.39,0.1237,0.0888,0.7037,0.00,0.01,0.00,0.0355,0.8376,0.1801,-0.0109,-0.5770,0.8166,20.70,0
4.1720,CoreSystemMain,0.500,1,-0.0939,0.5124,0.1723,315.57,329.21,27.88,0.1607,0.4591,0.1848,328.70,5.00,349.13,0.0353,0.8385,0.1800,34.89,359.14,0.28,0.1216,0.0916,0.7068,0.00,0.01,0.00,0.0353,0.8385,0.1800,-0.0123,-0.5720,0.8202,20.80,0
4.1780,CoreSystemMain,0.500,1,-0.0939,0.5121,0.1724,315.62,329.10,28.05,0.1601,0.4604,0.1865,327.72,5.34,349.27,0.0353,0.8389,0.1800,34.71,359.07,0.28,0.1175,0.0976,0.7130,0.00,0.01,0.00,0.0353,0.8389,0.1800,-0.0134,-0.5695,0.8219,20.42,0
4.1893,CoreSystemMain,0.500,1,-0.0941,0.5121,0.1725,315.65,329.08,28.05,0.1592,0.4617,0.1889,326.68,5.81,349.56,0.0352,0.8396,0.1800,34.37,358.99,0.28,0.1167,0.0997,0.7152,0.00,0.01,0.00,0.0352,0.8396,0.1800,-0.0145,-0.5645,0.8253,20.60,0
4.2002,CoreSystemMain,0.500,1,-0.0941,0.5121,0.1725,315.62,329.06,27.98,0.1583,0.4630,0.1915,325.64,6.40,350.19,0.0352,0.8404,0.1801,34.02,358.93,0.29,0.1163,0.1048,0.7204,0.00,0.01,0.00,0.0352,0.8404,0.1801,-0.0155,-0.5595,0.8287,20.55,0
4.2113,CoreSystemMain,0.500,1,-0.0943,0.5121,0.1726,315.56,329.09,27.92,0.1572,0.4643,0.1939,324.85,6.99,350.10,0.0351,0.8413,0.1802,33.64,358.87,0.31,0.1179,0.1098,0.7256,0.00,0.01,0.00,0.0351,0.8413,0.1802,-0.0164,-0.5540,0.8323,20.55,0
4.2225,CoreSystemMain,0.500,1,-0.0943,0.5122,0.1727,315.45,329.15,27.82,0.1562,0.4657,0.1963,323.97,7.07,350.33,0.0351,0.8423,0.1803,33.19,358.82,0.36,0.1199,0.1149,0.7308,0.00,0.01,0.00,0.0351,0.8423,0.1803,-0.0172,-0.5475,0.8366,20.64,0
4.2337,CoreSystemMain,0.500,1,-0.0944,0.5122,0.1727,315.27,329.28,27.60,0.1547,0.4677,0.1991,323.22,6.95,349.72,0.0351,0.8431,0.1804,32.91,358.81,0.37,0.1219,0.1200,0.7359,0.00,0.01,0.00,0.0351,0.8431,0.1804,-0.0174,-0.5433,0.8394,20.56,0
4.2445,CoreSystemMain,0.500,1,-0.0944,0.5123,0.1728,315.23,329.33,27.54,0.1540,0.4696,0.2011,322.40,6.81,349.44,0.0351,0.8436,0.1804,32.69,358.79,0.39,0.1222,0.1249,0.7408,0.00,0.01,0.00,0.0351,0.8436,0.1804,-0.0178,-0.5402,0.8414,20.38,0
4.2560,CoreSystemMain,0.500,1,-0.0944,0.5126,0.1728,315.19,329.56,27.48,0.1524,0.4719,0.2040,321.46,6.36,348.53,0.0351,0.8448,0.1802,32.23,358.75,0.35,0.1217,0.1297,0.7455,0.00,0.01,0.00,0.0351,0.8448,0.1802,-0.0185,-0.5333,0.8457,20.47,0
4.2669,CoreSystemMain,0.500,1,-0.0945,0.5128,0.1729,315.18,329.56,27.47,0.1510,0.4738,0.2066,320.54,6.28,348.08,0.0352,0.8457,0.1801,31.90,358.72,0.36,0.1189,0.1354,0.7507,0.00,0.01,0.00,0.0352,0.8457,0.1801,-0.0189,-0.5285,0.8487,20.31,0
4.2782,CoreSystemMain,0.500,1,-0.0947,0.5130,0.1730,315.20,329.52,27.46,0.1496,0.4761,0.2093,319.43,6.25,347.79,0.0352,0.8465,0.1798,31.56,358.70,0.35,0.1156,0.1410,0.7556,0.00,0.01,0.00,0.0352,0.8465,0.1798,-0.0193,-0.5234,0.8518,20.16,0
4.2890,CoreSystemMain,0.500,1,-0.0948,0.5132,0.1731,315.22,329.42,27.48,0.1485,0.4782,0.2120,318.28,6.56,347.65,0.0352,0.8474,0.1798,31.25,358.71,0.38,0.1121,0.1472,0.7608,0.00,0.01,0.00,0.0352,0.8474,0.1798,-0.0192,-0.5187,0.8547,19.94,0
4.3006,CoreSystemMain,0.500,1,-0.0951,0.5135,0.1732,315.18,329.14,27.72,0.1473,0.4808,0.2152,316.91,7.60,347.47,0.0352,0.8482,0.1797,30.90,358.71,0.40,0.1094,0.1535,0.7659,0.00,0.01,0.00,0.0352,0.8482,0.1797,-0.0194,-0.5135,0.8579,19.78,0
4.3114,CoreSystemMain,0.500,1,-0.0951,0.5142,0.1732,315.03,328.89,27.89,0.1465,0.4833,0.2181,315.70,8.16,347.57,0.0353,0.8492,0.1795,30.51,358.73,0.46,0.1087,0.1610,0.7717,0.00,0.01,0.00,0.0353,0.8492,0.1795,-0.0191,-0.5077,0.8613,19.61,0
4.3225,CoreSystemMain,0.500,1,-0.0953,0.5144,0.1734,314.88,328.68,27.97,0.1454,0.4855,0.2211,314.57,7.99,347.77,0.0353,0.8505,0.1793,30.00,358.73,0.51,0.1093,0.1681,0.7770,0.00,0.01,0.00,0.0353,0.8505,0.1793,-0.0192,-0.5000,0.8658,19.63,0
4.3339,CoreSystemMain,0.500,1,-0.0954,0.5146,0.1735,314.82,328.58,28.00,0.1442,0.4875,0.2240,313.52,7.97,347.77,0.0353,0.8514,0.1792,29.65,358.74,0.55,0.1096,0.1753,0.7822,0.00,0.01,0.00,0.0353,0.8514,0.1792,-0.0191,-0.4947,0.8688,19.47,0
4.3447,CoreSystemMain,0.500,1,-0.0955,0.5148,0.1736,314.72,328.65,27.83,0.1431,0.4896,0.2265,312.68,7.40,347.90,0.0353,0.8523,0.1789,29.33,358.72,0.58,0.1096,0.1826,0.7872,0.00,0.01,0.00,0.0353,0.8523,0.1789,-0.0195,-0.4899,0.8716,19.29,0
4.3560,CoreSystemMain,0.500,1,-0.0956,0.5150,0.1738,314.65,328.61,27.82,0.1420,0.4917,0.2292,311.82,7.25,347.72,0.0353,0.8530,0.1786,29.06,358.72,0.63,0.1085,0.1889,0.7914,0.00,0.01,0.00,0.0353,0.8530,0.1786,-0.0196,-0.4857,0.8739,19.11,0
4.3669,CoreSystemMain,0.500,1,-0.0957,0.5152,0.1740,314.57,328.66,27.73,0.1406,0.4942,0.2323,310.87,7.09,347.49,0.0353,0.8539,0.1784,28.79,358.71,0.63,0.1068,0.1953,0.7956,0.00,0.01,0.00,0.0353,0.8539,0.1784,-0.0197,-0.4816,0.8762,18.91,0
4.3783,CoreSystemMain,0.500,1,-0.0957,0.5157,0.1741,314.51,328.65,27.74,0.1395,0.4968,0.2350,310.02,7.04,347.28,0.0354,0.8547,0.1780,28.50,358.69,0.62,0.1045,0.2016,0.7996,0.00,0.01,0.00,0.0354,0.8547,0.1780,-0.0201,-0.4772,0.8786,18.73,0
4.3894,CoreSystemMain,0.500,1,-0.0959,0.5159,0.1742,314.55,328.57,27.86,0.1384,0.4999,0.2377,309.50,7.98,346.50,0.0354,0.8554,0.1778,28.25,358.68,0.63,0.1020,0.2080,0.8035,0.00,0.01,0.00,0.0354,0.8554,0.1778,-0.0203,-0.4733,0.8806,18.51,0
4.4003,CoreSystemMain,0.500,1,-0.0960,0.5161,0.1744,314.56,328.50,28.00,0.1374,0.5026,0.2407,308.86,8.84,345.80,0.0353,0.8564,0.1775,27.89,358.66,0.64,0.1004,0.2137,0.8070,0.00,0.01,0.00,0.0353,0.8564,0.1775,-0.0207,-0.4677,0.8836,18.47,0
4.4116,CoreSystemMain,0.500,1,-0.0961,0.5164,0.1745,314.60,328.42,28.14,0.1366,0.5057,0.2437,308.25,10.03,345.04,0.0353,0.8572,0.1771,27.57,358.61,0.64,0.0994,0.2192,0.8104,0.00,0.01,0.00,0.0353,0.8572,0.1771,-0.0215,-0.4629,0.8862,18.41,0
4.4223,CoreSystemMain,0.500,1,-0.0963,0.5166,0.1746,314.57,328.33,28.22,0.1355,0.5083,0.2467,307.43,10.58,344.54,0.0353,0.8581,0.1769,27.24,358.58,0.66,0.0994,0.2249,0.8139,0.00,0.01,0.00,0.0353,0.8581,0.1769,-0.0220,-0.4578,0.8888,18.36,0
4.4335,CoreSystemMain,0.500,1,-0.0963,0.5169,0.1747,314.52,328.20,28.33,0.1347,0.5112,0.2498,306.23,11.05,343.96,0.0352,0.8590,0.1766,26.94,358.55,0.65,0.0995,0.2305,0.8171,0.00,0.01,0.00,0.0352,0.8590,0.1766,-0.0225,-0.4530,0.8912,18.31,0
4.4447,CoreSystemMain,0.500,1,-0.0960,0.5174,0.1747,314.40,328.04,28.41,0.1341,0.5135,0.2527,304.92,10.74,344.06,0.0352,0.8598,0.1763,26.66,358.53,0.65,0.0996,0.2371,0.8205,0.00,0.01,0.00,0.0352,0.8598,0.1763,-0.0229,-0.4488,0.8934,18.17,0
4.4557,CoreSystemMain,0.500,1,-0.0960,0.5175,0.1747,314.27,327.89,28.46,0.1331,0.5162,0.2559,303.63,10.09,344.61,0.0352,0.8606,0.1759,26.39,358.50,0.64,0.0991,0.2443,0.8236,0.00,0.01,0.00,0.0352,0.8606,0.1759,-0.0234,-0.4445,0.8955,18.00,0
4.4670,CoreSystemMain,0.500,1,-0.0960,0.5177,0.1748,314.18,327.77,28.52,0.1322,0.5189,0.2591,302.51,9.91,344.94,0.0351,0.8614,0.1755,26.10,358.47,0.63,0.0981,0.2516,0.8266,0.00,0.01,0.00,0.0351,0.8614,0.1755,-0.0240,-0.4399,0.8977,17.86,0
4.4779,CoreSystemMain,0.500,1,-0.0960,0.5178,0.1749,314.10,327.76,28.55,0.1315,0.5216,0.2619,301.84,10.39,345.02,0.0351,0.8623,0.1752,25.80,358.42,0.61,0.0972,0.2591,0.8294,0.00,0.01,0.00,0.0351,0.8623,0.1752,-0.0248,-0.4352,0.9000,17.71,0
4.4892,CoreSystemMain,0.500,1,-0.0959,0.5179,0.1750,314.11,327.79,28.52,0.1307,0.5245,0.2649,301.41,11.38,344.46,0.0350,0.8633,0.1749,25.40,358.36,0.60,0.0973,0.2655,0.8319,0.00,0.01,0.00,0.0350,0.8633,0.1749,-0.0258,-0.4289,0.9030,17.75,0
4.5004,CoreSystemMain,0.500,1,-0.0958,0.5179,0.1751,314.15,327.83,28.43,0.1298,0.5275,0.2678,301.15,12.74,343.45,0.0350,0.8642,0.1747,25.06,358.31,0.56,0.0981,0.2715,0.8345,0.00,0.01,0.00,0.0350,0.8642,0.1747,-0.0267,-0.4235,0.9055,17.76,0
4.5117,CoreSystemMain,0.500,1,-0.0955,0.5184,0.1754,314.18,327.77,28.42,0.1288,0.5307,0.2708,300.85,14.08,342.01,0.0349,0.8653,0.1743,24.62,358.24,0.53,0.0995,0.2767,0.8369,0.00,0.01,0.00,0.0349,0.8653,0.1743,-0.0279,-0.4166,0.9087,17.93,0
4.5224,CoreSystemMain,0.500,1,-0.0954,0.5183,0.1756,314.25,327.63,28.52,0.1279,0.5336,0.2735,300.48,15.23,340.49,0.0349,0.8663,0.1740,24.27,358.19,0.50,0.1007,0.2817,0.8394,0.00,0.01,0.00,0.0349,0.8663,0.1740,-0.0288,-0.4111,0.9112,18.00,0
4.5336,CoreSystemMain,0.500,1,-0.0953,0.5183,0.1758,314.26,327.51,28.62,0.1267,0.5368,0.2766,299.83,16.19,339.29,0.0348,0.8671,0.1737,23.95,358.15,0.48,0.1014,0.2864,0.8416,0.00,0.01,0.00,0.0348,0.8671,0.1737,-0.0295,-0.4059,0.9134,18.06,0
4.5446,CoreSystemMain,0.500,1,-0.0950,0.5183,0.1760,314.30,327.46,28.73,0.1257,0.5399,0.2792,299.30,16.73,338.41,0.0347,0.8679,0.1733,23.66,358.10,0.46,0.1020,0.2916,0.8439,0.00,0.01,0.00,0.0347,0.8679,0.1733,-0.0303,-0.4013,0.9154,18.05,0
4.5560,CoreSystemMain,0.500,1,-0.0949,0.5183,0.1761,314.36,327.47,28.86,0.1250,0.5432,0.2813,298.96,16.98,337.94,0.0347,0.8687,0.1728,23.40,358.07,0.46,0.1020,0.2967,0.8459,0.00,0.01,0.00,0.0347,0.8687,0.1728,-0.0309,-0.3971,0.9173,18.01,0
4.5668,CoreSystemMain,0.500,1,-0.0947,0.5184,0.1762,314.42,327.52,28.93,0.1243,0.5467,0.2830,298.62,17.81,337.23,0.0347,0.8695,0.1724,23.15,358.04,0.44,0.1017,0.3015,0.8480,0.00,0.01,0.00,0.0347,0.8695,0.1724,-0.0314,-0.3931,0.9190,17.96,0
4.5784,CoreSystemMain,0.500,1,-0.0942,0.5187,0.1764,314.49,327.61,28.97,0.1238,0.5502,0.2847,298.15,19.14,336.14,0.0346,0.8703,0.1719,22.88,358.02,0.42,0.1017,0.3059,0.8497,0.00,0.01,0.00,0.0346,0.8703,0.1719,-0.0318,-0.3889,0.9208,17.97,0
4.5890,CoreSystemMain,0.500,1,-0.0941,0.5189,0.1765,314.50,327.70,29.03,0.1232,0.5537,0.2863,297.64,20.35,334.98,0.0346,0.8711,0.1715,22.58,358.02,0.38,0.1023,0.3108,0.8514,0.00,0.01,0.00,0.0346,0.8711,0.1715,-0.0319,-0.3839,0.9228,18.00,0
4.6002,CoreSystemMain,0.500,1,-0.0939,0.5191,0.1766,314.46,327.72,29.07,0.1224,0.5574,0.2877,296.77,21.25,334.13,0.0345,0.8720,0.1712,22.26,358.01,0.36,0.1031,0.3155,0.8528,0.00,0.01,0.00,0.0345,0.8720,0.1712,-0.0321,-0.3788,0.9249,18.08,0
4.6116,CoreSystemMain,0.500,1,-0.0937,0.5194,0.1767,314.33,327.70,29.02,0.1217,0.5608,0.2888,295.63,21.64,333.58,0.0345,0.8728,0.1709,21.96,358.00,0.35,0.1041,0.3209,0.8539,0.00,0.01,0.00,0.0345,0.8728,0.1709,-0.0324,-0.3739,0.9269,18.12,0
4.6225,CoreSystemMain,0.500,1,-0.0936,0.5197,0.1767,314.25,327.70,28.98,0.1208,0.5642,0.2903,294.52,22.08,332.98,0.0344,0.8737,0.1705,21.65,357.98,0.34,0.1046,0.3271,0.8545,0.00,0.01,0.00,0.0344,0.8737,0.1705,-0.0328,-0.3689,0.9289,18.14,0
4.6337,CoreSystemMain,0.500,1,-0.0936,0.5199,0.1768,314.17,327.73,28.96,0.1201,0.5674,0.2917,293.42,22.54,332.50,0.0343,0.8744,0.1703,21.36,357.96,0.34,0.1048,0.3334,0.8548,0.00,0.01,0.00,0.0343,0.8744,0.1703,-0.0332,-0.3643,0.9307,18.14,0
4.6447,CoreSystemMain,0.500,1,-0.0934,0.5204,0.1767,314.11,327.72,28.95,0.1193,0.5705,0.2930,292.57,23.21,331.81,0.0342,0.8752,0.1699,21.07,357.93,0.35,0.1047,0.3402,0.8547,0.00,0.01,0.00,0.0342,0.8752,0.1699,-0.0337,-0.3595,0.9325,18.13,0
4.6558,CoreSystemMain,0.500,1,-0.0934,0.5208,0.1767,314.06,327.68,29.00,0.1187,0.5736,0.2935,291.96,23.51,331.48,0.0341,0.8759,0.1696,20.79,357.92,0.36,0.1045,0.3468,0.8543,0.00,0.01,0.00,0.0341,0.8759,0.1696,-0.0340,-0.3550,0.9343,18.12,0
4.6670,CoreSystemMain,0.500,1,-0.0935,0.5211,0.1767,313.98,327.56,29.14,0.1181,0.5769,0.2945,291.46,24.20,330.71,0.0340,0.8766,0.1692,20.52,357.90,0.36,0.1042,0.3528,0.8539,0.00,0.01,0.00,0.0340,0.8766,0.1692,-0.0343,-0.3505,0.9359,18.12,0
4.6782,CoreSystemMain,0.500,1,-0.0935,0.5213,0.1767,313.88,327.42,29.35,0.1176,0.5800,0.2952,291.04,25.45,329.40,0.0340,0.8773,0.1688,20.26,357.89,0.37,0.1038,0.3584,0.8535,0.00,0.01,0.00,0.0340,0.8773,0.1688,-0.0345,-0.3462,0.9375,18.13,0
4.6892,CoreSystemMain,0.500,1,-0.0936,0.5214,0.1767,313.82,327.26,29.53,0.1171,0.5828,0.2960,290.51,26.51,328.30,0.0339,0.8778,0.1686,20.06,357.88,0.36,0.1036,0.3637,0.8530,0.00,0.01,0.00,0.0339,0.8778,0.1686,-0.0347,-0.3431,0.9387,18.08,0
4.7003,CoreSystemMain,0.500,1,-0.0937,0.5216,0.1768,313.78,327.19,29.63,0.1165,0.5860,0.2970,289.79,27.48,327.28,0.0338,0.8788,0.1682,19.70,357.90,0.34,0.1034,0.3689,0.8523,0.00,0.01,0.00,0.0338,0.8788,0.1682,-0.0346,-0.3371,0.9408,18.22,0
4.7113,CoreSystemMain,0.500,1,-0.0937,0.5216,0.1768,313.73,327.08,29.72,0.1158,0.5884,0.2979,289.07,28.16,326.61,0.0337,0.8793,0.1679,19.51,357.90,0.33,0.1031,0.3742,0.8514,0.00,0.01,0.00,0.0337,0.8793,0.1679,-0.0346,-0.3340,0.9419,18.19,0
4.7225,CoreSystemMain,0.500,1,-0.0938,0.5215,0.1770,313.71,326.95,29.64,0.1153,0.5908,0.2985,288.17,28.43,326.38,0.0336,0.8798,0.1675,19.32,357.90,0.34,0.1029,0.3795,0.8503,0.00,0.01,0.00,0.0336,0.8798,0.1675,-0.0346,-0.3309,0.9430,18.15,0
4.7336,CoreSystemMain,0.500,1,-0.0938,0.5216,0.1772,313.71,326.85,29.70,0.1147,0.5936,0.2995,287.50,29.29,325.56,0.0335,0.8803,0.1671,19.11,357.89,0.35,0.1024,0.3849,0.8489,0.00,0.01,0.00,0.0335,0.8803,0.1671,-0.0348,-0.3274,0.9443,18.14,0
4.7447,CoreSystemMain,0.500,1,-0.0939,0.5215,0.1775,313.85,326.82,29.73,0.1143,0.5960,0.3002,286.90,29.54,325.32,0.0334,0.8808,0.1667,18.95,357.89,0.37,0.1020,0.3903,0.8475,0.00,0.01,0.00,0.0334,0.8808,0.1667,-0.0349,-0.3247,0.9452,18.08,0
4.7556,CoreSystemMain,0.500,1,-0.0940,0.5215,0.1777,313.91,326.78,29.87,0.1138,0.5985,0.3011,286.51,30.28,324.60,0.0333,0.8812,0.1663,18.77,357.88,0.40,0.1015,0.3952,0.8460,0.00,0.01,0.00,0.0333,0.8812,0.1663,-0.0350,-0.3218,0.9462,18.05,0
4.7668,CoreSystemMain,0.500,1,-0.0940,0.5215,0.1778,313.93,326.69,30.06,0.1134,0.6010,0.3019,286.18,31.23,323.60,0.0332,0.8817,0.1660,18.61,357.87,0.42,0.1011,0.3997,0.8447,0.00,0.01,0.00,0.0332,0.8817,0.1660,-0.0352,-0.3191,0.9471,18.03,0
4.7781,CoreSystemMain,0.500,1,-0.0941,0.5215,0.1779,313.92,326.61,30.19,0.1128,0.6034,0.3027,285.92,31.89,322.73,0.0331,0.8821,0.1656,18.47,357.87,0.44,0.1007,0.4041,0.8435,0.00,0.01,0.00,0.0331,0.8821,0.1656,-0.0352,-0.3168,0.9478,17.98,0
4.7889,CoreSystemMain,0.500,1,-0.0941,0.5214,0.1780,313.90,326.58,30.20,0.1125,0.6058,0.3033,285.70,32.88,321.52,0.0330,0.8825,0.1653,18.36,357.88,0.45,0.1000,0.4081,0.8424,0.00,0.01,0.00,0.0330,0.8825,0.1653,-0.0352,-0.3149,0.9485,17.91,0
4.8000,CoreSystemMain,0.500,1,-0.0940,0.5215,0.1782,313.85,326.62,30.14,0.1123,0.6081,0.3039,285.45,34.43,319.80,0.0329,0.8828,0.1649,18.25,357.90,0.46,0.0993,0.4118,0.8414,0.00,0.01,0.00,0.0329,0.8828,0.1649,-0.0349,-0.3131,0.9491,17.85,0
4.8110,CoreSystemMain,0.500,1,-0.0940,0.5215,0.1784,313.82,326.62,30.08,0.1120,0.6103,0.3045,285.04,36.16,317.95,0.0327,0.8832,0.1645,18.15,357.92,0.46,0.0987,0.4155,0.8402,0.00,0.01,0.00,0.0327,0.8832,0.1645,-0.0345,-0.3115,0.9496,17.77,0
4.8221,CoreSystemMain,0.500,1,-0.0940,0.5216,0.1785,313.81,326.58,30.03,0.1118,0.6124,0.3051,284.39,37.62,316.43,0.0326,0.8834,0.1642,18.09,357.95,0.46,0.0981,0.4193,0.8389,0.00,0.01,0.00,0.0326,0.8834,0.1642,-0.0340,-0.3106,0.9499,17.65,0
4.8334,CoreSystemMain,0.500,1,-0.0940,0.5216,0.1787,313.80,326.53,30.08,0.1115,0.6147,0.3058,283.85,38.87,315.13,0.0325,0.8836,0.1638,18.02,357.97,0.46,0.0975,0.4234,0.8372,0.00,0.01,0.00,0.0325,0.8836,0.1638,-0.0336,-0.3094,0.9503,17.54,0
4.8445,CoreSystemMain,0.500,1,-0.0939,0.5219,0.1787,313.84,326.40,30.27,0.1116,0.6160,0.3059,283.19,38.22,315.81,0.0324,0.8838,0.1634,17.96,357.99,0.48,0.0968,0.4276,0.8354,0.00,0.01,0.00,0.0324,0.8838,0.1634,-0.0334,-0.3084,0.9507,17.42,0
4.8557,CoreSystemMain,0.500,1,-0.0939,0.5221,0.1788,313.83,326.26,30.49,0.1117,0.6177,0.3062,282.76,38.85,315.30,0.0323,0.8841,0.1631,17.90,358.01,0.51,0.0959,0.4315,0.8336,0.00,0.01,0.00,0.0323,0.8841,0.1631,-0.0330,-0.3073,0.9510,17.32,0
4.8667,CoreSystemMain,0.500,1,-0.0939,0.5222,0.1788,313.82,326.18,30.61,0.1118,0.6193,0.3063,282.50,39.88,314.44,0.0321,0.8843,0.1628,17.82,358.03,0.54,0.0952,0.4351,0.8319,0.00,0.01,0.00,0.0321,0.8843,0.1628,-0.0327,-0.3060,0.9515,17.25,0
4.8777,CoreSystemMain,0.500,1,-0.0939,0.5224,0.1788,313.79,326.16,30.74,0.1120,0.6207,0.3062,282.47,40.95,313.41,0.0320,0.8845,0.1626,17.76,358.07,0.57,0.0949,0.4384,0.8303,0.00,0.01,0.00,0.0320,0.8845,0.1626,-0.0321,-0.3050,0.9518,17.18,0
4.8889,CoreSystemMain,0.500,1,-0.0938,0.5226,0.1788,313.77,326.19,30.78,0.1122,0.6220,0.3060,282.42,41.41,313.00,0.0318,0.8847,0.1624,17.70,358.10,0.59,0.0947,0.4413,0.8289,0.00,0.01,0.00,0.0318,0.8847,0.1624,-0.0316,-0.3040,0.9521,17.12,0
4.8999,CoreSystemMain,0.500,1,-0.0938,0.5228,0.1787,313.75,326.29,30.72,0.1122,0.6232,0.3057,282.32,42.18,312.11,0.0316,0.8849,0.1622,17.66,358.12,0.63,0.0946,0.4439,0.8277,0.00,0.01,0.00,0.0316,0.8849,0.1622,-0.0313,-0.3033,0.9524,17.06,0
4.9110,CoreSystemMain,0.500,1,-0.0938,0.5228,0.1786,313.70,326.28,30.76,0.1122,0.6249,0.3060,282.04,43.27,310.98,0.0314,0.8850,0.1619,17.66,358.15,0.66,0.0945,0.4463,0.8265,0.00,0.01,0.00,0.0314,0.8850,0.1619,-0.0308,-0.3033,0.9524,16.96,0
4.9222,CoreSystemMain,0.500,1,-0.0938,0.5230,0.1785,313.59,326.29,30.72,0.1121,0.6250,0.3051,282.05,43.12,310.68,0.0312,0.8849,0.1618,17.68,358.14,0.71,0.0944,0.4488,0.8253,0.00,0.01,0.00,0.0312,0.8849,0.1618,-0.0309,-0.3036,0.9523,16.85,0
4.9333,CoreSystemMain,0.500,1,-0.0938,0.5232,0.1784,313.56,326.19,30.75,0.1121,0.6258,0.3047,281.91,43.52,310.05,0.0310,0.8849,0.1616,17.70,358.15,0.77,0.0939,0.4508,0.8242,0.00,0.01,0.00,0.0310,0.8849,0.1616,-0.0307,-0.3041,0.9521,16.73,0
4.9444,CoreSystemMain,0.500,1,-0.0939,0.5233,0.1783,313.53,326.06,30.82,0.1120,0.6266,0.3043,281.77,43.82,309.66,0.0308,0.8848,0.1614,17.75,358.16,0.82,0.0933,0.4528,0.8230,0.00,0.01,0.00,0.0308,0.8848,0.1614,-0.0306,-0.3049,0.9519,16.60,0
4.9555,CoreSystemMain,0.500,1,-0.0939,0.5234,0.1782,313.53,325.94,30.90,0.1120,0.6271,0.3038,281.61,44.11,309.25,0.0307,0.8848,0.1613,17.77,358.16,0.88,0.0926,0.4547,0.8219,0.00,0.01,0.00,0.0307,0.8848,0.1613,-0.0306,-0.3052,0.9518,16.50,0
4.9667,CoreSystemMain,0.500,1,-0.0940,0.5235,0.1781,313.54,325.77,31.05,0.1120,0.6276,0.3034,281.41,44.34,309.12,0.0304,0.8847,0.1612,17.79,358.17,0.94,0.0919,0.4564,0.8208,0.00,0.01,0.00,0.0304,0.8847,0.1612,-0.0304,-0.3056,0.9517,16.40,0
4.9777,CoreSystemMain,0.500,1,-0.0940,0.5236,0.1780,313.53,325.67,31.14,0.1120,0.6286,0.3032,281.18,45.00,308.45,0.0303,0.8847,0.1611,17.80,358.18,0.97,0.0913,0.4581,0.8198,0.00,0.01,0.00,0.0303,0.8847,0.1611,-0.0302,-0.3057,0.9516,16.32,0
4.9888,CoreSystemMain,0.500,1,-0.0941,0.5234,0.1779,313.60,325.56,31.28,0.1120,0.6282,0.3028,280.99,44.80,309.07,0.0300,0.8847,0.1610,17.82,358.19,1.00,0.0907,0.4597,0.8187,0.00,0.01,0.00,0.0300,0.8847,0.1610,-0.0300,-0.3060,0.9516,16.24,0
5.0003,CoreSystemMain,0.500,1,-0.0942,0.5234,0.1777,313.56,325.52,31.39,0.1120,0.6283,0.3025,280.79,44.68,309.33,0.0298,0.8846,0.1610,17.85,358.20,1.02,0.0905,0.4611,0.8176,0.00,0.01,0.00,0.0298,0.8846,0.1610,-0.0299,-0.3066,0.9514,16.16,0
5.0111,CoreSystemMain,0.500,1,-0.0942,0.5233,0.1776,313.55,325.53,31.41,0.1120,0.6283,0.3021,280.65,44.35,309.74,0.0296,0.8845,0.1610,17.92,358.19,1.05,0.0902,0.4625,0.8166,0.00,0.01,0.00,0.0296,0.8845,0.1610,-0.0301,-0.3076,0.9510,16.06,0
5.0221,CoreSystemMain,0.500,1,-0.0942,0.5232,0.1774,313.52,325.56,31.35,0.1120,0.6282,0.3017,280.62,44.21,309.85,0.0293,0.8843,0.1610,17.98,358.19,1.10,0.0900,0.4637,0.8158,0.00,0.01,0.00,0.0293,0.8843,0.1610,-0.0301,-0.3087,0.9507,15.96,0
5.0333,CoreSystemMain,0.500,1,-0.0942,0.5231,0.1773,313.50,325.58,31.26,0.1120,0.6280,0.3012,280.72,43.85,310.06,0.0291,0.8841,0.1609,18.07,358.18,1.14,0.0898,0.4647,0.8150,0.00,0.01,0.00,0.0291,0.8841,0.1609,-0.0301,-0.3102,0.9502,15.84,0
5.0445,CoreSystemMain,0.500,1,-0.0942,0.5226,0.1772,313.52,325.60,31.16,0.1118,0.6279,0.3006,280.94,43.32,310.40,0.0289,0.8838,0.1609,18.18,358.17,1.19,0.0895,0.4656,0.8143,0.00,0.01,0.00,0.0289,0.8838,0.1609,-0.0303,-0.3121,0.9496,15.70,0
5.0555,CoreSystemMain,0.500,1,-0.0942,0.5225,0.1771,313.57,325.68,31.07,0.1119,0.6278,0.3001,281.14,43.35,310.16,0.0288,0.8836,0.1608,18.28,358.17,1.24,0.0892,0.4663,0.8138,0.00,0.01,0.00,0.0288,0.8836,0.1608,-0.0303,-0.3137,0.9490,15.57,0
5.0667,CoreSystemMain,0.500,1,-0.0943,0.5224,0.1770,313.71,325.74,31.05,0.1120,0.6275,0.2995,281.32,43.18,310.14,0.0286,0.8834,0.1607,18.36,358.17,1.29,0.0889,0.4668,0.8133,0.00,0.01,0.00,0.0286,0.8834,0.1607,-0.0303,-0.3149,0.9486,15.47,0
5.0778,CoreSystemMain,0.500,1,-0.0943,0.5223,0.1769,313.80,325.68,31.18,0.1120,0.6270,0.2990,281.34,43.03,310.29,0.0284,0.8833,0.1607,18.39,358.18,1.31,0.0886,0.4673,0.8130,0.00,0.01,0.00,0.0284,0.8833,0.1607,-0.0302,-0.3155,0.9485,15.41,0
5.0888,CoreSystemMain,0.500,1,-0.0944,0.5222,0.1767,313.84,325.54,31.37,0.1121,0.6264,0.2984,281.28,42.93,310.41,0.0282,0.8832,0.1608,18.40,358.18,1.31,0.0883,0.4677,0.8126,0.00,0.01,0.00,0.0282,0.8832,0.1608,-0.0301,-0.3156,0.9484,15.39,0
5.0999,CoreSystemMain,0.500,1,-0.0945,0.5220,0.1766,313.82,325.42,31.47,0.1121,0.6258,0.2979,281.18,42.73,310.64,0.0280,0.8832,0.1608,18.39,358.19,1.32,0.0881,0.4681,0.8122,0.00,0.01,0.00,0.0280,0.8832,0.1608,-0.0300,-0.3154,0.9485,15.39,0
5.1112,CoreSystemMain,0.500,1,-0.0945,0.5219,0.1765,313.83,325.39,31.51,0.1121,0.6255,0.2975,281.13,42.53,310.82,0.0278,0.8832,0.1609,18.39,358.19,1.33,0.0878,0.4684,0.8119,0.00,0.01,0.00,0.0278,0.8832,0.1609,-0.0300,-0.3155,0.9485,15.38,0
5.1221,CoreSystemMain,0.500,1,-0.0946,0.5215,0.1765,313.79,325.47,31.33,0.1120,0.6242,0.2972,281.08,40.78,312.62,0.0277,0.8832,0.1610,18.35,358.18,1.31,0.0875,0.4688,0.8115,0.00,0.01,0.00,0.0277,0.8832,0.1610,-0.0301,-0.3148,0.9487,15.41,0
5.1332,CoreSystemMain,0.500,1,-0.0947,0.5213,0.1764,313.82,325.51,31.28,0.1120,0.6236,0.2968,281.11,39.82,313.55,0.0275,0.8831,0.1611,18.34,358.16,1.32,0.0873,0.4690,0.8112,0.00,0.01,0.00,0.0275,0.8831,0.1611,-0.0304,-0.3147,0.9487,15.43,0
5.1443,CoreSystemMain,0.500,1,-0.0948,0.5211,0.1764,313.86,325.59,31.09,0.1118,0.6225,0.2964,281.39,38.29,314.95,0.0274,0.8831,0.1612,18.34,358.15,1.32,0.0870,0.4691,0.8108,0.00,0.01,0.00,0.0274,0.8831,0.1612,-0.0307,-0.3146,0.9487,15.44,0
5.1559,CoreSystemMain,0.500,1,-0.0948,0.5208,0.1765,313.96,325.62,31.01,0.1117,0.6216,0.2960,281.63,37.79,315.38,0.0273,0.8831,0.1613,18.34,358.13,1.34,0.0866,0.4692,0.8105,0.00,0.01,0.00,0.0273,0.8831,0.1613,-0.0310,-0.3146,0.9487,15.46,0
5.1667,CoreSystemMain,0.500,1,-0.0950,0.5206,0.1765,314.04,325.60,31.03,0.1116,0.6208,0.2956,281.80,37.35,315.78,0.0272,0.8831,0.1614,18.32,358.12,1.36,0.0863,0.4692,0.8103,0.00,0.01,0.00,0.0272,0.8831,0.1614,-0.0311,-0.3144,0.9488,15.48,0
5.1777,CoreSystemMain,0.500,1,-0.0951,0.5201,0.1766,314.13,325.52,31.14,0.1115,0.6196,0.2955,282.27,37.00,316.04,0.0270,0.8831,0.1615,18.31,358.10,1.39,0.0860,0.4691,0.8100,0.00,0.01,0.00,0.0270,0.8831,0.1615,-0.0314,-0.3141,0.9489,15.50,0
5.1889,CoreSystemMain,0.500,1,-0.0952,0.5199,0.1767,314.21,325.47,31.22,0.1114,0.6185,0.2951,282.65,36.11,316.78,0.0270,0.8831,0.1615,18.32,358.09,1.40,0.0857,0.4690,0.8099,0.00,0.01,0.00,0.0270,0.8831,0.1615,-0.0317,-0.3144,0.9488,15.51,0
5.1999,CoreSystemMain,0.500,1,-0.0952,0.5197,0.1767,314.26,325.39,31.28,0.1112,0.6173,0.2946,282.87,34.99,317.78,0.0269,0.8830,0.1616,18.33,358.09,1.42,0.0853,0.4688,0.8100,0.00,0.01,0.00,0.0269,0.8830,0.1616,-0.0316,-0.3145,0.9487,15.50,0
5.2111,CoreSystemMain,0.500,1,-0.0953,0.5195,0.1767,314.30,325.36,31.27,0.1111,0.6163,0.2942,283.04,34.30,318.39,0.0268,0.8830,0.1617,18.33,358.09,1.41,0.0848,0.4685,0.8102,0.00,0.01,0.00,0.0268,0.8830,0.1617,-0.0316,-0.3145,0.9487,15.49,0
5.2222,CoreSystemMain,0.500,1,-0.0954,0.5193,0.1769,314.33,325.36,31.20,0.1109,0.6150,0.2938,283.18,32.96,319.47,0.0267,0.8829,0.1618,18.33,358.12,1.39,0.0841,0.4681,0.8105,0.00,0.01,0.00,0.0267,0.8829,0.1618,-0.0312,-0.3144,0.9488,15.48,0
5.2334,CoreSystemMain,0.500,1,-0.0954,0.5192,0.1771,314.34,325.34,31.14,0.1106,0.6136,0.2933,283.24,31.34,320.82,0.0267,0.8829,0.1619,18.34,358.11,1.36,0.0831,0.4676,0.8109,0.00,0.01,0.00,0.0267,0.8829,0.1619,-0.0313,-0.3146,0.9487,15.47,0
5.2445,CoreSystemMain,0.500,1,-0.0955,0.5191,0.1772,314.35,325.38,31.08,0.1102,0.6127,0.2930,283.27,29.65,322.38,0.0266,0.8828,0.1620,18.32,358.10,1.36,0.0818,0.4670,0.8113,0.00,0.01,0.00,0.0266,0.8828,0.1620,-0.0314,-0.3144,0.9488,15.47,0
5.2555,CoreSystemMain,0.500,1,-0.0955,0.5190,0.1773,314.34,325.42,31.05,0.1100,0.6117,0.2926,283.26,28.39,323.69,0.0266,0.8828,0.1622,18.33,358.10,1.35,0.0803,0.4662,0.8118,0.00,0.01,0.00,0.0266,0.8828,0.1622,-0.0315,-0.3144,0.9488,15.45,0
5.2667,CoreSystemMain,0.500,1,-0.0955,0.5189,0.1774,314.35,325.41,31.06,0.1099,0.6107,0.2923,283.29,27.79,324.33,0.0266,0.8828,0.1623,18.32,358.09,1.36,0.0788,0.4655,0.8122,0.00,0.01,0.00,0.0266,0.8828,0.1623,-0.0316,-0.3143,0.9488,15.45,0
5.2778,CoreSystemMain,0.500,1,-0.0955,0.5189,0.1775,314.36,325.38,31.07,0.1098,0.6098,0.2919,283.37,27.72,324.54,0.0266,0.8827,0.1624,18.32,358.07,1.37,0.0774,0.4648,0.8126,0.00,0.01,0.00,0.0266,0.8827,0.1624,-0.0319,-0.3143,0.9488,15.44,0
5.2887,CoreSystemMain,0.500,1,-0.0955,0.5190,0.1777,314.34,325.38,31.05,0.1099,0.6090,0.2915,283.58,28.09,324.24,0.0266,0.8827,0.1626,18.32,358.07,1.38,0.0762,0.4641,0.8129,0.00,0.01,0.00,0.0266,0.8827,0.1626,-0.0320,-0.3143,0.9488,15.45,0
5.2999,CoreSystemMain,0.500,1,-0.0956,0.5191,0.1778,314.36,325.45,31.01,0.1099,0.6082,0.2911,283.71,28.14,324.15,0.0266,0.8827,0.1627,18.32,358.07,1.37,0.0753,0.4635,0.8132,0.00,0.01,0.00,0.0266,0.8827,0.1627,-0.0320,-0.3142,0.9488,15.46,0
5.3111,CoreSystemMain,0.500,1,-0.0957,0.5188,0.1779,314.37,325.44,31.02,0.1099,0.6076,0.2907,283.84,27.58,324.61,0.0266,0.8827,0.1629,18.31,358.07,1.35,0.0745,0.4628,0.8135,0.00,0.01,0.00,0.0266,0.8827,0.1629,-0.0320,-0.3141,0.9488,15.47,0
5.3222,CoreSystemMain,0.500,1,-0.0957,0.5190,0.1781,314.33,325.46,31.10,0.1100,0.6070,0.2903,283.97,26.95,325.06,0.0265,0.8826,0.1630,18.31,358.07,1.33,0.0736,0.4621,0.8138,0.00,0.01,0.00,0.0265,0.8826,0.1630,-0.0320,-0.3141,0.9489,15.49,0
5.3332,CoreSystemMain,0.500,1,-0.0958,0.5191,0.1782,314.31,325.49,31.12,0.1101,0.6064,0.2899,284.06,26.83,325.18,0.0266,0.8826,0.1632,18.31,358.05,1.30,0.0725,0.4613,0.8141,0.00,0.01,0.00,0.0266,0.8826,0.1632,-0.0322,-0.3142,0.9488,15.50,0
5.3447,CoreSystemMain,0.500,1,-0.0958,0.5193,0.1783,314.31,325.46,31.09,0.1102,0.6058,0.2895,284.18,27.00,325.02,0.0266,0.8826,0.1633,18.31,358.03,1.30,0.0716,0.4606,0.8143,0.00,0.01,0.00,0.0266,0.8826,0.1633,-0.0326,-0.3141,0.9488,15.52,0
5.3556,CoreSystemMain,0.500,1,-0.0959,0.5194,0.1784,314.28,325.41,31.09,0.1103,0.6052,0.2890,284.33,27.11,324.89,0.0266,0.8825,0.1635,18.30,358.01,1.31,0.0708,0.4598,0.8146,0.00,0.01,0.00,0.0266,0.8825,0.1635,-0.0329,-0.3139,0.9489,15.55,0
5.3666,CoreSystemMain,0.500,1,-0.0959,0.5195,0.1785,314.21,325.31,31.15,0.1105,0.6047,0.2886,284.41,27.30,324.68,0.0266,0.8824,0.1636,18.30,358.01,1.31,0.0701,0.4591,0.8148,0.00,0.01,0.00,0.0266,0.8824,0.1636,-0.0329,-0.3141,0.9488,15.56,0
5.3777,CoreSystemMain,0.500,1,-0.0960,0.5195,0.1785,314.16,325.31,31.18,0.1108,0.6044,0.2881,284.48,27.29,324.72,0.0266,0.8824,0.1638,18.32,358.01,1.30,0.0695,0.4584,0.8150,0.00,0.01,0.00,0.0266,0.8824,0.1638,-0.0330,-0.3143,0.9488,15.57,0
5.3888,CoreSystemMain,0.500,1,-0.0960,0.5196,0.1786,314.09,325.33,31.14,0.1111,0.6040,0.2877,284.48,27.25,324.98,0.0266,0.8823,0.1639,18.34,358.00,1.29,0.0690,0.4578,0.8151,0.00,0.01,0.00,0.0266,0.8823,0.1639,-0.0331,-0.3146,0.9486,15.58,0
5.3998,CoreSystemMain,0.500,1,-0.0960,0.5197,0.1787,314.05,325.40,31.08,0.1113,0.6035,0.2874,284.53,26.99,325.38,0.0266,0.8822,0.1640,18.36,357.99,1.27,0.0686,0.4572,0.8152,0.00,0.01,0.00,0.0266,0.8822,0.1640,-0.0332,-0.3150,0.9485,15.58,0
5.4111,CoreSystemMain,0.500,1,-0.0960,0.5198,0.1787,314.02,325.45,30.97,0.1116,0.6033,0.2871,284.73,26.37,325.77,0.0267,0.8821,0.1642,18.38,357.97,1.27,0.0683,0.4566,0.8153,0.00,0.01,0.00,0.0267,0.8821,0.1642,-0.0336,-0.3154,0.9484,15.58,0
5.4223,CoreSystemMain,0.500,1,-0.0960,0.5198,0.1788,313.99,325.41,30.92,0.1117,0.6029,0.2867,284.89,25.65,326.18,0.0268,0.8820,0.1643,18.40,357.96,1.28,0.0679,0.4559,0.8155,0.00,0.01,0.00,0.0268,0.8820,0.1643,-0.0337,-0.3156,0.9483,15.59,0
5.4333,CoreSystemMain,0.500,1,-0.0960,0.5198,0.1788,314.00,325.32,30.96,0.1118,0.6028,0.2863,285.00,25.07,326.40,0.0268,0.8819,0.1644,18.42,357.96,1.30,0.0672,0.4552,0.8157,0.00,0.01,0.00,0.0268,0.8819,0.1644,-0.0338,-0.3160,0.9482,15.59,0
5.4443,CoreSystemMain,0.500,1,-0.0961,0.5197,0.1789,314.01,325.23,31.05,0.1119,0.6027,0.2860,285.09,25.30,326.11,0.0269,0.8818,0.1645,18.44,357.96,1.32,0.0663,0.4544,0.8159,0.00,0.01,0.00,0.0269,0.8818,0.1645,-0.0337,-0.3164,0.9480,15.58,0
5.4556,CoreSystemMain,0.500,1,-0.0960,0.5196,0.1789,314.08,325.13,31.17,0.1120,0.6026,0.2857,285.14,25.84,325.67,0.0270,0.8817,0.1646,18.48,357.97,1.32,0.0655,0.4536,0.8161,0.00,0.01,0.00,0.0270,0.8817,0.1646,-0.0335,-0.3170,0.9478,15.55,0
5.4668,CoreSystemMain,0.500,1,-0.0959,0.5196,0.1790,314.12,325.11,31.22,0.1122,0.6025,0.2853,285.23,26.62,324.87,0.0271,0.8816,0.1646,18.50,357.99,1.33,0.0650,0.4530,0.8163,0.00,0.01,0.00,0.0271,0.8816,0.1646,-0.0332,-0.3173,0.9478,15.55,0
5.4778,CoreSystemMain,0.500,1,-0.0959,0.5196,0.1791,314.16,325.08,31.31,0.1124,0.6022,0.2849,285.17,26.59,325.18,0.0272,0.8816,0.1647,18.53,358.01,1.31,0.0645,0.4524,0.8164,0.00,0.01,0.00,0.0272,0.8816,0.1647,-0.0329,-0.3178,0.9476,15.53,0
5.4889,CoreSystemMain,0.500,1,-0.0958,0.5194,0.1791,314.20,325.17,31.26,0.1126,0.6020,0.2844,285.07,26.83,325.54,0.0272,0.8816,0.1648,18.51,358.02,1.30,0.0643,0.4519,0.8164,0.00,0.01,0.00,0.0272,0.8816,0.1648,-0.0327,-0.3175,0.9477,15.57,0
5.4999,CoreSystemMain,0.500,1,-0.0957,0.5193,0.1792,314.20,325.22,31.17,0.1128,0.6018,0.2839,285.03,26.95,325.76,0.0273,0.8815,0.1649,18.51,358.02,1.27,0.0643,0.4515,0.8163,0.00,0.01,0.00,0.0273,0.8815,0.1649,-0.0327,-0.3175,0.9477,15.60,0
5.5111,CoreSystemMain,0.500,1,-0.0956,0.5192,0.1793,314.21,325.25,31.12,0.1129,0.6015,0.2834,285.06,26.96,325.90,0.0273,0.8815,0.1650,18.48,358.03,1.26,0.0645,0.4511,0.8163,0.00,0.01,0.00,0.0273,0.8815,0.1650,-0.0326,-0.3170,0.9479,15.65,0
5.5221,CoreSystemMain,0.500,1,-0.0954,0.5191,0.1793,314.24,325.36,30.98,0.1135,0.6009,0.2825,285.18,26.31,326.50,0.0273,0.8814,0.1652,18.50,358.03,1.24,0.0647,0.4507,0.8161,0.00,0.01,0.00,0.0273,0.8814,0.1652,-0.0326,-0.3173,0.9478,15.67,0
5.5334,CoreSystemMain,0.500,1,-0.0954,0.5190,0.1793,314.26,325.42,30.97,0.1140,0.6002,0.2815,285.46,25.47,326.75,0.0273,0.8814,0.1652,18.51,358.02,1.23,0.0649,0.4502,0.8160,0.00,0.01,0.00,0.0273,0.8814,0.1652,-0.0328,-0.3175,0.9477,15.70,0
5.5444,CoreSystemMain,0.500,1,-0.0953,0.5190,0.1793,314.29,325.51,30.96,0.1141,0.5994,0.2805,285.65,24.66,327.07,0.0273,0.8814,0.1653,18.54,358.02,1.21,0.0648,0.4495,0.8158,0.00,0.01,0.00,0.0273,0.8814,0.1653,-0.0328,-0.3180,0.9475,15.72,0
5.5554,CoreSystemMain,0.500,0,-0.0953,0.5191,0.1793,314.32,325.56,30.96,0.1145,0.5985,0.2794,285.77,23.58,328.18,0.0273,0.8813,0.1654,18.55,358.01,1.21,0.0644,0.4488,0.8157,0.00,0.01,0.00,0.0273,0.8813,0.1654,-0.0330,-0.3182,0.9475,15.75,0
5.5666,CoreSystemMain,0.500,0,-0.0953,0.5191,0.1792,314.31,325.62,30.97,0.1149,0.5973,0.2781,285.96,22.75,328.80,0.0273,0.8812,0.1655,18.58,358.01,1.19,0.0644,0.4488,0.8157,0.00,0.01,0.00,0.0273,0.8812,0.1655,-0.0329,-0.3186,0.9473,15.72,0
5.5779,CoreSystemMain,0.500,0,-0.0953,0.5191,0.1791,314.27,325.57,30.94,0.1155,0.5956,0.2762,286.24,22.40,328.63,0.0272,0.8812,0.1656,18.61,358.02,1.17,0.0633,0.4415,0.8159,0.00,0.01,0.00,0.0272,0.8812,0.1656,-0.0327,-0.3192,0.9471,16.08,0
5.5890,CoreSystemMain,0.500,0,-0.0954,0.5192,0.1790,314.24,325.43,30.88,0.1161,0.5930,0.2742,286.43,21.94,328.97,0.0271,0.8811,0.1657,18.63,358.02,1.14,0.0623,0.4303,0.8161,0.00,0.01,0.00,0.0271,0.8811,0.1657,-0.0327,-0.3195,0.9470,16.67,0
5.5999,CoreSystemMain,0.500,0,-0.0956,0.5193,0.1789,314.24,325.22,30.94,0.1167,0.5908,0.2727,286.57,21.35,329.76,0.0270,0.8810,0.1658,18.67,358.01,1.11,0.0623,0.4303,0.8161,0.00,0.01,0.00,0.0270,0.8810,0.1658,-0.0328,-0.3201,0.9468,16.64,0
5.6114,CoreSystemMain,0.500,0,-0.0958,0.5194,0.1787,314.26,325.10,31.06,0.1174,0.5881,0.2710,286.80,20.18,331.35,0.0268,0.8809,0.1659,18.70,358.01,1.10,0.0612,0.4152,0.8163,0.00,0.01,0.00,0.0268,0.8809,0.1659,-0.0329,-0.3206,0.9466,17.44,0
5.6223,CoreSystemMain,0.500,0,-0.0959,0.5195,0.1786,314.30,324.96,31.22,0.1181,0.5848,0.2692,287.12,18.11,333.95,0.0267,0.8807,0.1660,18.75,358.01,1.09,0.0612,0.4152,0.8163,0.00,0.01,0.00,0.0267,0.8807,0.1660,-0.0329,-0.3214,0.9464,17.39,0
5.6334,CoreSystemMain,0.500,0,-0.0962,0.5196,0.1784,314.35,324.90,31.32,0.1188,0.5814,0.2673,287.50,15.56,336.72,0.0266,0.8805,0.1661,18.79,358.00,1.09,0.0601,0.3961,0.8165,0.00,0.01,0.00,0.0266,0.8805,0.1661,-0.0330,-0.3222,0.9461,18.37,0
5.6444,CoreSystemMain,0.500,0,-0.0965,0.5197,0.1782,314.39,324.79,31.44,0.1196,0.5768,0.2656,287.91,13.18,339.03,0.0264,0.8803,0.1662,18.85,358.01,1.09,0.0601,0.3961,0.8165,0.00,0.01,0.00,0.0264,0.8803,0.1662,-0.0329,-0.3231,0.9458,18.31,0
5.6556,CoreSystemMain,0.500,0,-0.0968,0.5198,0.1780,314.40,324.71,31.49,0.1205,0.5733,0.2636,288.37,11.58,340.46,0.0263,0.8801,0.1663,18.94,358.01,1.09,0.0590,0.3731,0.8167,0.00,0.01,0.00,0.0263,0.8801,0.1663,-0.0329,-0.3246,0.9453,19.43,0
5.6668,CoreSystemMain,0.500,0,-0.0971,0.5198,0.1779,314.33,324.63,31.49,0.1215,0.5694,0.2616,288.99,10.29,341.58,0.0261,0.8798,0.1663,19.02,358.02,1.10,0.0590,0.3731,0.8167,0.00,0.01,0.00,0.0261,0.8798,0.1663,-0.0326,-0.3259,0.9448,19.34,0
5.6898,CoreSystemMain,0.500,0,-0.0977,0.5197,0.1776,314.13,324.52,31.27,0.1242,0.5606,0.2570,290.89,8.83,343.11,0.0258,0.8793,0.1665,19.18,358.07,1.11,0.0568,0.3154,0.8172,0.00,0.01,0.00,0.0258,0.8793,0.1665,-0.0319,-0.3285,0.9440,22.07,0
5.7000,CoreSystemMain,0.500,0,-0.0980,0.5196,0.1774,314.10,324.47,31.25,0.1254,0.5564,0.2549,291.89,8.72,343.44,0.0257,0.8791,0.1665,19.23,358.08,1.11,0.0568,0.3154,0.8172,0.00,0.01,0.00,0.0257,0.8791,0.1665,-0.0317,-0.3294,0.9437,22.01,0
5.7110,CoreSystemMain,0.500,0,-0.0983,0.5196,0.1774,314.09,324.41,31.24,0.1262,0.5528,0.2529,292.69,8.21,344.10,0.0255,0.8789,0.1667,19.31,358.11,1.14,0.0557,0.2806,0.8174,0.00,0.01,0.00,0.0255,0.8789,0.1667,-0.0312,-0.3306,0.9432,23.58,0
5.7223,CoreSystemMain,0.500,0,-0.0987,0.5193,0.1773,314.18,324.34,31.29,0.1275,0.5475,0.2502,294.30,7.61,345.00,0.0255,0.8786,0.1668,19.36,358.12,1.17,0.0557,0.2806,0.8174,0.00,0.01,0.00,0.0255,0.8786,0.1668,-0.0310,-0.3315,0.9429,23.51,0
5.7383,CoreSystemMain,0.500,0,-0.0992,0.5191,0.1772,314.26,324.22,31.37,0.1292,0.5410,0.2468,296.01,5.93,346.45,0.0253,0.8783,0.1669,19.42,358.14,1.21,0.0546,0.2419,0.8176,0.00,0.01,0.00,0.0253,0.8783,0.1669,-0.0306,-0.3325,0.9426,25.19,0
5.7446,CoreSystemMain,0.500,0,-0.0993,0.5190,0.1771,314.33,324.14,31.42,0.1299,0.5380,0.2451,296.71,4.64,347.47,0.0253,0.8782,0.1670,19.46,358.18,1.23,0.0546,0.2419,0.8176,0.00,0.01,0.00,0.0253,0.8782,0.1670,-0.0300,-0.3332,0.9424,25.14,0
5.7555,CoreSystemMain,0.500,0,-0.0996,0.5188,0.1771,314.37,324.08,31.46,0.1310,0.5339,0.2428,297.64,3.52,348.47,0.0252,0.8779,0.1671,19.52,358.21,1.24,0.0535,0.1993,0.8178,0.00,0.01,0.00,0.0252,0.8779,0.1671,-0.0295,-0.3342,0.9420,26.89,0
5.7667,CoreSystemMain,0.500,0,-0.0998,0.5185,0.1770,314.44,324.00,31.46,0.1322,0.5292,0.2402,298.59,1.88,349.80,0.0251,0.8776,0.1672,19.61,358.23,1.28,0.0535,0.1993,0.8178,0.00,0.01,0.00,0.0251,0.8776,0.1672,-0.0290,-0.3356,0.9416,26.79,0
5.7778,CoreSystemMain,0.500,0,-0.1000,0.5183,0.1770,314.49,323.98,31.42,0.1333,0.5249,0.2378,299.56,0.85,350.62,0.0251,0.8774,0.1673,19.70,358.27,1.29,0.0524,0.1528,0.8180,0.00,0.01,0.00,0.0251,0.8774,0.1673,-0.0285,-0.3370,0.9411,28.55,0
5.7887,CoreSystemMain,0.500,0,-0.1003,0.5180,0.1771,314.55,324.00,31.40,0.1341,0.5213,0.2358,300.38,0.05,351.38,0.0251,0.8771,0.1674,19.79,358.30,1.34,0.0513,0.1023,0.8182,0.00,0.01,0.00,0.0251,0.8771,0.1674,-0.0278,-0.3385,0.9406,30.33,0
5.8003,CoreSystemMain,0.500,0,-0.1005,0.5176,0.1772,314.59,324.14,31.27,0.1355,0.5155,0.2320,301.85,359.70,352.28,0.0251,0.8770,0.1674,19.83,358.32,1.34,0.0513,0.1023,0.8182,0.00,0.01,0.00,0.0251,0.8770,0.1674,-0.0276,-0.3392,0.9403,30.28,0
5.8115,CoreSystemMain,0.500,0,-0.1007,0.5174,0.1771,314.63,324.13,31.24,0.1366,0.5113,0.2296,302.86,359.23,352.87,0.0251,0.8768,0.1674,19.89,358.36,1.38,0.0502,0.0480,0.8184,0.00,0.01,0.00,0.0251,0.8768,0.1674,-0.0269,-0.3403,0.9399,32.08,0
5.8227,CoreSystemMain,0.500,0,-0.1004,0.5170,0.1773,314.58,324.52,30.89,0.1378,0.5055,0.2246,304.92,359.80,353.05,0.0251,0.8767,0.1675,19.95,358.39,1.39,0.0502,0.0480,0.8184,0.00,0.01,0.00,0.0251,0.8767,0.1675,-0.0264,-0.3412,0.9396,32.02,0
5.8335,CoreSystemMain,0.500,0,-0.1005,0.5168,0.1773,314.58,324.64,30.75,0.1388,0.5005,0.2208,306.60,358.93,354.11,0.0251,0.8766,0.1676,20.01,358.42,1.38,0.0501,0.0696,0.8184,0.00,0.03,0.09,0.0251,0.8766,0.1676,-0.0259,-0.3422,0.9393,31.23,0
5.8447,CoreSystemMain,0.500,0,-0.1005,0.5164,0.1774,314.62,324.74,30.65,0.1396,0.4956,0.2165,308.60,357.75,355.32,0.0250,0.8763,0.1677,20.08,358.45,1.36,0.0501,0.0696,0.8184,0.00,0.03,0.09,0.0250,0.8763,0.1677,-0.0254,-0.3433,0.9389,31.15,0
5.8557,CoreSystemMain,0.500,0,-0.1005,0.5163,0.1775,314.65,324.86,30.56,0.1404,0.4906,0.2119,311.01,356.83,355.91,0.0250,0.8762,0.1678,20.13,358.47,1.34,0.0503,0.0739,0.8185,0.01,0.01,0.00,0.0250,0.8762,0.1678,-0.0251,-0.3442,0.9386,30.95,0
5.8669,CoreSystemMain,0.500,0,-0.1006,0.5164,0.1776,314.70,324.95,30.51,0.1415,0.4857,0.2076,313.37,356.52,355.71,0.0250,0.8760,0.1679,20.17,358.50,1.32,0.0503,0.0739,0.8185,0.01,0.01,0.00,0.0250,0.8760,0.1679,-0.0247,-0.3449,0.9383,30.90,0
5.8780,CoreSystemMain,0.500,0,-0.1006,0.5164,0.1776,314.72,324.93,30.61,0.1428,0.4807,0.2029,316.18,357.11,354.58,0.0249,0.8759,0.1679,20.24,358.50,1.29,0.0503,0.0748,0.8184,0.01,0.01,359.98,0.0249,0.8759,0.1679,-0.0246,-0.3459,0.9379,30.80,0
5.8891,CoreSystemMain,0.500,0,-0.1007,0.5164,0.1776,314.75,324.92,30.64,0.1440,0.4762,0.1992,318.31,357.50,353.98,0.0249,0.8757,0.1680,20.29,358.50,1.26,0.0503,0.0750,0.8184,0.00,0.01,359.99,0.0249,0.8757,0.1680,-0.0246,-0.3467,0.9376,30.75,0
5.9004,CoreSystemMain,0.500,0,-0.1008,0.5166,0.1775,314.70,324.77,30.85,0.1457,0.4712,0.1947,321.03,358.76,352.56,0.0249,0.8755,0.1681,20.31,358.53,1.27,0.0503,0.0750,0.8184,0.00,0.01,359.99,0.0249,0.8755,0.1681,-0.0241,-0.3471,0.9375,30.72,0
5.9111,CoreSystemMain,0.500,0,-0.1008,0.5167,0.1775,314.64,324.63,30.92,0.1473,0.4667,0.1902,323.73,0.02,351.46,0.0249,0.8754,0.1682,20.34,358.53,1.27,0.0503,0.0750,0.8184,0.00,0.01,0.00,0.0249,0.8754,0.1682,-0.0240,-0.3476,0.9373,30.69,0
5.9225,CoreSystemMain,0.500,0,-0.1009,0.5169,0.1775,314.48,324.47,30.96,0.1487,0.4619,0.1857,326.51,0.91,350.99,0.0249,0.8753,0.1683,20.35,358.55,1.27,0.0503,0.0750,0.8184,0.00,0.01,0.00,0.0249,0.8753,0.1683,-0.0237,-0.3478,0.9373,30.67,0
5.9337,CoreSystemMain,0.500,0,-0.1010,0.5170,0.1774,314.38,324.43,30.96,0.1500,0.4571,0.1814,329.16,1.18,351.04,0.0250,0.8751,0.1684,20.38,358.59,1.30,0.0503,0.0750,0.8184,0.00,0.01,0.00,0.0250,0.8751,0.1684,-0.0230,-0.3482,0.9371,30.65,0
5.9446,CoreSystemMain,0.500,0,-0.1009,0.5171,0.1774,314.24,324.46,30.84,0.1510,0.4525,0.1766,331.66,1.09,351.18,0.0250,0.8750,0.1685,20.42,358.63,1.32,0.0503,0.0750,0.8184,0.00,0.01,0.00,0.0250,0.8750,0.1685,-0.0225,-0.3489,0.9369,30.60,0
5.9559,CoreSystemMain,0.500,0,-0.1009,0.5171,0.1775,314.20,324.48,30.75,0.1521,0.4487,0.1721,333.74,0.52,350.88,0.0251,0.8748,0.1685,20.47,358.66,1.34,0.0503,0.0750,0.8184,0.00,0.01,0.00,0.0251,0.8748,0.1685,-0.0220,-0.3498,0.9366,30.54,0
5.9671,CoreSystemMain,0.500,0,-0.1009,0.5171,0.1775,314.19,324.43,30.75,0.1532,0.4451,0.1682,335.56,0.10,350.37,0.0252,0.8746,0.1686,20.52,358.70,1.37,0.0503,0.0750,0.8184,0.00,0.01,0.00,0.0252,0.8746,0.1686,-0.0212,-0.3505,0.9363,30.48,0
5.9780,CoreSystemMain,0.500,0,-0.1008,0.5172,0.1775,314.26,324.35,30.85,0.1545,0.4421,0.1646,337.04,359.72,349.77,0.0254,0.8744,0.1686,20.57,358.75,1.42,0.0503,0.0750,0.8184,0.00,0.01,0.00,0.0254,0.8744,0.1686,-0.0203,-0.3514,0.9360,30.42,0
5.9891,CoreSystemMain,0.500,0,-0.1007,0.5172,0.1776,314.36,324.20,31.09,0.1557,0.4409,0.1608,337.06,359.71,349.19,0.0255,0.8743,0.1686,20.58,358.79,1.44,0.0503,0.0750,0.8184,0.00,0.01,0.00,0.0255,0.8743,0.1686,-0.0197,-0.3515,0.9360,30.41,0
6.0004,CoreSystemMain,0.500,0,-0.1006,0.5172,0.1776,314.40,324.11,31.21,0.1569,0.4379,0.1575,338.31,359.74,348.98,0.0257,0.8741,0.1687,20.58,358.84,1.46,0.0503,0.0750,0.8184,0.00,0.01,0.00,0.0257,0.8741,0.1687,-0.0189,-0.3516,0.9360,30.39,0
6.0113,CoreSystemMain,0.500,0,-0.1004,0.5170,0.1776,314.44,323.99,31.36,0.1577,0.4367,0.1552,338.30,0.19,349.31,0.0258,0.8740,0.1687,20.61,358.89,1.45,0.0503,0.0750,0.8184,0.00,0.01,0.00,0.0258,0.8740,0.1687,-0.0181,-0.3520,0.9358,30.36,0
6.0224,CoreSystemMain,0.500,0,-0.1001,0.5169,0.1777,314.53,323.97,31.46,0.1586,0.4347,0.1525,338.73,0.56,350.20,0.0260,0.8739,0.1688,20.61,358.93,1.46,0.0503,0.0750,0.8184,0.00,0.01,0.00,0.0260,0.8739,0.1688,-0.0175,-0.3520,0.9358,30.36,0
6.0336,CoreSystemMain,0.500,0,-0.0997,0.5167,0.1778,314.57,324.03,31.46,0.1593,0.4327,0.1501,339.30,0.67,351.00,0.0262,0.8738,0.1688,20.64,358.96,1.48,0.0503,0.0750,0.8184,0.00,0.01,0.00,0.0262,0.8738,0.1688,-0.0170,-0.3525,0.9356,30.32,0
6.0448,CoreSystemMain,0.500,0,-0.0992,0.5162,0.1779,314.58,324.17,31.34,0.1595,0.4321,0.1485,339.43,0.63,351.93,0.0265,0.8737,0.1688,20.67,359.00,1.53,0.0503,0.0750,0.8184,0.00,0.01,0.00,0.0265,0.8737,0.1688,-0.0162,-0.3530,0.9355,30.29,0
6.0560,CoreSystemMain,0.500,0,-0.0988,0.5160,0.1780,314.62,324.30,31.22,0.1597,0.4307,0.1466,339.87,0.35,352.59,0.0267,0.8737,0.1687,20.72,359.03,1.56,0.0503,0.0750,0.8184,0.00,0.01,0.00,0.0267,0.8737,0.1687,-0.0158,-0.3538,0.9352,30.23,0
6.0668,CoreSystemMain,0.500,0,-0.0985,0.5158,0.1781,314.68,324.40,31.16,0.1600,0.4290,0.1444,340.60,0.15,353.02,0.0270,0.8736,0.1686,20.78,359.08,1.60,0.0503,0.0750,0.8184,0.00,0.01,0.00,0.0270,0.8736,0.1686,-0.0149,-0.3547,0.9349,30.16,0
6.0781,CoreSystemMain,0.500,0,-0.0977,0.5154,0.1783,314.82,324.59,31.15,0.1592,0.4296,0.1439,341.10,0.39,352.18,0.0272,0.8736,0.1686,20.77,359.14,1.58,0.0503,0.0750,0.8184,0.00,0.01,0.00,0.0272,0.8736,0.1686,-0.0141,-0.3546,0.9349,30.16,0
6.0890,CoreSystemMain,0.500,0,-0.0973,0.5152,0.1785,314.88,324.67,31.17,0.1592,0.4288,0.1426,341.80,0.59,351.81,0.0275,0.8737,0.1685,20.76,359.22,1.54,0.0503,0.0750,0.8184,0.00,0.01,0.00,0.0275,0.8737,0.1685,-0.0127,-0.3545,0.9350,30.16,0
6.1003,CoreSystemMain,0.500,0,-0.0968,0.5150,0.1786,314.96,324.79,31.17,0.1587,0.4288,0.1419,342.23,1.09,350.89,0.0276,0.8738,0.1684,20.73,359.25,1.51,0.0503,0.0750,0.8184,0.00,0.01,0.00,0.0276,0.8738,0.1684,-0.0123,-0.3539,0.9352,30.19,0
6.1115,CoreSystemMain,0.500,0,-0.0961,0.5150,0.1787,315.04,324.86,31.18,0.1580,0.4295,0.1416,342.10,1.24,350.62,0.0279,0.8739,0.1684,20.66,359.32,1.44,0.0503,0.0750,0.8184,0.00,0.01,0.00,0.0279,0.8739,0.1684,-0.0111,-0.3529,0.9356,30.26,0
6.1224,CoreSystemMain,0.500,0,-0.0956,0.5149,0.1788,315.04,324.96,31.21,0.1573,0.4295,0.1412,341.84,1.40,350.38,0.0282,0.8741,0.1684,20.61,359.36,1.40,0.0503,0.0750,0.8184,0.00,0.01,0.00,0.0282,0.8741,0.1684,-0.0104,-0.3520,0.9359,30.31,0
6.1337,CoreSystemMain,0.500,0,-0.0951,0.5149,0.1788,315.03,325.11,31.21,0.1564,0.4296,0.1412,341.16,1.08,350.74,0.0284,0.8742,0.1683,20.57,359.39,1.38,0.0503,0.0750,0.8184,0.00,0.01,0.00,0.0284,0.8742,0.1683,-0.0100,-0.3514,0.9362,30.35,0
6.1447,CoreSystemMain,0.500,0,-0.0947,0.5151,0.1789,314.96,325.23,31.19,0.1554,0.4303,0.1424,339.89,0.50,351.95,0.0285,0.8743,0.1683,20.53,359.42,1.38,0.0503,0.0750,0.8184,0.00,0.01,0.00,0.0285,0.8743,0.1683,-0.0095,-0.3507,0.9364,30.39,0
6.1560,CoreSystemMain,0.500,0,-0.0943,0.5152,0.1789,314.93,325.35,31.16,0.1549,0.4302,0.1427,339.41,0.31,352.26,0.0287,0.8744,0.1682,20.50,359.45,1.38,0.0503,0.0750,0.8184,0.00,0.01,0.00,0.0287,0.8744,0.1682,-0.0089,-0.3502,0.9366,30.42,0
6.1669,CoreSystemMain,0.500,0,-0.0939,0.5153,0.1789,314.88,325.45,31.13,0.1543,0.4306,0.1436,338.60,0.00,352.40,0.0289,0.8745,0.1682,20.49,359.47,1.36,0.0503,0.0750,0.8184,0.00,0.01,0.00,0.0289,0.8745,0.1682,-0.0086,-0.3500,0.9367,30.43,0
6.1780,CoreSystemMain,0.500,0,-0.0936,0.5155,0.1789,314.79,325.50,31.09,0.1537,0.4317,0.1452,337.53,359.74,352.11,0.0290,0.8745,0.1681,20.47,359.49,1.36,0.0503,0.0750,0.8184,0.00,0.01,0.00,0.0290,0.8745,0.1681,-0.0084,-0.3497,0.9368,30.45,0
6.1892,CoreSystemMain,0.500,0,-0.0933,0.5157,0.1790,314.73,325.52,31.09,0.1532,0.4321,0.1462,336.83,359.52,352.20,0.0292,0.8746,0.1681,20.45,359.48,1.33,0.0503,0.0750,0.8184,0.00,0.01,0.00,0.0292,0.8746,0.1681,-0.0085,-0.3494,0.9370,30.47,0
6.2000,CoreSystemMain,0.500,0,-0.0931,0.5160,0.1789,314.69,325.59,31.06,0.1524,0.4328,0.1480,335.94,359.53,352.56,0.0292,0.8747,0.1680,20.44,359.51,1.34,0.0503,0.0750,0.8184,0.00,0.01,0.00,0.0292,0.8747,0.1680,-0.0081,-0.3492,0.9370,30.48,0
6.2115,CoreSystemMain,0.500,0,-0.0928,0.5162,0.1789,314.66,325.66,31.06,0.1518,0.4336,0.1495,335.32,359.63,353.23,0.0294,0.8748,0.1680,20.43,359.50,1.28,0.0503,0.0750,0.8184,0.00,0.01,0.00,0.0294,0.8748,0.1680,-0.0082,-0.3491,0.9371,30.49,0
6.2224,CoreSystemMain,0.500,0,-0.0927,0.5164,0.1789,314.62,325.68,31.04,0.1514,0.4345,0.1511,334.86,359.96,353.36,0.0295,0.8749,0.1679,20.42,359.48,1.27,0.0503,0.0750,0.8184,0.00,0.01,0.00,0.0295,0.8749,0.1679,-0.0085,-0.3489,0.9371,30.50,0
6.2337,CoreSystemMain,0.500,1,-0.0926,0.5168,0.1788,314.61,325.64,31.05,0.1510,0.4357,0.1531,334.29,0.59,352.73,0.0295,0.8749,0.1679,20.40,359.47,1.26,0.0503,0.0750,0.8184,0.00,0.01,0.00,0.0295,0.8749,0.1679,-0.0087,-0.3486,0.9372,30.52,0
6.2447,CoreSystemMain,0.500,1,-0.0927,0.5172,0.1787,314.58,325.52,31.18,0.1505,0.4376,0.1550,333.60,0.79,351.73,0.0296,0.8750,0.1678,20.38,359.43,1.22,0.0503,0.0750,0.8184,0.00,0.01,0.00,0.0296,0.8750,0.1678,-0.0093,-0.3482,0.9374,30.54,0
6.2559,CoreSystemMain,0.500,1,-0.0927,0.5175,0.1786,314.52,325.39,31.32,0.1498,0.4389,0.1565,332.97,0.73,351.06,0.0297,0.8751,0.1678,20.35,359.39,1.18,0.0500,0.0751,0.8186,0.00,0.01,0.00,0.0297,0.8751,0.1678,-0.0099,-0.3478,0.9375,30.56,0
6.2671,CoreSystemMain,0.500,1,-0.0929,0.5177,0.1784,314.47,325.26,31.39,0.1485,0.4407,0.1587,332.20,0.35,350.52,0.0297,0.8752,0.1678,20.32,359.36,1.15,0.0492,0.0756,0.8190,0.00,0.01,0.00,0.0297,0.8752,0.1678,-0.0104,-0.3473,0.9377,30.56,0
6.2780,CoreSystemMain,0.500,1,-0.0930,0.5180,0.1784,314.40,325.22,31.36,0.1470,0.4421,0.1611,331.35,359.84,351.04,0.0298,0.8752,0.1678,20.29,359.33,1.11,0.0473,0.0767,0.8199,0.00,0.01,0.00,0.0298,0.8752,0.1678,-0.0110,-0.3467,0.9379,30.52,0
6.2891,CoreSystemMain,0.500,1,-0.0931,0.5182,0.1783,314.37,325.24,31.30,0.1456,0.4437,0.1633,330.65,359.59,351.50,0.0298,0.8753,0.1678,20.26,359.28,1.08,0.0453,0.0781,0.8213,0.00,0.01,0.00,0.0298,0.8753,0.1678,-0.0117,-0.3462,0.9381,30.44,0
6.3104,CoreSystemMain,0.500,1,-0.0936,0.5186,0.1782,314.25,325.21,31.23,0.1439,0.4474,0.1680,328.31,359.12,353.47,0.0300,0.8754,0.1678,20.23,359.21,0.99,0.0434,0.0799,0.8231,0.00,0.01,0.00,0.0300,0.8754,0.1678,-0.0130,-0.3457,0.9382,30.33,0
6.3143,CoreSystemMain,0.500,1,-0.0936,0.5187,0.1782,314.24,325.21,31.23,0.1434,0.4480,0.1688,328.14,359.69,352.92,0.0300,0.8754,0.1678,20.21,359.18,1.00,0.0422,0.0876,0.8312,0.00,0.01,0.00,0.0300,0.8754,0.1678,-0.0134,-0.3455,0.9383,29.72,0
6.3225,CoreSystemMain,0.500,1,-0.0938,0.5187,0.1781,314.18,325.21,31.19,0.1426,0.4496,0.1711,327.26,0.22,353.27,0.0300,0.8754,0.1678,20.22,359.17,0.96,0.0420,0.0885,0.8322,0.00,0.01,0.00,0.0300,0.8754,0.1678,-0.0136,-0.3456,0.9383,29.64,0
6.3334,CoreSystemMain,0.500,1,-0.0940,0.5188,0.1781,314.12,325.22,31.12,0.1415,0.4514,0.1738,326.33,0.83,353.16,0.0301,0.8754,0.1677,20.23,359.15,0.92,0.0425,0.0911,0.8351,0.00,0.01,0.00,0.0301,0.8754,0.1677,-0.0140,-0.3459,0.9382,29.41,0
6.3447,CoreSystemMain,0.500,1,-0.0942,0.5188,0.1781,314.07,325.22,31.08,0.1405,0.4537,0.1769,325.19,1.18,353.00,0.0302,0.8754,0.1678,20.21,359.14,0.90,0.0439,0.0955,0.8398,0.00,0.01,0.00,0.0302,0.8754,0.1678,-0.0141,-0.3455,0.9383,29.07,0
6.3648,CoreSystemMain,0.500,1,-0.0948,0.5186,0.1780,314.10,325.09,31.01,0.1377,0.4589,0.1831,322.90,1.10,351.73,0.0304,0.8754,0.1677,20.19,359.16,0.91,0.0454,0.1007,0.8454,0.00,0.01,0.00,0.0304,0.8754,0.1677,-0.0138,-0.3451,0.9385,28.67,0
6.3691,CoreSystemMain,0.500,1,-0.0950,0.5184,0.1780,314.12,325.05,31.04,0.1367,0.4608,0.1850,322.11,0.78,351.49,0.0305,0.8754,0.1677,20.19,359.16,0.91,0.0431,0.1146,0.8587,0.00,0.01,0.00,0.0305,0.8754,0.1677,-0.0138,-0.3451,0.9385,27.61,0
6.3780,CoreSystemMain,0.500,1,-0.0952,0.5183,0.1781,314.11,325.02,31.04,0.1353,0.4632,0.1876,320.97,0.40,351.54,0.0306,0.8754,0.1677,20.18,359.17,0.94,0.0424,0.1166,0.8606,0.00,0.01,0.00,0.0306,0.8754,0.1677,-0.0135,-0.3450,0.9385,27.45,0
6.3892,CoreSystemMain,0.500,1,-0.0954,0.5181,0.1781,314.16,324.99,31.02,0.1334,0.4664,0.1909,319.79,0.68,350.87,0.0307,0.8754,0.1677,20.16,359.20,0.98,0.0401,0.1223,0.8656,0.00,0.01,0.00,0.0307,0.8754,0.1677,-0.0132,-0.3447,0.9386,27.04,0
6.4004,CoreSystemMain,0.500,1,-0.0955,0.5179,0.1781,314.18,325.01,30.94,0.1319,0.4695,0.1941,318.46,0.38,351.41,0.0309,0.8754,0.1677,20.16,359.22,1.00,0.0366,0.1303,0.8724,0.00,0.01,0.00,0.0309,0.8754,0.1677,-0.0129,-0.3446,0.9386,26.45,0
6.4112,CoreSystemMain,0.500,1,-0.0956,0.5176,0.1782,314.21,325.08,30.82,0.1302,0.4728,0.1972,317.18,0.76,351.22,0.0310,0.8754,0.1677,20.18,359.25,1.03,0.0339,0.1384,0.8790,0.00,0.01,0.00,0.0310,0.8754,0.1677,-0.0122,-0.3449,0.9386,25.85,0
6.4224,CoreSystemMain,0.500,1,-0.0958,0.5173,0.1783,314.29,325.19,30.66,0.1282,0.4772,0.2012,315.33,0.79,351.87,0.0312,0.8754,0.1677,20.17,359.30,1.03,0.0319,0.1465,0.8854,0.00,0.01,0.00,0.0312,0.8754,0.1677,-0.0115,-0.3449,0.9386,25.28,0
6.4334,CoreSystemMain,0.500,1,-0.0958,0.5170,0.1784,314.37,325.24,30.62,0.1264,0.4812,0.2048,313.74,0.97,351.95,0.0313,0.8755,0.1677,20.17,359.32,1.00,0.0311,0.1563,0.8927,0.00,0.01,0.00,0.0313,0.8755,0.1677,-0.0112,-0.3448,0.9386,24.61,0
6.4447,CoreSystemMain,0.500,1,-0.0958,0.5168,0.1785,314.41,325.29,30.56,0.1249,0.4851,0.2078,312.19,0.94,351.86,0.0314,0.8756,0.1678,20.17,359.34,0.98,0.0307,0.1663,0.8997,0.00,0.01,0.00,0.0314,0.8756,0.1678,-0.0108,-0.3447,0.9386,23.94,0
6.4555,CoreSystemMain,0.500,1,-0.0958,0.5166,0.1785,314.46,325.27,30.55,0.1231,0.4890,0.2112,310.82,0.93,351.71,0.0316,0.8756,0.1678,20.15,359.33,0.97,0.0297,0.1767,0.9064,0.00,0.01,0.00,0.0316,0.8756,0.1678,-0.0109,-0.3444,0.9388,23.28,0
6.4667,CoreSystemMain,0.500,1,-0.0958,0.5164,0.1785,314.49,325.20,30.53,0.1214,0.4935,0.2143,309.53,0.89,351.45,0.0317,0.8757,0.1679,20.11,359.34,0.98,0.0283,0.1863,0.9122,0.00,0.01,0.00,0.0317,0.8757,0.1679,-0.0108,-0.3438,0.9390,22.69,0
6.4778,CoreSystemMain,0.500,1,-0.0958,0.5164,0.1785,314.56,325.13,30.55,0.1197,0.4983,0.2174,308.25,1.19,350.92,0.0318,0.8757,0.1679,20.07,359.33,0.95,0.0262,0.1962,0.9177,0.00,0.01,0.00,0.0318,0.8757,0.1679,-0.0109,-0.3432,0.9392,22.11,0
6.4889,CoreSystemMain,0.500,1,-0.0958,0.5163,0.1785,314.58,325.05,30.58,0.1183,0.5027,0.2204,306.90,1.66,350.48,0.0319,0.8758,0.1680,20.04,359.35,0.95,0.0239,0.2058,0.9227,0.00,0.01,0.00,0.0319,0.8758,0.1680,-0.0107,-0.3427,0.9394,21.55,0
6.5000,CoreSystemMain,0.500,1,-0.0956,0.5163,0.1784,314.68,325.02,30.66,0.1164,0.5089,0.2241,304.78,2.62,349.60,0.0320,0.8758,0.1681,20.00,359.34,0.89,0.0220,0.2156,0.9273,0.00,0.01,0.00,0.0320,0.8758,0.1681,-0.0109,-0.3421,0.9396,21.00,0
6.5112,CoreSystemMain,0.500,1,-0.0954,0.5163,0.1783,314.74,324.98,30.76,0.1153,0.5140,0.2268,302.93,3.26,349.18,0.0321,0.8759,0.1682,19.96,359.31,0.85,0.0206,0.2277,0.9321,0.00,0.01,0.00,0.0321,0.8759,0.1682,-0.0113,-0.3414,0.9399,20.35,0
6.5222,CoreSystemMain,0.500,1,-0.0952,0.5164,0.1783,314.79,324.96,30.85,0.1140,0.5197,0.2299,300.95,3.91,348.77,0.0322,0.8760,0.1682,19.94,359.32,0.81,0.0201,0.2402,0.9362,0.00,0.01,0.00,0.0322,0.8760,0.1682,-0.0112,-0.3410,0.9400,19.68,0
6.5332,CoreSystemMain,0.500,1,-0.0950,0.5165,0.1783,314.81,325.00,30.89,0.1130,0.5248,0.2325,299.19,4.37,348.59,0.0323,0.8760,0.1683,19.92,359.30,0.77,0.0201,0.2532,0.9397,0.00,0.01,0.00,0.0323,0.8760,0.1683,-0.0114,-0.3407,0.9401,19.00,0
6.5444,CoreSystemMain,0.500,1,-0.0947,0.5166,0.1781,314.77,325.13,30.87,0.1120,0.5307,0.2351,297.39,4.27,348.95,0.0323,0.8761,0.1684,19.92,359.30,0.74,0.0206,0.2659,0.9424,0.00,0.01,0.00,0.0323,0.8761,0.1684,-0.0115,-0.3407,0.9401,18.32,0
6.5558,CoreSystemMain,0.500,1,-0.0945,0.5166,0.1781,314.76,325.20,30.82,0.1108,0.5358,0.2380,295.83,4.34,349.03,0.0324,0.8761,0.1684,19.93,359.28,0.70,0.0212,0.2788,0.9445,0.00,0.01,0.00,0.0324,0.8761,0.1684,-0.0118,-0.3409,0.9400,17.65,0
6.5666,CoreSystemMain,0.500,1,-0.0942,0.5168,0.1780,314.66,325.33,30.70,0.1100,0.5413,0.2399,294.40,4.15,349.55,0.0325,0.8762,0.1685,19.95,359.27,0.69,0.0217,0.2911,0.9459,0.00,0.01,0.00,0.0325,0.8762,0.1685,-0.0120,-0.3412,0.9399,17.01,0
6.5780,CoreSystemMain,0.500,1,-0.0940,0.5169,0.1780,314.60,325.38,30.64,0.1096,0.5463,0.2411,293.03,5.51,348.36,0.0326,0.8762,0.1685,19.97,359.26,0.68,0.0222,0.3021,0.9468,0.00,0.01,0.00,0.0326,0.8762,0.1685,-0.0122,-0.3415,0.9398,16.45,0
6.5888,CoreSystemMain,0.500,1,-0.0939,0.5169,0.1780,314.55,325.45,30.59,0.1087,0.5517,0.2431,291.66,6.96,347.00,0.0327,0.8763,0.1685,19.97,359.26,0.68,0.0234,0.3134,0.9470,0.00,0.01,0.00,0.0327,0.8763,0.1685,-0.0122,-0.3416,0.9398,15.90,0
6.6000,CoreSystemMain,0.500,1,-0.0937,0.5171,0.1779,314.55,325.52,30.54,0.1080,0.5572,0.2449,290.32,8.64,345.34,0.0328,0.8763,0.1685,19.96,359.26,0.65,0.0246,0.3239,0.9468,0.00,0.01,0.00,0.0328,0.8763,0.1685,-0.0122,-0.3414,0.9398,15.40,0
6.6111,CoreSystemMain,0.500,1,-0.0936,0.5172,0.1779,314.55,325.57,30.51,0.1073,0.5624,0.2464,288.94,10.30,343.67,0.0329,0.8763,0.1685,19.95,359.28,0.63,0.0259,0.3347,0.9460,0.00,0.01,0.00,0.0329,0.8763,0.1685,-0.0119,-0.3412,0.9399,14.91,0
6.6224,CoreSystemMain,0.500,1,-0.0935,0.5175,0.1778,314.56,325.60,30.59,0.1070,0.5674,0.2472,287.63,11.76,342.21,0.0329,0.8764,0.1685,19.93,359.27,0.59,0.0273,0.3454,0.9447,0.00,0.01,0.00,0.0329,0.8764,0.1685,-0.0119,-0.3409,0.9400,14.45,0
6.6333,CoreSystemMain,0.500,1,-0.0935,0.5176,0.1778,314.55,325.58,30.70,0.1066,0.5722,0.2485,286.34,12.80,341.24,0.0330,0.8764,0.1686,19.90,359.27,0.56,0.0286,0.3561,0.9428,0.00,0.01,0.00,0.0330,0.8764,0.1686,-0.0120,-0.3404,0.9402,14.00,0
6.6444,CoreSystemMain,0.500,1,-0.0934,0.5176,0.1777,314.55,325.54,30.75,0.1064,0.5759,0.2494,285.03,13.80,340.40,0.0331,0.8764,0.1686,19.88,359.26,0.55,0.0297,0.3659,0.9406,0.00,0.01,0.00,0.0331,0.8764,0.1686,-0.0122,-0.3401,0.9403,13.60,0
6.6555,CoreSystemMain,0.500,1,-0.0934,0.5177,0.1776,314.51,325.52,30.76,0.1061,0.5803,0.2506,283.79,14.85,339.46,0.0331,0.8765,0.1686,19.86,359.25,0.55,0.0309,0.3757,0.9378,0.00,0.01,0.00,0.0331,0.8765,0.1686,-0.0123,-0.3397,0.9405,13.22,0
6.6667,CoreSystemMain,0.500,1,-0.0935,0.5178,0.1776,314.47,325.47,30.78,0.1059,0.5841,0.2514,282.71,15.78,338.66,0.0332,0.8765,0.1686,19.86,359.25,0.55,0.0319,0.3851,0.9347,0.00,0.01,0.00,0.0332,0.8765,0.1686,-0.0123,-0.3397,0.9405,12.83,0
6.6778,CoreSystemMain,0.500,1,-0.0937,0.5178,0.1776,314.41,325.38,30.78,0.1058,0.5875,0.2516,281.63,16.50,338.28,0.0332,0.8765,0.1685,19.88,359.25,0.54,0.0329,0.3940,0.9315,0.00,0.01,0.00,0.0332,0.8765,0.1685,-0.0123,-0.3400,0.9404,12.45,0
6.6887,CoreSystemMain,0.500,1,-0.0938,0.5179,0.1776,314.36,325.37,30.78,0.1056,0.5907,0.2519,280.68,17.74,337.24,0.0333,0.8765,0.1684,19.89,359.25,0.54,0.0341,0.4023,0.9281,0.00,0.01,0.00,0.0333,0.8765,0.1684,-0.0123,-0.3403,0.9402,12.10,0
6.7000,CoreSystemMain,0.500,1,-0.0939,0.5178,0.1776,314.30,325.31,30.72,0.1054,0.5937,0.2519,280.06,18.85,336.17,0.0333,0.8765,0.1684,19.91,359.27,0.54,0.0353,0.4099,0.9246,0.00,0.01,0.00,0.0333,0.8765,0.1684,-0.0120,-0.3406,0.9401,11.79,0
6.7112,CoreSystemMain,0.500,1,-0.0941,0.5179,0.1777,314.31,325.31,30.62,0.1052,0.5961,0.2520,279.51,20.48,334.47,0.0333,0.8765,0.1683,19.92,359.29,0.53,0.0363,0.4168,0.9214,0.00,0.01,0.00,0.0333,0.8765,0.1683,-0.0117,-0.3407,0.9401,11.51,0
6.7222,CoreSystemMain,0.500,1,-0.0943,0.5178,0.1777,314.36,325.33,30.60,0.1052,0.5981,0.2517,279.18,23.38,331.45,0.0333,0.8766,0.1683,19.91,359.30,0.54,0.0370,0.4229,0.9184,0.00,0.01,0.00,0.0333,0.8766,0.1683,-0.0115,-0.3405,0.9402,11.29,0
6.7333,CoreSystemMain,0.500,1,-0.0945,0.5178,0.1777,314.42,325.28,30.63,0.1053,0.5999,0.2515,278.90,26.10,328.64,0.0333,0.8766,0.1682,19.88,359.31,0.54,0.0376,0.4282,0.9156,0.00,0.01,0.00,0.0333,0.8766,0.1682,-0.0114,-0.3401,0.9403,11.12,0
6.7447,CoreSystemMain,0.500,1,-0.0947,0.5179,0.1777,314.48,325.17,30.72,0.1054,0.6020,0.2516,278.42,28.23,326.59,0.0332,0.8766,0.1682,19.87,359.31,0.55,0.0383,0.4330,0.9129,0.00,0.01,0.00,0.0332,0.8766,0.1682,-0.0113,-0.3400,0.9404,10.95,0
6.7555,CoreSystemMain,0.500,1,-0.0949,0.5179,0.1776,314.51,324.98,30.86,0.1055,0.6034,0.2515,277.95,28.98,326.04,0.0332,0.8767,0.1682,19.84,359.31,0.56,0.0390,0.4377,0.9102,0.00,0.01,0.00,0.0332,0.8767,0.1682,-0.0114,-0.3394,0.9406,10.82,0
6.7666,CoreSystemMain,0.500,1,-0.0952,0.5179,0.1774,314.52,324.78,31.02,0.1058,0.6045,0.2513,277.48,29.29,325.94,0.0331,0.8767,0.1682,19.83,359.32,0.56,0.0398,0.4418,0.9078,0.00,0.01,0.00,0.0331,0.8767,0.1682,-0.0111,-0.3393,0.9406,10.68,0
6.7778,CoreSystemMain,0.500,1,-0.0953,0.5178,0.1772,314.51,324.64,31.07,0.1060,0.6057,0.2512,277.07,29.75,325.72,0.0330,0.8767,0.1682,19.83,359.32,0.54,0.0406,0.4457,0.9053,0.00,0.01,0.00,0.0330,0.8767,0.1682,-0.0111,-0.3392,0.9407,10.55,0
6.7889,CoreSystemMain,0.500,1,-0.0955,0.5178,0.1771,314.48,324.54,31.10,0.1064,0.6059,0.2507,276.99,29.25,326.53,0.0330,0.8767,0.1682,19.81,359.33,0.55,0.0414,0.4493,0.9029,0.00,0.01,0.00,0.0330,0.8767,0.1682,-0.0110,-0.3389,0.9408,10.44,0
6.8003,CoreSystemMain,0.500,1,-0.0957,0.5178,0.1770,314.45,324.49,31.09,0.1066,0.6067,0.2503,276.98,30.70,325.16,0.0329,0.8767,0.1682,19.80,359.33,0.55,0.0424,0.4522,0.9010,0.00,0.01,0.00,0.0329,0.8767,0.1682,-0.0111,-0.3388,0.9408,10.36,0
6.8110,CoreSystemMain,0.500,1,-0.0958,0.5177,0.1768,314.46,324.51,31.00,0.1069,0.6071,0.2499,277.16,32.48,323.28,0.0328,0.8767,0.1681,19.80,359.32,0.57,0.0433,0.4548,0.8993,0.00,0.01,0.00,0.0328,0.8767,0.1681,-0.0112,-0.3387,0.9408,10.28,0
6.8222,CoreSystemMain,0.500,1,-0.0960,0.5176,0.1767,314.48,324.50,30.95,0.1073,0.6073,0.2494,277.34,33.17,322.33,0.0327,0.8767,0.1681,19.79,359.31,0.57,0.0441,0.4568,0.8980,0.00,0.01,0.00,0.0327,0.8767,0.1681,-0.0113,-0.3386,0.9409,10.22,0
6.8333,CoreSystemMain,0.500,1,-0.0961,0.5175,0.1766,314.50,324.44,30.98,0.1074,0.6084,0.2493,277.18,34.69,320.70,0.0325,0.8767,0.1682,19.78,359.31,0.59,0.0448,0.4585,0.8970,0.00,0.01,0.00,0.0325,0.8767,0.1682,-0.0114,-0.3384,0.9409,10.18,0
6.8445,CoreSystemMain,0.500,1,-0.0963,0.5174,0.1766,314.55,324.38,30.99,0.1077,0.6087,0.2490,277.23,34.79,320.41,0.0324,0.8768,0.1682,19.78,359.29,0.60,0.0453,0.4602,0.8958,0.00,0.01,0.00,0.0324,0.8768,0.1682,-0.0116,-0.3384,0.9409,10.13,0
6.8555,CoreSystemMain,0.500,1,-0.0965,0.5172,0.1764,314.64,324.30,31.08,0.1081,0.6081,0.2490,277.47,33.98,321.03,0.0323,0.8768,0.1681,19.75,359.28,0.59,0.0456,0.4617,0.8949,0.00,0.01,0.00,0.0323,0.8768,0.1681,-0.0118,-0.3380,0.9411,10.11,0
6.8667,CoreSystemMain,0.500,1,-0.0967,0.5170,0.1763,314.68,324.28,31.15,0.1085,0.6078,0.2485,277.59,33.61,321.43,0.0322,0.8768,0.1682,19.77,359.28,0.62,0.0459,0.4627,0.8942,0.00,0.01,0.00,0.0322,0.8768,0.1682,-0.0118,-0.3382,0.9410,10.06,0
6.8777,CoreSystemMain,0.500,1,-0.0968,0.5167,0.1762,314.71,324.32,31.14,0.1091,0.6065,0.2479,277.80,32.49,322.78,0.0320,0.8768,0.1682,19.75,359.27,0.63,0.0461,0.4637,0.8936,0.00,0.01,0.00,0.0320,0.8768,0.1682,-0.0119,-0.3379,0.9411,10.05,0
6.8890,CoreSystemMain,0.500,1,-0.0969,0.5165,0.1761,314.72,324.36,31.04,0.1096,0.6057,0.2473,277.81,31.71,323.70,0.0319,0.8767,0.1682,19.75,359.27,0.65,0.0464,0.4643,0.8932,0.00,0.01,0.00,0.0319,0.8767,0.1682,-0.0121,-0.3378,0.9411,10.03,0
6.9001,CoreSystemMain,0.500,1,-0.0969,0.5162,0.1761,314.76,324.42,30.91,0.1100,0.6050,0.2467,277.84,31.14,324.26,0.0317,0.8767,0.1682,19.74,359.25,0.66,0.0467,0.4648,0.8929,0.00,0.01,0.00,0.0317,0.8767,0.1682,-0.0123,-0.3378,0.9412,10.02,0
6.9112,CoreSystemMain,0.500,1,-0.0972,0.5161,0.1759,314.82,324.47,30.81,0.1103,0.6047,0.2462,277.83,30.81,324.56,0.0316,0.8767,0.1682,19.72,359.25,0.68,0.0469,0.4652,0.8926,0.00,0.01,0.00,0.0316,0.8767,0.1682,-0.0124,-0.3375,0.9413,10.03,0
6.9221,CoreSystemMain,0.500,1,-0.0972,0.5158,0.1759,314.85,324.50,30.72,0.1101,0.6018,0.2461,277.90,29.37,325.92,0.0315,0.8766,0.1682,19.72,359.25,0.69,0.0472,0.4656,0.8923,0.00,0.01,0.00,0.0315,0.8766,0.1682,-0.0124,-0.3374,0.9413,10.02,0
6.9334,CoreSystemMain,0.500,1,-0.0973,0.5156,0.1759,314.91,324.43,30.77,0.1104,0.6008,0.2454,278.08,28.61,326.63,0.0314,0.8766,0.1683,19.72,359.25,0.68,0.0473,0.4658,0.8921,0.00,0.01,0.00,0.0314,0.8766,0.1683,-0.0124,-0.3374,0.9413,10.02,0
6.9447,CoreSystemMain,0.500,1,-0.0974,0.5154,0.1758,314.97,324.43,30.84,0.1108,0.5999,0.2448,278.35,28.34,326.87,0.0313,0.8767,0.1683,19.69,359.25,0.67,0.0474,0.4660,0.8919,0.00,0.01,0.00,0.0313,0.8767,0.1683,-0.0123,-0.3370,0.9414,10.05,0
6.9555,CoreSystemMain,0.500,1,-0.0974,0.5152,0.1757,315.04,324.41,30.93,0.1111,0.5988,0.2441,278.58,27.85,327.32,0.0313,0.8767,0.1683,19.67,359.24,0.68,0.0475,0.4661,0.8918,0.00,0.01,0.00,0.0313,0.8767,0.1683,-0.0125,-0.3367,0.9415,10.07,0
6.9666,CoreSystemMain,0.500,1,-0.0974,0.5150,0.1758,315.05,324.41,30.96,0.1113,0.5978,0.2435,278.66,27.04,328.20,0.0312,0.8767,0.1684,19.67,359.25,0.69,0.0475,0.4661,0.8917,0.00,0.01,0.00,0.0312,0.8767,0.1684,-0.0123,-0.3366,0.9416,10.07,0
6.9777,CoreSystemMain,0.500,1,-0.0975,0.5148,0.1758,315.06,324.55,30.85,0.1116,0.5964,0.2428,278.68,25.01,330.40,0.0311,0.8766,0.1684,19.65,359.26,0.71,0.0476,0.4662,0.8916,0.00,0.01,0.00,0.0311,0.8766,0.1684,-0.0121,-0.3363,0.9417,10.09,0
6.9893,CoreSystemMain,0.500,1,-0.0975,0.5146,0.1759,315.02,324.67,30.76,0.1117,0.5955,0.2424,278.75,24.26,331.26,0.0311,0.8766,0.1684,19.65,359.28,0.71,0.0476,0.4661,0.8916,0.00,0.01,0.00,0.0311,0.8766,0.1684,-0.0119,-0.3362,0.9417,10.10,0
6.9999,CoreSystemMain,0.500,1,-0.0974,0.5143,0.1760,315.02,324.82,30.61,0.1115,0.5936,0.2421,278.96,23.84,331.82,0.0311,0.8766,0.1685,19.66,359.28,0.74,0.0476,0.4661,0.8915,0.00,0.01,0.00,0.0311,0.8766,0.1685,-0.0118,-0.3365,0.9416,10.08,0
7.0112,CoreSystemMain,0.500,1,-0.0973,0.5141,0.1761,315.03,324.95,30.48,0.1117,0.5926,0.2417,279.20,23.70,332.03,0.0310,0.8765,0.1685,19.67,359.32,0.78,0.0478,0.4660,0.8915,0.00,0.01,0.00,0.0310,0.8765,0.1685,-0.0111,-0.3366,0.9416,10.08,0
7.0224,CoreSystemMain,0.500,1,-0.0972,0.5140,0.1763,315.13,325.10,30.39,0.1116,0.5913,0.2413,279.70,24.19,331.68,0.0310,0.8765,0.1685,19.68,359.33,0.81,0.0480,0.4659,0.8915,0.00,0.01,0.00,0.0310,0.8765,0.1685,-0.0109,-0.3368,0.9415,10.07,0
7.0333,CoreSystemMain,0.500,1,-0.0971,0.5139,0.1764,315.16,325.04,30.51,0.1117,0.5903,0.2409,280.12,24.19,331.49,0.0310,0.8764,0.1685,19.69,359.37,0.83,0.0483,0.4656,0.8916,0.00,0.01,0.00,0.0310,0.8764,0.1685,-0.0104,-0.3369,0.9415,10.07,0
7.0444,CoreSystemMain,0.500,1,-0.0971,0.5135,0.1765,315.20,324.97,30.63,0.1118,0.5894,0.2405,280.31,23.41,332.40,0.0310,0.8764,0.1686,19.69,359.40,0.88,0.0487,0.4653,0.8919,0.00,0.01,0.00,0.0310,0.8764,0.1686,-0.0098,-0.3370,0.9415,10.07,0
7.0555,CoreSystemMain,0.500,1,-0.0970,0.5135,0.1765,315.22,324.87,30.78,0.1115,0.5889,0.2401,280.50,23.08,332.73,0.0310,0.8763,0.1686,19.69,359.43,0.90,0.0491,0.4648,0.8922,0.00,0.01,0.00,0.0310,0.8763,0.1686,-0.0094,-0.3369,0.9415,10.09,0
7.0669,CoreSystemMain,0.500,1,-0.0969,0.5135,0.1767,315.20,324.86,30.86,0.1117,0.5879,0.2396,280.63,22.62,333.05,0.0311,0.8763,0.1686,19.69,359.47,0.93,0.0495,0.4643,0.8926,0.00,0.01,0.00,0.0311,0.8763,0.1686,-0.0088,-0.3370,0.9415,10.11,0
7.0778,CoreSystemMain,0.500,1,-0.0967,0.5134,0.1768,315.22,324.87,30.88,0.1119,0.5870,0.2391,280.79,22.23,333.24,0.0311,0.8763,0.1687,19.70,359.48,0.94,0.0498,0.4637,0.8930,0.00,0.01,0.00,0.0311,0.8763,0.1687,-0.0085,-0.3370,0.9414,10.13,0
7.0889,CoreSystemMain,0.500,1,-0.0964,0.5136,0.1770,315.12,325.08,30.70,0.1124,0.5858,0.2386,281.23,20.93,333.79,0.0310,0.8763,0.1688,19.70,359.53,0.96,0.0500,0.4631,0.8933,0.00,0.01,0.00,0.0310,0.8763,0.1688,-0.0078,-0.3372,0.9414,10.14,0
7.1000,CoreSystemMain,0.500,1,-0.0961,0.5136,0.1771,315.07,325.26,30.61,0.1127,0.5847,0.2380,281.71,19.63,334.69,0.0310,0.8763,0.1688,19.70,359.55,0.96,0.0498,0.4622,0.8939,0.00,0.01,0.00,0.0310,0.8763,0.1688,-0.0074,-0.3372,0.9414,10.17,0
7.1112,CoreSystemMain,0.500,1,-0.0959,0.5137,0.1773,315.06,325.40,30.57,0.1129,0.5833,0.2376,282.06,18.25,336.09,0.0310,0.8762,0.1689,19.73,359.57,0.96,0.0492,0.4610,0.8947,0.00,0.01,0.00,0.0310,0.8762,0.1689,-0.0071,-0.3376,0.9413,10.17,0
7.1222,CoreSystemMain,0.500,0,-0.0957,0.5138,0.1775,315.06,325.45,30.59,0.1131,0.5826,0.2371,282.26,17.23,337.50,0.0310,0.8762,0.1689,19.75,359.58,0.94,0.0485,0.4596,0.8957,0.00,0.01,0.00,0.0310,0.8762,0.1689,-0.0069,-0.3380,0.9411,10.19,0
7.1335,CoreSystemMain,0.500,0,-0.0955,0.5139,0.1776,315.09,325.41,30.69,0.1133,0.5811,0.2370,282.49,16.24,338.74,0.0310,0.8761,0.1689,19.78,359.59,0.94,0.0487,0.4543,0.8961,0.00,0.01,0.00,0.0310,0.8761,0.1689,-0.0068,-0.3384,0.9410,10.45,0
7.1444,CoreSystemMain,0.500,0,-0.0954,0.5140,0.1777,315.10,325.39,30.78,0.1136,0.5793,0.2368,282.86,14.99,340.07,0.0309,0.8760,0.1690,19.79,359.58,0.94,0.0487,0.4543,0.8961,0.00,0.01,0.00,0.0309,0.8760,0.1690,-0.0069,-0.3386,0.9409,10.44,0
7.1556,CoreSystemMain,0.500,0,-0.0952,0.5141,0.1777,315.08,325.28,30.85,0.1139,0.5776,0.2366,283.23,13.85,341.21,0.0309,0.8759,0.1690,19.81,359.58,0.94,0.0490,0.4451,0.8965,0.00,0.01,0.00,0.0309,0.8759,0.1690,-0.0068,-0.3389,0.9408,10.95,0
7.1668,CoreSystemMain,0.500,0,-0.0950,0.5144,0.1777,315.02,325.08,30.94,0.1142,0.5754,0.2364,283.63,12.94,342.07,0.0309,0.8759,0.1691,19.82,359.58,0.95,0.0490,0.4451,0.8965,0.00,0.01,0.00,0.0309,0.8759,0.1691,-0.0069,-0.3390,0.9408,10.94,0
7.1778,CoreSystemMain,0.500,0,-0.0949,0.5144,0.1778,314.97,325.05,31.01,0.1144,0.5744,0.2360,284.02,12.42,342.52,0.0308,0.8758,0.1691,19.84,359.58,0.95,0.0492,0.4319,0.8969,0.00,0.01,0.00,0.0308,0.8758,0.1691,-0.0069,-0.3393,0.9406,11.66,0
7.1890,CoreSystemMain,0.500,0,-0.0947,0.5146,0.1776,314.92,324.97,31.23,0.1147,0.5718,0.2355,284.63,11.93,343.08,0.0308,0.8757,0.1692,19.85,359.57,0.97,0.0495,0.4148,0.8973,0.00,0.01,0.00,0.0308,0.8757,0.1692,-0.0071,-0.3396,0.9406,12.59,0
7.2000,CoreSystemMain,0.500,0,-0.0946,0.5147,0.1776,314.89,325.08,31.22,0.1150,0.5693,0.2349,285.21,11.98,343.20,0.0307,0.8757,0.1693,19.87,359.58,1.00,0.0495,0.4148,0.8973,0.00,0.01,0.00,0.0307,0.8757,0.1693,-0.0069,-0.3398,0.9405,12.58,0
7.2114,CoreSystemMain,0.500,0,-0.0945,0.5148,0.1776,314.88,325.13,31.20,0.1153,0.5677,0.2345,285.62,11.86,343.37,0.0306,0.8757,0.1694,19.88,359.59,1.02,0.0497,0.3938,0.8976,0.00,0.01,0.00,0.0306,0.8757,0.1694,-0.0068,-0.3401,0.9404,13.71,0
7.2222,CoreSystemMain,0.500,0,-0.0944,0.5148,0.1776,314.87,325.25,31.07,0.1157,0.5648,0.2337,286.29,11.67,343.50,0.0306,0.8756,0.1694,19.88,359.59,1.05,0.0497,0.3938,0.8976,0.00,0.01,0.00,0.0306,0.8756,0.1694,-0.0067,-0.3400,0.9404,13.71,0
7.2434,CoreSystemMain,0.500,0,-0.0943,0.5148,0.1776,314.82,325.19,30.99,0.1162,0.5590,0.2312,287.10,8.35,346.56,0.0304,0.8755,0.1696,19.89,359.59,1.07,0.0500,0.3689,0.8980,0.00,0.01,0.00,0.0304,0.8755,0.1696,-0.0068,-0.3402,0.9403,15.02,0
7.2471,CoreSystemMain,0.500,0,-0.0943,0.5147,0.1776,314.82,325.16,31.03,0.1163,0.5579,0.2308,287.19,7.61,347.23,0.0304,0.8755,0.1696,19.89,359.60,1.08,0.0500,0.3689,0.8980,0.00,0.01,0.00,0.0304,0.8755,0.1696,-0.0066,-0.3403,0.9403,15.02,0
7.2557,CoreSystemMain,0.500,0,-0.0942,0.5147,0.1776,314.80,325.15,31.04,0.1165,0.5560,0.2302,287.49,6.81,347.99,0.0303,0.8755,0.1697,19.90,359.60,1.08,0.0502,0.3400,0.8984,0.00,0.01,0.00,0.0303,0.8755,0.1697,-0.0066,-0.3404,0.9403,16.49,0
7.2666,CoreSystemMain,0.500,0,-0.0943,0.5146,0.1776,314.88,325.07,31.08,0.1168,0.5531,0.2290,287.79,4.74,349.97,0.0302,0.8754,0.1698,19.88,359.59,1.07,0.0502,0.3400,0.8984,0.00,0.01,0.00,0.0302,0.8754,0.1698,-0.0067,-0.3401,0.9404,16.51,0
7.2778,CoreSystemMain,0.500,0,-0.0943,0.5145,0.1776,314.99,325.00,31.13,0.1172,0.5494,0.2275,288.28,2.69,352.03,0.0301,0.8754,0.1700,19.88,359.57,1.05,0.0505,0.3072,0.8988,0.00,0.01,0.00,0.0301,0.8754,0.1700,-0.0071,-0.3400,0.9404,18.14,0
7.2917,CoreSystemMain,0.500,0,-0.0945,0.5144,0.1773,315.13,324.90,31.22,0.1178,0.5443,0.2257,289.12,1.14,353.76,0.0299,0.8754,0.1701,19.88,359.52,1.02,0.0507,0.2705,0.8992,0.00,0.01,0.00,0.0299,0.8754,0.1701,-0.0078,-0.3401,0.9404,19.87,0
7.3001,CoreSystemMain,0.500,0,-0.0946,0.5143,0.1772,315.15,324.84,31.29,0.1181,0.5415,0.2246,289.75,0.51,354.53,0.0298,0.8753,0.1702,19.89,359.49,1.04,0.0507,0.2705,0.8992,0.00,0.01,0.00,0.0298,0.8753,0.1702,-0.0084,-0.3402,0.9403,19.87,0
7.3111,CoreSystemMain,0.500,0,-0.0947,0.5142,0.1771,315.16,324.82,31.32,0.1182,0.5383,0.2231,290.54,359.75,355.38,0.0296,0.8753,0.1703,19.90,359.45,1.04,0.0510,0.2299,0.8995,0.00,0.01,0.00,0.0296,0.8753,0.1703,-0.0090,-0.3404,0.9402,21.68,0
7.3223,CoreSystemMain,0.500,0,-0.0950,0.5140,0.1769,315.11,324.77,31.32,0.1187,0.5330,0.2211,291.82,359.06,355.99,0.0295,0.8752,0.1705,19.92,359.37,1.04,0.0510,0.2299,0.8995,0.00,0.01,0.00,0.0295,0.8752,0.1705,-0.0103,-0.3407,0.9401,21.67,0
7.3333,CoreSystemMain,0.500,0,-0.0951,0.5138,0.1767,315.11,324.80,31.21,0.1190,0.5295,0.2197,292.64,358.52,356.46,0.0293,0.8751,0.1706,19.92,359.33,1.07,0.0512,0.1853,0.8999,0.00,0.01,0.00,0.0293,0.8751,0.1706,-0.0109,-0.3408,0.9401,23.55,0
7.3445,CoreSystemMain,0.500,0,-0.0953,0.5136,0.1766,315.10,324.85,31.07,0.1193,0.5255,0.2180,293.64,358.05,356.79,0.0293,0.8751,0.1707,19.95,359.31,1.07,0.0512,0.1853,0.8999,0.00,0.01,0.00,0.0293,0.8751,0.1707,-0.0114,-0.3413,0.9399,23.53,0
7.3555,CoreSystemMain,0.500,0,-0.0954,0.5133,0.1765,315.12,324.89,30.91,0.1195,0.5210,0.2160,294.92,357.64,357.04,0.0291,0.8749,0.1709,19.98,359.25,1.08,0.0515,0.1368,0.9003,0.00,0.01,0.00,0.0291,0.8749,0.1709,-0.0124,-0.3417,0.9397,25.43,0
7.3666,CoreSystemMain,0.500,0,-0.0956,0.5129,0.1765,315.20,324.99,30.73,0.1198,0.5165,0.2138,296.39,357.56,357.00,0.0290,0.8749,0.1709,20.00,359.24,1.08,0.0515,0.1368,0.9003,0.00,0.01,0.00,0.0290,0.8749,0.1709,-0.0125,-0.3420,0.9396,25.41,0
7.3778,CoreSystemMain,0.500,0,-0.0959,0.5124,0.1765,315.35,325.05,30.60,0.1199,0.5113,0.2105,298.65,358.32,355.64,0.0290,0.8748,0.1710,20.01,359.22,1.07,0.0517,0.0844,0.9007,0.00,0.01,0.00,0.0290,0.8748,0.1710,-0.0128,-0.3422,0.9395,27.34,0
7.3888,CoreSystemMain,0.500,0,-0.0960,0.5123,0.1764,315.38,325.07,30.55,0.1202,0.5077,0.2090,299.68,358.03,355.82,0.0289,0.8747,0.1711,20.03,359.19,1.04,0.0518,0.0769,0.9008,0.07,0.00,359.96,0.0289,0.8747,0.1711,-0.0133,-0.3426,0.9394,27.58,0
7.4000,CoreSystemMain,0.500,0,-0.0965,0.5119,0.1764,315.58,324.90,30.70,0.1209,0.5017,0.2055,301.90,358.08,355.26,0.0287,0.8745,0.1712,20.07,359.15,1.02,0.0518,0.0769,0.9008,0.07,0.00,359.96,0.0287,0.8745,0.1712,-0.0139,-0.3431,0.9392,27.55,0
7.4112,CoreSystemMain,0.500,0,-0.0967,0.5117,0.1762,315.65,324.78,30.78,0.1214,0.4963,0.2028,303.47,357.65,355.56,0.0287,0.8745,0.1713,20.07,359.14,1.00,0.0518,0.0754,0.9008,0.06,0.01,359.97,0.0287,0.8745,0.1713,-0.0142,-0.3432,0.9391,27.60,0
7.4224,CoreSystemMain,0.500,0,-0.0970,0.5116,0.1761,315.67,324.70,30.81,0.1220,0.4910,0.2003,304.99,356.71,356.64,0.0287,0.8744,0.1714,20.08,359.10,0.97,0.0518,0.0754,0.9008,0.06,0.01,359.97,0.0287,0.8744,0.1714,-0.0147,-0.3433,0.9391,27.60,0
7.4336,CoreSystemMain,0.500,0,-0.0973,0.5115,0.1759,315.58,324.72,30.74,0.1224,0.4851,0.1975,306.92,355.11,358.99,0.0286,0.8743,0.1715,20.09,359.08,0.95,0.0517,0.0751,0.9007,0.01,0.01,359.99,0.0286,0.8743,0.1715,-0.0150,-0.3436,0.9390,27.60,0
7.4448,CoreSystemMain,0.500,0,-0.0975,0.5114,0.1759,315.57,324.70,30.67,0.1225,0.4798,0.1950,308.59,354.17,0.49,0.0286,0.8742,0.1715,20.11,359.08,0.94,0.0517,0.0751,0.9007,0.01,0.01,359.99,0.0286,0.8742,0.1715,-0.0151,-0.3438,0.9389,27.59,0
7.4557,CoreSystemMain,0.500,0,-0.0977,0.5114,0.1757,315.53,324.79,30.45,0.1230,0.4739,0.1915,310.44,353.33,1.85,0.0286,0.8741,0.1715,20.14,359.08,0.94,0.0517,0.0750,0.9007,359.99,0.01,0.00,0.0286,0.8741,0.1715,-0.0151,-0.3443,0.9387,27.56,0
7.4670,CoreSystemMain,0.500,0,-0.0979,0.5113,0.1756,315.54,324.78,30.41,0.1234,0.4692,0.1893,311.91,352.98,2.32,0.0286,0.8740,0.1715,20.15,359.07,0.95,0.0517,0.0750,0.9007,359.99,0.01,0.00,0.0286,0.8740,0.1715,-0.0153,-0.3445,0.9387,27.55,0
7.4780,CoreSystemMain,0.500,0,-0.0981,0.5113,0.1755,315.53,324.83,30.35,0.1244,0.4636,0.1849,313.67,352.87,2.14,0.0287,0.8740,0.1715,20.17,359.11,0.97,0.0517,0.0750,0.9007,359.99,0.01,0.00,0.0287,0.8740,0.1715,-0.0146,-0.3448,0.9385,27.52,0
7.4894,CoreSystemMain,0.500,0,-0.0983,0.5112,0.1754,315.54,324.86,30.32,0.1248,0.4594,0.1827,315.02,352.64,2.40,0.0288,0.8740,0.1716,20.20,359.15,0.97,0.0517,0.0750,0.9007,0.00,0.01,0.00,0.0288,0.8740,0.1716,-0.0139,-0.3452,0.9384,27.49,0
7.5002,CoreSystemMain,0.500,0,-0.0984,0.5113,0.1754,315.51,324.80,30.45,0.1265,0.4541,0.1782,317.21,352.41,2.00,0.0288,0.8740,0.1716,20.17,359.19,0.97,0.0517,0.0750,0.9007,0.00,0.01,0.00,0.0288,0.8740,0.1716,-0.0132,-0.3448,0.9386,27.52,0
7.5113,CoreSystemMain,0.500,0,-0.0985,0.5114,0.1754,315.50,324.75,30.46,0.1274,0.4503,0.1755,318.91,352.25,1.94,0.0289,0.8740,0.1716,20.16,359.23,0.94,0.0517,0.0750,0.9007,0.00,0.01,0.00,0.0289,0.8740,0.1716,-0.0126,-0.3446,0.9387,27.52,0
7.5224,CoreSystemMain,0.500,0,-0.0986,0.5114,0.1753,315.51,324.76,30.42,0.1286,0.4457,0.1726,320.88,351.98,2.18,0.0289,0.8739,0.1716,20.13,359.27,0.96,0.0517,0.0750,0.9007,0.00,0.01,0.00,0.0289,0.8739,0.1716,-0.0120,-0.3441,0.9389,27.55,0
7.5336,CoreSystemMain,0.500,0,-0.0987,0.5114,0.1753,315.49,324.74,30.40,0.1297,0.4415,0.1701,322.72,351.61,2.91,0.0289,0.8740,0.1716,20.13,359.27,0.96,0.0517,0.0750,0.9007,0.00,0.01,0.00,0.0289,0.8740,0.1716,-0.0119,-0.3442,0.9388,27.55,0
7.5446,CoreSystemMain,0.500,0,-0.0987,0.5114,0.1753,315.47,324.72,30.42,0.1309,0.4370,0.1676,325.15,351.07,4.02,0.0290,0.8740,0.1716,20.13,359.29,0.99,0.0517,0.0750,0.9007,0.00,0.01,0.00,0.0290,0.8740,0.1716,-0.0117,-0.3441,0.9389,27.55,0
7.5557,CoreSystemMain,0.500,0,-0.0987,0.5115,0.1753,315.43,324.71,30.47,0.1321,0.4329,0.1654,327.47,351.22,4.45,0.0290,0.8740,0.1715,20.13,359.29,1.02,0.0517,0.0750,0.9007,0.00,0.01,0.00,0.0290,0.8740,0.1715,-0.0116,-0.3442,0.9388,27.54,0
7.5671,CoreSystemMain,0.500,0,-0.0986,0.5115,0.1753,315.38,324.78,30.42,0.1334,0.4295,0.1635,329.40,352.40,3.28,0.0291,0.8740,0.1714,20.14,359.31,1.05,0.0517,0.0750,0.9007,0.00,0.01,0.00,0.0291,0.8740,0.1714,-0.0113,-0.3442,0.9388,27.54,0
7.5780,CoreSystemMain,0.500,0,-0.0986,0.5115,0.1753,315.33,324.79,30.38,0.1347,0.4268,0.1618,331.05,354.03,1.23,0.0291,0.8740,0.1714,20.13,359.33,1.07,0.0517,0.0750,0.9007,0.00,0.01,0.00,0.0291,0.8740,0.1714,-0.0110,-0.3442,0.9388,27.53,0
7.5892,CoreSystemMain,0.500,0,-0.0985,0.5114,0.1754,315.31,324.84,30.28,0.1364,0.4246,0.1602,332.55,356.05,358.24,0.0292,0.8740,0.1713,20.13,359.36,1.08,0.0517,0.0750,0.9007,0.00,0.01,0.00,0.0292,0.8740,0.1713,-0.0105,-0.3442,0.9388,27.53,0
7.6002,CoreSystemMain,0.500,0,-0.0984,0.5114,0.1755,315.31,324.83,30.29,0.1381,0.4224,0.1587,334.09,357.36,356.14,0.0292,0.8741,0.1712,20.11,359.39,1.07,0.0517,0.0750,0.9007,0.00,0.01,0.00,0.0292,0.8741,0.1712,-0.0100,-0.3439,0.9390,27.55,0
7.6115,CoreSystemMain,0.500,0,-0.0982,0.5114,0.1756,315.34,324.83,30.34,0.1393,0.4204,0.1575,335.36,358.18,355.00,0.0293,0.8741,0.1711,20.07,359.42,1.09,0.0517,0.0750,0.9007,0.00,0.01,0.00,0.0293,0.8741,0.1711,-0.0095,-0.3432,0.9392,27.58,0
7.6224,CoreSystemMain,0.500,0,-0.0980,0.5114,0.1757,315.40,324.80,30.50,0.1404,0.4195,0.1567,335.84,358.93,354.53,0.0294,0.8742,0.1710,20.04,359.43,1.10,0.0517,0.0750,0.9007,0.00,0.01,0.00,0.0294,0.8742,0.1710,-0.0093,-0.3426,0.9394,27.62,0
7.6336,CoreSystemMain,0.500,0,-0.0978,0.5114,0.1758,315.43,324.79,30.59,0.1413,0.4177,0.1557,336.51,359.27,354.35,0.0294,0.8742,0.1709,19.99,359.45,1.14,0.0517,0.0750,0.9007,0.00,0.01,0.00,0.0294,0.8742,0.1709,-0.0090,-0.3419,0.9397,27.66,0
7.6448,CoreSystemMain,0.500,0,-0.0975,0.5115,0.1758,315.46,324.76,30.70,0.1421,0.4173,0.1555,336.14,359.55,354.54,0.0295,0.8743,0.1708,19.98,359.44,1.15,0.0517,0.0750,0.9007,0.00,0.01,0.00,0.0295,0.8743,0.1708,-0.0092,-0.3417,0.9398,27.67,0
7.6558,CoreSystemMain,0.500,0,-0.0971,0.5116,0.1759,315.46,324.71,30.81,0.1429,0.4161,0.1550,335.47,359.23,355.68,0.0295,0.8743,0.1707,19.96,359.44,1.17,0.0517,0.0750,0.9007,0.00,0.01,0.00,0.0295,0.8743,0.1707,-0.0092,-0.3413,0.9399,27.69,0
7.6669,CoreSystemMain,0.500,0,-0.0968,0.5116,0.1759,315.41,324.73,30.83,0.1433,0.4154,0.1549,334.50,358.96,356.69,0.0296,0.8743,0.1705,19.95,359.44,1.17,0.0517,0.0750,0.9007,0.00,0.01,0.00,0.0296,0.8743,0.1705,-0.0092,-0.3412,0.9400,27.69,0
7.6782,CoreSystemMain,0.500,0,-0.0965,0.5117,0.1759,315.36,324.79,30.75,0.1436,0.4154,0.1553,333.23,358.87,357.47,0.0296,0.8744,0.1704,19.95,359.43,1.17,0.0517,0.0750,0.9007,0.00,0.01,0.00,0.0296,0.8744,0.1704,-0.0093,-0.3413,0.9399,27.68,0
7.6890,CoreSystemMain,0.500,0,-0.0961,0.5117,0.1759,315.29,324.90,30.64,0.1438,0.4158,0.1560,332.00,358.62,358.58,0.0297,0.8744,0.1702,19.97,359.42,1.15,0.0517,0.0750,0.9007,0.00,0.01,0.00,0.0297,0.8744,0.1702,-0.0096,-0.3415,0.9398,27.66,0
7.7002,CoreSystemMain,0.500,0,-0.0957,0.5118,0.1759,315.26,325.01,30.61,0.1440,0.4163,0.1567,331.19,358.62,359.13,0.0297,0.8744,0.1700,19.97,359.41,1.13,0.0517,0.0750,0.9007,0.00,0.01,0.00,0.0297,0.8744,0.1700,-0.0096,-0.3416,0.9398,27.65,0
7.7113,CoreSystemMain,0.500,0,-0.0952,0.5120,0.1758,315.24,325.12,30.61,0.1442,0.4174,0.1576,330.64,358.76,359.39,0.0298,0.8746,0.1698,19.96,359.40,1.09,0.0517,0.0750,0.9007,0.00,0.01,0.00,0.0298,0.8746,0.1698,-0.0099,-0.3414,0.9399,27.66,0
7.7226,CoreSystemMain,0.500,0,-0.0948,0.5122,0.1757,315.29,325.12,30.70,0.1437,0.4199,0.1597,329.97,358.49,359.56,0.0299,0.8746,0.1696,19.93,359.38,1.07,0.0517,0.0750,0.9007,0.00,0.01,0.00,0.0299,0.8746,0.1696,-0.0102,-0.3409,0.9400,27.68,0
7.7335,CoreSystemMain,0.500,0,-0.0945,0.5123,0.1757,315.30,325.12,30.74,0.1437,0.4203,0.1603,329.83,358.70,359.27,0.0300,0.8748,0.1695,19.92,359.36,1.04,0.0517,0.0750,0.9007,0.00,0.01,0.00,0.0300,0.8748,0.1695,-0.0106,-0.3406,0.9401,27.70,0
7.7447,CoreSystemMain,0.500,0,-0.0942,0.5125,0.1756,315.34,325.06,30.85,0.1433,0.4219,0.1616,329.52,359.02,358.26,0.0300,0.8749,0.1694,19.88,359.34,1.02,0.0517,0.0750,0.9007,0.00,0.01,0.00,0.0300,0.8749,0.1694,-0.0109,-0.3401,0.9403,27.74,0
7.7557,CoreSystemMain,0.500,0,-0.0940,0.5127,0.1755,315.35,324.97,30.97,0.1427,0.4231,0.1628,329.12,359.19,357.83,0.0301,0.8751,0.1692,19.84,359.34,1.02,0.0517,0.0750,0.9007,0.00,0.01,0.00,0.0301,0.8751,0.1692,-0.0109,-0.3394,0.9406,27.78,0
7.7669,CoreSystemMain,0.500,0,-0.0938,0.5130,0.1753,315.30,324.92,31.12,0.1414,0.4256,0.1648,328.60,359.53,357.45,0.0302,0.8753,0.1690,19.80,359.34,1.00,0.0517,0.0750,0.9007,0.00,0.01,0.00,0.0302,0.8753,0.1690,-0.0109,-0.3387,0.9408,27.82,0
7.7781,CoreSystemMain,0.500,0,-0.0935,0.5132,0.1751,315.22,324.95,31.17,0.1407,0.4274,0.1661,328.19,359.76,357.04,0.0303,0.8754,0.1689,19.75,359.34,1.00,0.0517,0.0750,0.9007,0.00,0.01,0.00,0.0303,0.8754,0.1689,-0.0108,-0.3379,0.9411,27.87,0
7.7892,CoreSystemMain,0.500,0,-0.0933,0.5134,0.1750,315.17,325.01,31.15,0.1400,0.4290,0.1675,327.66,0.06,356.33,0.0305,0.8757,0.1686,19.67,359.36,0.99,0.0517,0.0750,0.9007,0.00,0.01,0.00,0.0305,0.8757,0.1686,-0.0105,-0.3366,0.9416,27.95,0
7.8003,CoreSystemMain,0.500,0,-0.0931,0.5135,0.1749,315.08,325.11,31.02,0.1391,0.4307,0.1688,327.18,0.23,356.16,0.0306,0.8759,0.1685,19.60,359.37,0.98,0.0517,0.0750,0.9007,0.00,0.01,0.00,0.0306,0.8759,0.1685,-0.0104,-0.3355,0.9420,28.01,0
7.8113,CoreSystemMain,0.500,1,-0.0930,0.5136,0.1749,315.03,325.16,30.91,0.1384,0.4321,0.1700,326.78,0.39,355.79,0.0307,0.8760,0.1684,19.55,359.39,0.98,0.0517,0.0750,0.9007,0.00,0.01,0.00,0.0307,0.8760,0.1684,-0.0101,-0.3346,0.9423,28.07,0
7.8224,CoreSystemMain,0.500,1,-0.0930,0.5136,0.1748,315.04,325.14,30.85,0.1367,0.4347,0.1724,325.56,359.97,355.69,0.0309,0.8763,0.1682,19.48,359.38,0.95,0.0517,0.0750,0.9007,0.00,0.01,0.00,0.0309,0.8763,0.1682,-0.0102,-0.3334,0.9427,28.14,0
7.8337,CoreSystemMain,0.500,1,-0.0931,0.5137,0.1748,315.08,325.11,30.90,0.1353,0.4368,0.1742,324.49,359.29,356.21,0.0310,0.8765,0.1680,19.39,359.38,0.93,0.0515,0.0753,0.9009,0.00,0.01,0.00,0.0310,0.8765,0.1680,-0.0102,-0.3320,0.9432,28.21,0
7.8446,CoreSystemMain,0.500,1,-0.0932,0.5138,0.1746,315.14,325.09,31.00,0.1341,0.4388,0.1758,323.56,358.62,356.58,0.0311,0.8768,0.1679,19.30,359.37,0.89,0.0509,0.0762,0.9018,0.00,0.01,0.00,0.0311,0.8768,0.1679,-0.0104,-0.3306,0.9437,28.23,0
7.8558,CoreSystemMain,0.500,1,-0.0934,0.5139,0.1746,315.23,325.11,31.06,0.1327,0.4412,0.1778,322.37,358.46,356.34,0.0311,0.8771,0.1677,19.21,359.34,0.84,0.0497,0.0779,0.9033,0.00,0.01,0.00,0.0311,0.8771,0.1677,-0.0108,-0.3290,0.9443,28.21,0
7.8668,CoreSystemMain,0.500,1,-0.0935,0.5139,0.1745,315.25,325.07,31.11,0.1316,0.4436,0.1798,321.06,357.93,357.05,0.0312,0.8773,0.1676,19.13,359.31,0.79,0.0477,0.0807,0.9058,0.00,0.01,0.00,0.0312,0.8773,0.1676,-0.0115,-0.3277,0.9447,28.09,0
7.8781,CoreSystemMain,0.500,1,-0.0936,0.5140,0.1744,315.24,325.04,31.10,0.1306,0.4459,0.1818,320.15,358.52,356.47,0.0312,0.8776,0.1675,19.04,359.27,0.75,0.0458,0.0849,0.9094,0.00,0.01,0.00,0.0312,0.8776,0.1675,-0.0120,-0.3263,0.9452,27.89,0
7.8891,CoreSystemMain,0.500,1,-0.0938,0.5141,0.1744,315.21,324.97,31.04,0.1295,0.4487,0.1842,319.10,359.03,356.25,0.0312,0.8778,0.1673,18.95,359.22,0.68,0.0440,0.0894,0.9132,0.00,0.01,0.00,0.0312,0.8778,0.1673,-0.0129,-0.3247,0.9457,27.67,0
7.9004,CoreSystemMain,0.500,1,-0.0941,0.5141,0.1743,315.14,324.89,30.93,0.1287,0.4517,0.1866,318.17,359.39,356.31,0.0313,0.8780,0.1672,18.85,359.19,0.63,0.0428,0.0945,0.9175,0.00,0.01,0.00,0.0313,0.8780,0.1672,-0.0134,-0.3231,0.9463,27.43,0
7.9114,CoreSystemMain,0.500,1,-0.0943,0.5142,0.1744,315.09,324.83,30.90,0.1275,0.4548,0.1884,317.64,0.57,354.71,0.0313,0.8783,0.1671,18.77,359.15,0.59,0.0424,0.1000,0.9221,0.00,0.01,0.00,0.0313,0.8783,0.1671,-0.0141,-0.3217,0.9467,27.13,0
7.9224,CoreSystemMain,0.500,1,-0.0946,0.5142,0.1743,315.03,324.86,30.85,0.1266,0.4581,0.1911,316.56,359.91,355.44,0.0314,0.8786,0.1669,18.67,359.12,0.54,0.0414,0.1053,0.9264,0.00,0.01,0.00,0.0314,0.8786,0.1669,-0.0146,-0.3201,0.9473,26.88,0
7.9335,CoreSystemMain,0.500,1,-0.0949,0.5142,0.1743,315.01,324.95,30.80,0.1256,0.4613,0.1934,315.64,359.72,354.99,0.0314,0.8788,0.1668,18.59,359.09,0.53,0.0403,0.1111,0.9310,0.00,0.01,0.00,0.0314,0.8788,0.1668,-0.0150,-0.3188,0.9477,26.57,0
7.9447,CoreSystemMain,0.500,1,-0.0952,0.5142,0.1743,314.99,325.01,30.73,0.1245,0.4652,0.1965,314.10,358.84,355.55,0.0315,0.8793,0.1666,18.38,359.05,0.49,0.0381,0.1173,0.9357,0.00,0.01,0.00,0.0315,0.8793,0.1666,-0.0157,-0.3154,0.9488,26.38,0
7.9558,CoreSystemMain,0.500,1,-0.0954,0.5141,0.1743,314.97,325.05,30.63,0.1234,0.4694,0.1995,312.46,358.40,355.41,0.0315,0.8796,0.1665,18.28,359.03,0.47,0.0350,0.1251,0.9413,0.00,0.01,0.00,0.0315,0.8796,0.1665,-0.0160,-0.3137,0.9494,25.98,0
7.9670,CoreSystemMain,0.500,1,-0.0957,0.5140,0.1744,314.97,325.02,30.55,0.1226,0.4735,0.2026,310.78,357.85,355.84,0.0316,0.8799,0.1664,18.14,359.03,0.44,0.0307,0.1343,0.9473,0.00,0.01,0.00,0.0316,0.8799,0.1664,-0.0161,-0.3114,0.9501,25.54,0
7.9781,CoreSystemMain,0.500,1,-0.0962,0.5140,0.1743,314.99,324.96,30.45,0.1215,0.4778,0.2057,309.11,357.72,356.27,0.0317,0.8801,0.1663,18.03,359.01,0.43,0.0264,0.1447,0.9537,0.00,0.01,0.00,0.0317,0.8801,0.1663,-0.0165,-0.3096,0.9507,25.02,0
7.9891,CoreSystemMain,0.500,1,-0.0965,0.5140,0.1744,315.01,324.85,30.46,0.1209,0.4825,0.2090,307.49,357.98,356.64,0.0317,0.8803,0.1662,17.97,359.00,0.43,0.0234,0.1555,0.9600,0.00,0.01,0.00,0.0317,0.8803,0.1662,-0.0166,-0.3085,0.9511,24.43,0
8.0003,CoreSystemMain,0.500,1,-0.0967,0.5139,0.1745,315.03,324.71,30.53,0.1203,0.4870,0.2120,306.08,358.63,356.39,0.0318,0.8806,0.1660,17.87,358.99,0.41,0.0222,0.1666,0.9661,0.00,0.01,0.00,0.0318,0.8806,0.1660,-0.0168,-0.3068,0.9516,23.88,0
8.0334,CoreSystemMain,0.500,1,-0.0971,0.5137,0.1747,315.13,324.74,30.54,0.1182,0.5012,0.2210,302.25,359.79,355.67,0.0322,0.8816,0.1656,17.51,359.00,0.33,0.0221,0.1778,0.9719,0.00,0.01,0.00,0.0322,0.8816,0.1656,-0.0167,-0.3008,0.9535,23.61,0
8.0373,CoreSystemMain,0.500,1,-0.0972,0.5137,0.1748,315.12,324.77,30.52,0.1179,0.5032,0.2221,301.79,359.78,355.61,0.0322,0.8818,0.1655,17.48,358.98,0.29,0.0245,0.2146,0.9875,0.00,0.01,0.00,0.0322,0.8818,0.1655,-0.0170,-0.3004,0.9537,21.59,0
8.0446,CoreSystemMain,0.500,1,-0.0972,0.5138,0.1749,315.14,324.82,30.47,0.1174,0.5064,0.2237,301.00,0.08,355.02,0.0323,0.8820,0.1654,17.41,358.99,0.27,0.0245,0.2169,0.9885,0.00,0.01,0.00,0.0323,0.8820,0.1654,-0.0168,-0.2992,0.9541,21.53,0
8.0556,CoreSystemMain,0.500,1,-0.0971,0.5138,0.1750,315.12,324.89,30.46,0.1167,0.5110,0.2261,299.80,0.09,354.67,0.0324,0.8823,0.1653,17.29,359.00,0.24,0.0241,0.2221,0.9906,0.00,0.01,0.00,0.0324,0.8823,0.1653,-0.0166,-0.2973,0.9546,21.37,0
8.0666,CoreSystemMain,0.500,1,-0.0971,0.5138,0.1750,315.13,324.90,30.43,0.1158,0.5163,0.2292,298.32,0.22,354.42,0.0325,0.8826,0.1651,17.20,359.00,0.21,0.0227,0.2313,0.9938,0.00,0.01,0.00,0.0325,0.8826,0.1651,-0.0166,-0.2956,0.9552,20.97,0
8.0876,CoreSystemMain,0.500,1,-0.0970,0.5138,0.1752,315.07,325.02,30.30,0.1146,0.5260,0.2339,295.81,0.96,354.04,0.0327,0.8832,0.1648,16.95,359.03,0.22,0.0213,0.2414,0.9969,0.00,0.01,0.00,0.0327,0.8832,0.1648,-0.0161,-0.2915,0.9564,20.70,0
8.0912,CoreSystemMain,0.500,1,-0.0970,0.5138,0.1753,315.07,325.03,30.28,0.1145,0.5279,0.2348,295.34,1.28,353.83,0.0327,0.8833,0.1648,16.91,359.03,0.20,0.0205,0.2656,1.0023,0.00,0.01,0.00,0.0327,0.8833,0.1648,-0.0162,-0.2908,0.9567,19.50,0
8.1002,CoreSystemMain,0.500,1,-0.0969,0.5138,0.1753,315.06,325.07,30.23,0.1141,0.5321,0.2369,294.22,1.92,353.46,0.0328,0.8836,0.1647,16.80,359.05,0.20,0.0205,0.2679,1.0028,0.00,0.01,0.00,0.0328,0.8836,0.1647,-0.0158,-0.2890,0.9572,19.50,0
8.1113,CoreSystemMain,0.500,1,-0.0966,0.5140,0.1754,315.04,325.02,30.26,0.1138,0.5370,0.2389,292.81,2.63,353.12,0.0329,0.8840,0.1646,16.63,359.05,0.18,0.0210,0.2753,1.0042,0.00,0.01,0.00,0.0329,0.8840,0.1646,-0.0159,-0.2861,0.9581,19.31,0
8.1223,CoreSystemMain,0.500,1,-0.0965,0.5140,0.1755,315.06,324.95,30.39,0.1136,0.5421,0.2410,291.41,3.19,352.92,0.0330,0.8844,0.1644,16.45,359.06,0.16,0.0225,0.2859,1.0057,0.00,0.01,0.00,0.0330,0.8844,0.1644,-0.0157,-0.2833,0.9589,18.98,0
8.1333,CoreSystemMain,0.500,1,-0.0964,0.5141,0.1755,315.08,324.87,30.55,0.1134,0.5467,0.2426,290.01,3.03,353.08,0.0331,0.8848,0.1643,16.29,359.06,0.13,0.0246,0.2966,1.0066,0.00,0.01,0.00,0.0331,0.8848,0.1643,-0.0157,-0.2805,0.9597,18.64,0
8.1443,CoreSystemMain,0.500,1,-0.0961,0.5141,0.1756,315.16,324.80,30.68,0.1131,0.5508,0.2440,288.56,2.52,353.65,0.0332,0.8853,0.1641,16.13,359.05,0.09,0.0261,0.3073,1.0070,0.00,0.01,0.00,0.0332,0.8853,0.1641,-0.0159,-0.2779,0.9605,18.31,0
8.1558,CoreSystemMain,0.500,1,-0.0960,0.5142,0.1758,315.20,324.84,30.72,0.1126,0.5564,0.2460,286.72,1.79,354.38,0.0332,0.8858,0.1639,15.94,359.05,0.05,0.0272,0.3182,1.0067,0.00,0.01,0.00,0.0332,0.8858,0.1639,-0.0160,-0.2747,0.9614,18.02,0
8.1669,CoreSystemMain,0.500,1,-0.0958,0.5143,0.1758,315.21,324.91,30.73,0.1121,0.5610,0.2477,285.46,1.44,354.71,0.0332,0.8862,0.1638,15.78,359.06,0.04,0.0278,0.3305,1.0055,0.00,0.01,0.00,0.0332,0.8862,0.1638,-0.0157,-0.2720,0.9622,17.66,0
8.1778,CoreSystemMain,0.500,1,-0.0956,0.5145,0.1759,315.20,324.93,30.75,0.1120,0.5644,0.2485,284.51,1.95,354.25,0.0333,0.8866,0.1636,15.61,359.08,0.00,0.0280,0.3415,1.0041,0.00,0.01,0.00,0.0333,0.8866,0.1636,-0.0155,-0.2691,0.9630,17.36,0
8.1889,CoreSystemMain,0.500,1,-0.0954,0.5146,0.1760,315.13,324.95,30.73,0.1116,0.5685,0.2494,283.74,3.38,352.95,0.0333,0.8871,0.1635,15.44,359.06,359.98,0.0283,0.3510,1.0026,0.00,0.01,0.00,0.0333,0.8871,0.1635,-0.0158,-0.2662,0.9638,17.14,0
8.2003,CoreSystemMain,0.500,1,-0.0953,0.5147,0.1760,315.09,324.99,30.72,0.1112,0.5730,0.2509,282.78,4.56,351.88,0.0334,0.8875,0.1633,15.24,359.06,359.98,0.0289,0.3598,1.0011,0.00,0.01,0.00,0.0334,0.8875,0.1633,-0.0158,-0.2629,0.9647,16.97,0
8.2112,CoreSystemMain,0.500,1,-0.0951,0.5149,0.1761,315.00,324.99,30.67,0.1111,0.5767,0.2511,282.27,6.91,349.53,0.0334,0.8880,0.1631,15.06,359.04,359.97,0.0297,0.3685,0.9993,0.00,0.01,0.00,0.0334,0.8880,0.1631,-0.0162,-0.2598,0.9655,16.80,0
8.2223,CoreSystemMain,0.500,1,-0.0950,0.5150,0.1760,314.93,324.94,30.68,0.1108,0.5805,0.2517,281.40,8.31,348.07,0.0334,0.8884,0.1629,14.87,359.03,359.98,0.0307,0.3758,0.9977,0.00,0.01,0.00,0.0334,0.8884,0.1629,-0.0164,-0.2566,0.9664,16.70,0
8.2333,CoreSystemMain,0.500,1,-0.0950,0.5151,0.1761,314.90,324.92,30.71,0.1105,0.5840,0.2523,280.42,9.04,347.26,0.0334,0.8889,0.1627,14.67,359.02,359.97,0.0316,0.3832,0.9958,0.00,0.01,0.00,0.0334,0.8889,0.1627,-0.0166,-0.2532,0.9673,16.61,0
8.2448,CoreSystemMain,0.500,1,-0.0949,0.5151,0.1761,314.89,324.86,30.78,0.1105,0.5875,0.2530,279.23,8.46,347.68,0.0334,0.8893,0.1626,14.51,359.00,359.96,0.0321,0.3907,0.9935,0.00,0.01,0.00,0.0334,0.8893,0.1626,-0.0168,-0.2505,0.9680,16.48,0
8.2558,CoreSystemMain,0.500,1,-0.0949,0.5151,0.1762,314.96,324.74,30.89,0.1102,0.5909,0.2534,278.10,6.45,349.77,0.0334,0.8898,0.1624,14.29,359.00,359.94,0.0321,0.3987,0.9906,0.00,0.01,0.00,0.0334,0.8898,0.1624,-0.0168,-0.2468,0.9689,16.40,0
8.2667,CoreSystemMain,0.500,1,-0.0949,0.5150,0.1763,315.08,324.73,30.93,0.1099,0.5942,0.2539,277.15,5.60,350.77,0.0334,0.8902,0.1622,14.06,359.01,359.93,0.0318,0.4065,0.9874,0.00,0.01,0.00,0.0334,0.8902,0.1622,-0.0168,-0.2430,0.9699,16.34,0
8.2779,CoreSystemMain,0.500,1,-0.0949,0.5150,0.1764,315.18,324.75,30.97,0.1097,0.5973,0.2541,276.37,6.92,349.65,0.0334,0.8907,0.1621,13.84,359.00,359.92,0.0316,0.4139,0.9840,0.00,0.01,0.00,0.0334,0.8907,0.1621,-0.0169,-0.2393,0.9708,16.29,0
8.2890,CoreSystemMain,0.500,1,-0.0949,0.5149,0.1764,315.23,324.73,31.01,0.1095,0.6007,0.2544,275.69,10.54,346.21,0.0334,0.8911,0.1619,13.65,359.00,359.92,0.0318,0.4211,0.9805,0.00,0.01,0.00,0.0334,0.8911,0.1619,-0.0170,-0.2360,0.9716,16.23,0
8.2999,CoreSystemMain,0.500,1,-0.0948,0.5148,0.1765,315.23,324.70,31.08,0.1094,0.6036,0.2543,275.38,16.00,340.78,0.0335,0.8916,0.1617,13.46,359.00,359.91,0.0325,0.4279,0.9772,0.00,0.01,0.00,0.0335,0.8916,0.1617,-0.0170,-0.2327,0.9724,16.19,0
8.3111,CoreSystemMain,0.500,1,-0.0947,0.5145,0.1765,315.17,324.66,31.07,0.1094,0.6064,0.2542,274.95,21.86,334.84,0.0335,0.8920,0.1615,13.27,358.99,359.92,0.0334,0.4337,0.9743,0.00,0.01,0.00,0.0335,0.8920,0.1615,-0.0171,-0.2295,0.9732,16.18,0
8.3222,CoreSystemMain,0.500,1,-0.0947,0.5144,0.1766,315.16,324.67,31.01,0.1093,0.6091,0.2540,274.34,26.04,330.66,0.0335,0.8926,0.1612,13.03,358.99,359.92,0.0343,0.4393,0.9713,0.00,0.01,0.00,0.0335,0.8926,0.1612,-0.0171,-0.2254,0.9741,16.23,0
8.3332,CoreSystemMain,0.500,1,-0.0946,0.5141,0.1767,315.15,324.76,30.85,0.1091,0.6116,0.2536,273.64,29.73,326.79,0.0335,0.8931,0.1609,12.81,359.01,359.91,0.0352,0.4449,0.9681,0.00,0.01,0.00,0.0335,0.8931,0.1609,-0.0169,-0.2217,0.9750,16.26,0
8.3444,CoreSystemMain,0.500,1,-0.0946,0.5140,0.1768,315.14,324.91,30.68,0.1089,0.6141,0.2534,272.87,34.97,321.45,0.0335,0.8935,0.1608,12.61,359.02,359.90,0.0356,0.4503,0.9648,0.00,0.01,0.00,0.0335,0.8935,0.1608,-0.0168,-0.2184,0.9757,16.28,0
8.3556,CoreSystemMain,0.500,1,-0.0945,0.5138,0.1769,315.17,325.02,30.62,0.1087,0.6160,0.2529,272.16,41.01,315.46,0.0335,0.8940,0.1605,12.36,359.03,359.90,0.0356,0.4560,0.9610,0.00,0.01,0.00,0.0335,0.8940,0.1605,-0.0165,-0.2141,0.9767,16.36,0
8.3666,CoreSystemMain,0.500,1,-0.0945,0.5136,0.1770,315.24,325.01,30.66,0.1086,0.6179,0.2525,271.71,51.36,305.15,0.0335,0.8946,0.1603,12.09,359.04,359.89,0.0355,0.4614,0.9571,0.00,0.01,0.00,0.0335,0.8946,0.1603,-0.0164,-0.2094,0.9777,16.48,0
8.3776,CoreSystemMain,0.500,1,-0.0947,0.5135,0.1773,315.33,324.95,30.73,0.1085,0.6199,0.2521,271.55,65.40,291.18,0.0335,0.8951,0.1600,11.86,359.04,359.89,0.0354,0.4664,0.9534,0.00,0.01,0.00,0.0335,0.8951,0.1600,-0.0164,-0.2055,0.9785,16.56,0
8.3889,CoreSystemMain,0.500,1,-0.0948,0.5134,0.1774,315.43,324.85,30.86,0.1088,0.6214,0.2521,271.71,77.10,279.52,0.0336,0.8956,0.1598,11.61,359.05,359.92,0.0355,0.4710,0.9499,0.00,0.01,0.00,0.0336,0.8956,0.1598,-0.0162,-0.2013,0.9794,16.67,0
8.4000,CoreSystemMain,0.500,1,-0.0948,0.5133,0.1775,315.51,324.80,30.95,0.1090,0.6233,0.2517,271.98,88.65,267.99,0.0336,0.8961,0.1595,11.38,359.06,359.93,0.0358,0.4751,0.9468,0.00,0.01,0.00,0.0336,0.8961,0.1595,-0.0162,-0.1974,0.9802,16.78,0
8.4111,CoreSystemMain,0.500,1,-0.0947,0.5132,0.1775,315.52,324.76,31.02,0.1091,0.6249,0.2513,272.22,95.23,261.35,0.0336,0.8965,0.1592,11.17,359.07,359.94,0.0364,0.4789,0.9439,0.00,0.01,0.00,0.0336,0.8965,0.1592,-0.0159,-0.1938,0.9809,16.89,0
8.4223,CoreSystemMain,0.500,1,-0.0947,0.5131,0.1776,315.53,324.81,30.99,0.1092,0.6262,0.2508,272.36,99.81,256.57,0.0336,0.8969,0.1590,10.97,359.08,359.92,0.0370,0.4823,0.9412,0.00,0.01,0.00,0.0336,0.8969,0.1590,-0.0158,-0.1903,0.9816,16.99,0
8.4333,CoreSystemMain,0.500,1,-0.0946,0.5130,0.1776,315.50,324.83,30.92,0.1092,0.6277,0.2505,272.46,108.82,247.48,0.0336,0.8974,0.1587,10.73,359.09,359.91,0.0373,0.4854,0.9387,0.00,0.01,0.00,0.0336,0.8974,0.1587,-0.0156,-0.1862,0.9824,17.15,0
8.4445,CoreSystemMain,0.500,1,-0.0945,0.5129,0.1776,315.39,324.94,30.78,0.1093,0.6277,0.2501,272.32,117.68,238.42,0.0336,0.8979,0.1584,10.51,359.09,359.92,0.0376,0.4885,0.9361,0.00,0.01,0.00,0.0336,0.8979,0.1584,-0.0156,-0.1824,0.9831,17.29,0
8.4555,CoreSystemMain,0.500,1,-0.0945,0.5128,0.1776,315.40,324.95,30.76,0.1093,0.6292,0.2499,272.56,127.11,228.99,0.0337,0.8984,0.1581,10.27,359.10,359.93,0.0374,0.4913,0.9337,0.00,0.01,0.00,0.0337,0.8984,0.1581,-0.0154,-0.1783,0.9838,17.46,0
8.4667,CoreSystemMain,0.500,1,-0.0944,0.5128,0.1777,315.40,325.05,30.68,0.1093,0.6301,0.2496,272.77,133.92,222.25,0.0337,0.8989,0.1578,10.06,359.10,359.95,0.0372,0.4941,0.9311,0.00,0.01,0.00,0.0337,0.8989,0.1578,-0.0154,-0.1746,0.9845,17.60,0
8.4778,CoreSystemMain,0.500,1,-0.0943,0.5127,0.1777,315.42,325.08,30.68,0.1095,0.6303,0.2494,272.86,134.39,222.00,0.0337,0.8993,0.1575,9.84,359.11,359.96,0.0372,0.4970,0.9285,0.00,0.01,0.00,0.0337,0.8993,0.1575,-0.0152,-0.1709,0.9852,17.75,0
8.4889,CoreSystemMain,0.500,1,-0.0942,0.5127,0.1777,315.46,325.10,30.69,0.1097,0.6307,0.2492,272.96,131.71,224.86,0.0337,0.8998,0.1571,9.61,359.11,359.95,0.0374,0.4994,0.9262,0.00,0.01,0.00,0.0337,0.8998,0.1571,-0.0153,-0.1670,0.9858,17.92,0
8.5001,CoreSystemMain,0.500,1,-0.0941,0.5127,0.1776,315.52,325.03,30.77,0.1100,0.6307,0.2491,272.98,124.74,231.89,0.0337,0.9002,0.1568,9.43,359.11,359.95,0.0378,0.5013,0.9244,0.00,0.01,0.00,0.0337,0.9002,0.1568,-0.0154,-0.1638,0.9864,18.07,0
8.5111,CoreSystemMain,0.500,1,-0.0940,0.5129,0.1778,315.55,324.99,30.85,0.1101,0.6314,0.2490,273.11,123.00,233.61,0.0337,0.9007,0.1564,9.23,359.11,359.95,0.0383,0.5029,0.9231,0.00,0.01,0.00,0.0337,0.9007,0.1564,-0.0154,-0.1604,0.9869,18.23,0
8.5221,CoreSystemMain,0.500,1,-0.0940,0.5128,0.1778,315.57,324.95,30.90,0.1103,0.6317,0.2489,273.21,119.30,237.21,0.0338,0.9010,0.1561,9.08,359.09,359.95,0.0388,0.5042,0.9219,0.00,0.01,0.00,0.0338,0.9010,0.1561,-0.0156,-0.1578,0.9874,18.35,0
8.5333,CoreSystemMain,0.500,1,-0.0939,0.5129,0.1778,315.59,324.93,30.95,0.1104,0.6316,0.2488,273.26,119.39,236.97,0.0338,0.9014,0.1558,8.90,359.08,359.96,0.0393,0.5053,0.9210,0.00,0.01,0.00,0.0338,0.9014,0.1558,-0.0159,-0.1548,0.9878,18.50,0
8.5444,CoreSystemMain,0.500,1,-0.0938,0.5129,0.1777,315.58,324.99,30.95,0.1105,0.6317,0.2487,273.24,120.22,236.05,0.0338,0.9018,0.1554,8.69,359.08,359.96,0.0396,0.5064,0.9201,0.00,0.01,0.00,0.0338,0.9018,0.1554,-0.0159,-0.1510,0.9884,18.70,0
8.5556,CoreSystemMain,0.500,1,-0.0936,0.5130,0.1777,315.54,325.06,30.93,0.1106,0.6315,0.2487,273.22,122.06,234.24,0.0338,0.9022,0.1551,8.53,359.05,359.95,0.0399,0.5074,0.9193,0.00,0.01,0.00,0.0338,0.9022,0.1551,-0.0163,-0.1484,0.9888,18.84,0
8.5666,CoreSystemMain,0.500,1,-0.0935,0.5131,0.1777,315.47,325.13,30.86,0.1108,0.6309,0.2488,273.19,125.89,230.68,0.0339,0.9026,0.1547,8.35,359.06,359.96,0.0401,0.5082,0.9185,0.00,0.01,0.00,0.0339,0.9026,0.1547,-0.0162,-0.1452,0.9893,19.00,0
8.5781,CoreSystemMain,0.500,1,-0.0933,0.5133,0.1776,315.40,325.11,30.86,0.1111,0.6303,0.2489,273.09,126.14,230.68,0.0339,0.9029,0.1544,8.17,359.04,359.95,0.0404,0.5091,0.9177,0.00,0.01,0.00,0.0339,0.9029,0.1544,-0.0165,-0.1421,0.9897,19.17,0
8.5889,CoreSystemMain,0.500,1,-0.0932,0.5134,0.1776,315.40,325.11,30.82,0.1110,0.6286,0.2488,273.00,126.63,230.18,0.0339,0.9033,0.1540,8.00,359.03,359.95,0.0408,0.5098,0.9170,0.00,0.01,0.00,0.0339,0.9033,0.1540,-0.0167,-0.1391,0.9901,19.33,0
8.6000,CoreSystemMain,0.500,1,-0.0931,0.5136,0.1775,315.39,325.12,30.84,0.1111,0.6281,0.2489,272.89,126.59,230.26,0.0339,0.9037,0.1536,7.77,359.02,359.95,0.0411,0.5103,0.9165,0.00,0.01,0.00,0.0339,0.9037,0.1536,-0.0169,-0.1352,0.9907,19.56,0
8.6112,CoreSystemMain,0.500,1,-0.0930,0.5138,0.1775,315.38,325.16,30.91,0.1112,0.6273,0.2489,272.74,123.74,233.14,0.0339,0.9041,0.1533,7.62,359.01,359.95,0.0414,0.5108,0.9161,0.00,0.01,0.00,0.0339,0.9041,0.1533,-0.0172,-0.1326,0.9910,19.71,0
8.6222,CoreSystemMain,0.500,1,-0.0929,0.5139,0.1774,315.36,325.20,30.95,0.1114,0.6267,0.2490,272.65,120.40,236.51,0.0340,0.9045,0.1529,7.45,358.98,359.93,0.0416,0.5111,0.9157,0.00,0.01,0.00,0.0340,0.9045,0.1529,-0.0176,-0.1296,0.9914,19.89,0
8.6334,CoreSystemMain,0.500,1,-0.0929,0.5141,0.1774,315.36,325.18,30.96,0.1115,0.6257,0.2489,272.57,113.01,243.88,0.0340,0.9047,0.1526,7.31,358.97,359.95,0.0418,0.5114,0.9155,0.00,0.01,0.00,0.0340,0.9047,0.1526,-0.0177,-0.1273,0.9917,20.02,0
8.6445,CoreSystemMain,0.500,1,-0.0929,0.5142,0.1772,315.32,325.16,30.98,0.1117,0.6252,0.2489,272.53,108.91,248.02,0.0340,0.9051,0.1522,7.15,358.97,359.96,0.0419,0.5115,0.9154,0.00,0.01,0.00,0.0340,0.9051,0.1522,-0.0179,-0.1245,0.9921,20.18,0
8.6556,CoreSystemMain,0.500,1,-0.0928,0.5143,0.1771,315.29,325.10,30.99,0.1118,0.6245,0.2489,272.51,104.86,252.05,0.0341,0.9053,0.1519,7.03,358.95,359.97,0.0420,0.5116,0.9153,0.00,0.01,0.00,0.0341,0.9053,0.1519,-0.0182,-0.1223,0.9923,20.31,0
8.6668,CoreSystemMain,0.500,1,-0.0928,0.5145,0.1770,315.26,325.09,31.01,0.1119,0.6237,0.2488,272.47,103.35,253.53,0.0341,0.9056,0.1516,6.88,358.93,359.97,0.0422,0.5117,0.9153,0.00,0.01,0.00,0.0341,0.9056,0.1516,-0.0185,-0.1198,0.9926,20.46,0
8.6777,CoreSystemMain,0.500,1,-0.0928,0.5145,0.1769,315.19,325.07,31.06,0.1120,0.6226,0.2487,272.20,101.60,255.23,0.0341,0.9060,0.1512,6.74,358.93,359.98,0.0422,0.5117,0.9152,0.00,0.01,0.00,0.0341,0.9060,0.1512,-0.0185,-0.1173,0.9929,20.62,0
8.6888,CoreSystemMain,0.500,1,-0.0927,0.5146,0.1768,315.16,325.06,31.06,0.1120,0.6220,0.2486,272.10,100.50,256.35,0.0341,0.9063,0.1509,6.61,358.92,359.98,0.0423,0.5118,0.9152,0.00,0.01,0.00,0.0341,0.9063,0.1509,-0.0187,-0.1151,0.9932,20.75,0
8.7000,CoreSystemMain,0.500,1,-0.0926,0.5147,0.1768,315.16,325.16,30.95,0.1120,0.6208,0.2486,271.89,101.29,255.67,0.0341,0.9065,0.1506,6.50,358.92,359.99,0.0423,0.5118,0.9152,0.00,0.01,0.00,0.0341,0.9065,0.1506,-0.0188,-0.1133,0.9934,20.87,0
8.7111,CoreSystemMain,0.500,1,-0.0925,0.5149,0.1768,315.13,325.25,30.89,0.1120,0.6200,0.2486,271.77,97.33,259.66,0.0341,0.9068,0.1504,6.39,358.91,0.01,0.0424,0.5118,0.9152,0.00,0.01,0.00,0.0341,0.9068,0.1504,-0.0190,-0.1114,0.9936,20.98,0
8.7222,CoreSystemMain,0.500,1,-0.0924,0.5149,0.1768,315.14,325.23,30.81,0.1120,0.6189,0.2486,271.85,85.70,271.28,0.0342,0.9070,0.1501,6.27,358.88,0.07,0.0424,0.5117,0.9152,0.00,0.01,0.00,0.0342,0.9070,0.1501,-0.0195,-0.1092,0.9938,21.11,0
8.7333,CoreSystemMain,0.500,1,-0.0924,0.5150,0.1767,315.14,325.24,30.80,0.1121,0.6181,0.2486,271.90,78.06,278.85,0.0342,0.9072,0.1497,6.15,358.85,0.13,0.0425,0.5117,0.9153,0.00,0.01,0.00,0.0342,0.9072,0.1497,-0.0200,-0.1071,0.9940,21.24,0
8.7445,CoreSystemMain,0.500,1,-0.0923,0.5150,0.1767,315.13,325.20,30.84,0.1121,0.6171,0.2487,272.01,69.21,287.60,0.0342,0.9074,0.1495,6.05,358.82,0.19,0.0425,0.5115,0.9155,0.00,0.01,0.00,0.0342,0.9074,0.1495,-0.0205,-0.1054,0.9942,21.35,0
8.7554,CoreSystemMain,0.500,1,-0.0923,0.5149,0.1767,315.16,325.12,30.91,0.1121,0.6160,0.2487,272.09,63.78,292.92,0.0342,0.9076,0.1493,5.94,358.80,0.23,0.0425,0.5113,0.9158,0.00,0.01,0.00,0.0342,0.9076,0.1493,-0.0209,-0.1034,0.9944,21.47,0
8.7668,CoreSystemMain,0.500,1,-0.0922,0.5149,0.1766,315.18,325.11,30.93,0.1127,0.6182,0.2566,272.12,57.23,299.46,0.0342,0.9079,0.1490,5.82,358.76,0.27,0.0425,0.5110,0.9161,0.00,0.01,0.00,0.0342,0.9079,0.1490,-0.0214,-0.1015,0.9946,21.60,0
8.7778,CoreSystemMain,0.500,1,-0.0921,0.5149,0.1766,315.22,325.13,31.01,0.1121,0.6141,0.2492,272.14,49.53,307.17,0.0342,0.9081,0.1488,5.72,358.75,0.29,0.0425,0.5107,0.9167,0.00,0.01,0.00,0.0342,0.9081,0.1488,-0.0217,-0.0996,0.9948,21.72,0
8.7888,CoreSystemMain,0.500,1,-0.0920,0.5145,0.1766,315.27,325.13,31.02,0.1121,0.6125,0.2495,272.22,42.07,314.76,0.0341,0.9083,0.1486,5.66,358.75,0.29,0.0424,0.5102,0.9172,0.00,0.01,0.00,0.0341,0.9083,0.1486,-0.0217,-0.0987,0.9949,21.79,0
8.7999,CoreSystemMain,0.500,1,-0.0919,0.5145,0.1766,315.29,325.16,30.96,0.1121,0.6113,0.2497,272.40,36.42,320.50,0.0341,0.9086,0.1484,5.60,358.74,0.28,0.0423,0.5096,0.9179,0.00,0.01,0.00,0.0341,0.9086,0.1484,-0.0219,-0.0976,0.9950,21.88,0
8.8112,CoreSystemMain,0.500,1,-0.0917,0.5144,0.1766,315.34,325.19,30.91,0.1123,0.6098,0.2499,272.94,31.46,325.50,0.0340,0.9087,0.1482,5.58,358.73,0.28,0.0422,0.5088,0.9187,0.00,0.01,0.00,0.0340,0.9087,0.1482,-0.0220,-0.0972,0.9950,21.92,0
8.8222,CoreSystemMain,0.500,1,-0.0916,0.5144,0.1766,315.36,325.24,30.88,0.1125,0.6084,0.2501,273.46,28.44,328.41,0.0340,0.9088,0.1481,5.57,358.72,0.29,0.0423,0.5078,0.9199,0.00,0.01,0.00,0.0340,0.9088,0.1481,-0.0222,-0.0970,0.9950,21.96,0
8.8334,CoreSystemMain,0.500,1,-0.0913,0.5145,0.1766,315.36,325.34,30.89,0.1128,0.6068,0.2504,273.88,26.45,330.23,0.0340,0.9087,0.1479,5.57,358.72,0.31,0.0423,0.5064,0.9214,0.00,0.01,0.00,0.0340,0.9087,0.1479,-0.0222,-0.0970,0.9950,21.99,0
8.8444,CoreSystemMain,0.500,1,-0.0912,0.5145,0.1766,315.37,325.37,30.90,0.1130,0.6057,0.2509,274.11,23.87,332.75,0.0340,0.9087,0.1477,5.59,358.68,0.31,0.0422,0.5048,0.9232,0.00,0.01,0.00,0.0340,0.9087,0.1477,-0.0230,-0.0975,0.9950,21.99,0
8.8556,CoreSystemMain,0.500,1,-0.0913,0.5146,0.1766,315.36,325.46,30.93,0.1132,0.6041,0.2512,274.20,21.27,335.36,0.0339,0.9087,0.1475,5.57,358.68,0.35,0.0420,0.5032,0.9249,0.00,0.01,0.00,0.0339,0.9087,0.1475,-0.0229,-0.0970,0.9950,22.05,0
8.8667,CoreSystemMain,0.500,1,-0.0911,0.5147,0.1765,315.33,325.54,30.93,0.1135,0.6025,0.2516,274.28,17.77,339.01,0.0339,0.9088,0.1474,5.57,358.68,0.36,0.0418,0.5016,0.9266,0.00,0.01,0.00,0.0339,0.9088,0.1474,-0.0230,-0.0970,0.9950,22.09,0
8.8777,CoreSystemMain,0.500,1,-0.0910,0.5150,0.1764,315.27,325.50,30.94,0.1138,0.6003,0.2520,274.45,13.27,343.99,0.0339,0.9088,0.1473,5.57,358.67,0.35,0.0416,0.5001,0.9282,0.00,0.01,0.00,0.0339,0.9088,0.1473,-0.0230,-0.0970,0.9950,22.13,0
8.8890,CoreSystemMain,0.500,1,-0.0910,0.5152,0.1763,315.21,325.39,30.99,0.1142,0.5983,0.2523,274.91,10.35,347.16,0.0339,0.9088,0.1472,5.57,358.67,0.33,0.0418,0.4984,0.9299,0.00,0.01,0.00,0.0339,0.9088,0.1472,-0.0232,-0.0970,0.9950,22.18,0
8.9001,CoreSystemMain,0.500,1,-0.0909,0.5153,0.1762,315.15,325.26,31.07,0.1145,0.5964,0.2525,275.59,8.84,348.73,0.0339,0.9088,0.1471,5.56,358.67,0.30,0.0421,0.4963,0.9320,0.00,0.01,0.00,0.0339,0.9088,0.1471,-0.0232,-0.0969,0.9950,22.24,0
8.9110,CoreSystemMain,0.500,1,-0.0909,0.5155,0.1761,315.13,325.14,31.18,0.1149,0.5949,0.2528,276.27,7.52,349.90,0.0339,0.9088,0.1470,5.56,358.66,0.25,0.0425,0.4938,0.9345,0.00,0.01,0.00,0.0339,0.9088,0.1470,-0.0233,-0.0969,0.9950,22.31,0
8.9222,CoreSystemMain,0.500,1,-0.0909,0.5156,0.1760,315.13,325.09,31.23,0.1152,0.5931,0.2530,276.83,5.97,351.30,0.0338,0.9088,0.1470,5.53,358.67,0.23,0.0427,0.4910,0.9373,0.00,0.01,0.00,0.0338,0.9088,0.1470,-0.0232,-0.0964,0.9951,22.41,0
8.9333,CoreSystemMain,0.500,1,-0.0909,0.5158,0.1760,315.19,325.11,31.30,0.1153,0.5915,0.2530,277.23,1.40,355.41,0.0338,0.9088,0.1470,5.48,358.65,0.22,0.0427,0.4879,0.9403,0.00,0.01,0.00,0.0338,0.9088,0.1470,-0.0235,-0.0955,0.9951,22.54,0
8.9444,CoreSystemMain,0.500,1,-0.0910,0.5158,0.1759,315.19,325.19,31.31,0.1155,0.5901,0.2529,277.34,355.57,0.92,0.0338,0.9088,0.1469,5.43,358.64,0.21,0.0417,0.4847,0.9433,0.00,0.01,0.00,0.0338,0.9088,0.1469,-0.0237,-0.0946,0.9952,22.68,0
8.9555,CoreSystemMain,0.500,1,-0.0910,0.5158,0.1758,315.15,325.17,31.34,0.1159,0.5887,0.2527,277.56,351.98,3.96,0.0338,0.9090,0.1470,5.31,358.62,0.22,0.0399,0.4819,0.9458,0.00,0.01,0.00,0.0338,0.9090,0.1470,-0.0241,-0.0925,0.9954,22.89,0
8.9668,CoreSystemMain,0.500,1,-0.0911,0.5158,0.1758,315.14,325.15,31.34,0.1162,0.5874,0.2527,277.85,349.25,6.30,0.0338,0.9091,0.1470,5.26,358.61,0.22,0.0374,0.4791,0.9482,0.00,0.01,0.00,0.0338,0.9091,0.1470,-0.0241,-0.0917,0.9955,23.02,0
8.9779,CoreSystemMain,0.500,1,-0.0911,0.5154,0.1760,315.13,325.16,31.18,0.1158,0.5872,0.2524,277.51,349.07,7.15,0.0338,0.9092,0.1470,5.23,358.62,0.21,0.0344,0.4763,0.9504,0.00,0.01,0.00,0.0338,0.9092,0.1470,-0.0240,-0.0912,0.9955,23.13,0
8.9888,CoreSystemMain,0.500,1,-0.0912,0.5151,0.1761,315.17,325.26,30.98,0.1160,0.5866,0.2525,277.46,352.33,4.55,0.0339,0.9093,0.1470,5.21,358.63,0.21,0.0331,0.4745,0.9518,0.00,0.01,0.00,0.0339,0.9093,0.1470,-0.0238,-0.0908,0.9956,23.20,0
9.0001,CoreSystemMain,0.500,1,-0.0913,0.5149,0.1763,315.22,325.36,30.89,0.1162,0.5861,0.2525,277.50,354.38,2.94,0.0339,0.9093,0.1471,5.22,358.64,0.22,0.0328,0.4731,0.9528,0.00,0.01,0.00,0.0339,0.9093,0.1471,-0.0237,-0.0910,0.9956,23.24,0
9.0111,CoreSystemMain,0.500,1,-0.0913,0.5147,0.1765,315.35,325.41,30.89,0.1164,0.5859,0.2525,277.51,356.81,0.84,0.0339,0.9092,0.1471,5.23,358.65,0.23,0.0330,0.4717,0.9539,0.00,0.01,0.00,0.0339,0.9092,0.1471,-0.0235,-0.0911,0.9956,23.28,0
9.0221,CoreSystemMain,0.500,1,-0.0913,0.5145,0.1767,315.41,325.46,30.88,0.1165,0.5853,0.2525,277.68,356.85,0.93,0.0340,0.9092,0.1472,5.27,358.66,0.20,0.0336,0.4705,0.9548,0.00,0.01,0.00,0.0340,0.9092,0.1472,-0.0233,-0.0919,0.9955,23.27,0
9.0336,CoreSystemMain,0.500,1,-0.0913,0.5144,0.1769,315.57,325.49,30.95,0.1167,0.5851,0.2524,277.86,356.63,1.08,0.0340,0.9091,0.1472,5.27,358.68,0.19,0.0342,0.4693,0.9557,0.00,0.01,0.00,0.0340,0.9091,0.1472,-0.0230,-0.0918,0.9955,23.31,0
9.0449,CoreSystemMain,0.500,1,-0.0914,0.5142,0.1770,315.63,325.50,30.97,0.1169,0.5849,0.2521,278.06,355.41,1.91,0.0340,0.9091,0.1473,5.27,358.69,0.19,0.0347,0.4680,0.9567,0.00,0.01,0.00,0.0340,0.9091,0.1473,-0.0228,-0.0919,0.9955,23.35,0
9.0560,CoreSystemMain,0.500,1,-0.0914,0.5141,0.1772,315.54,325.56,30.93,0.1171,0.5851,0.2521,277.91,354.09,3.04,0.0341,0.9091,0.1475,5.28,358.70,0.17,0.0349,0.4668,0.9576,0.00,0.01,0.00,0.0341,0.9091,0.1475,-0.0225,-0.0920,0.9955,23.39,0
9.0668,CoreSystemMain,0.500,1,-0.0914,0.5141,0.1773,315.54,325.60,30.88,0.1172,0.5846,0.2522,277.95,353.46,3.71,0.0341,0.9091,0.1476,5.29,358.72,0.17,0.0348,0.4659,0.9582,0.00,0.01,0.00,0.0341,0.9091,0.1476,-0.0222,-0.0922,0.9955,23.41,0
9.0781,CoreSystemMain,0.500,1,-0.0914,0.5141,0.1775,315.43,325.82,30.61,0.1175,0.5849,0.2524,277.61,352.97,4.39,0.0341,0.9090,0.1477,5.32,358.72,0.15,0.0348,0.4650,0.9589,0.00,0.01,0.00,0.0341,0.9090,0.1477,-0.0223,-0.0927,0.9954,23.41,0
9.0891,CoreSystemMain,0.500,1,-0.0914,0.5141,0.1776,315.34,325.91,30.50,0.1177,0.5847,0.2525,277.56,353.04,4.52,0.0341,0.9089,0.1478,5.38,358.73,0.13,0.0349,0.4643,0.9593,0.00,0.01,0.00,0.0341,0.9089,0.1478,-0.0221,-0.0937,0.9954,23.37,0
9.1003,CoreSystemMain,0.500,1,-0.0915,0.5142,0.1778,315.28,325.99,30.42,0.1177,0.5848,0.2526,277.72,354.21,3.73,0.0341,0.9088,0.1479,5.43,358.73,0.12,0.0351,0.4638,0.9597,0.00,0.01,0.00,0.0341,0.9088,0.1479,-0.0221,-0.0946,0.9953,23.34,0
9.1114,CoreSystemMain,0.500,1,-0.0915,0.5142,0.1779,315.28,326.03,30.41,0.1178,0.5846,0.2526,277.95,354.27,3.68,0.0341,0.9087,0.1481,5.48,358.74,0.12,0.0355,0.4631,0.9601,0.00,0.01,0.00,0.0341,0.9087,0.1481,-0.0219,-0.0955,0.9952,23.30,0
9.1226,CoreSystemMain,0.500,1,-0.0915,0.5144,0.1780,315.30,325.99,30.46,0.1179,0.5843,0.2524,278.22,354.28,3.50,0.0341,0.9085,0.1482,5.54,358.75,0.12,0.0359,0.4624,0.9607,0.00,0.01,0.00,0.0341,0.9085,0.1482,-0.0218,-0.0966,0.9951,23.26,0
9.1335,CoreSystemMain,0.500,1,-0.0916,0.5145,0.1781,315.33,325.92,30.56,0.1180,0.5840,0.2523,278.48,354.08,3.49,0.0342,0.9084,0.1484,5.62,358.74,0.11,0.0362,0.4617,0.9612,0.00,0.01,0.00,0.0342,0.9084,0.1484,-0.0218,-0.0978,0.9950,23.21,0
9.1447,CoreSystemMain,0.500,1,-0.0916,0.5148,0.1782,315.37,325.73,30.82,0.1178,0.5836,0.2518,278.89,353.65,3.34,0.0341,0.9083,0.1485,5.64,358.75,0.14,0.0364,0.4609,0.9619,0.00,0.01,0.00,0.0341,0.9083,0.1485,-0.0218,-0.0983,0.9949,23.21,0
9.1560,CoreSystemMain,0.500,1,-0.0917,0.5152,0.1783,315.29,325.57,31.00,0.1176,0.5828,0.2516,279.17,354.47,2.01,0.0341,0.9082,0.1487,5.68,358.75,0.15,0.0361,0.4599,0.9626,0.00,0.01,0.00,0.0341,0.9082,0.1487,-0.0218,-0.0990,0.9949,23.20,0
9.1669,CoreSystemMain,0.500,1,-0.0917,0.5154,0.1783,315.23,325.51,31.03,0.1176,0.5819,0.2514,279.44,353.98,2.25,0.0340,0.9080,0.1489,5.73,358.74,0.15,0.0355,0.4587,0.9635,0.00,0.01,0.00,0.0340,0.9080,0.1489,-0.0219,-0.0999,0.9948,23.19,0
9.1781,CoreSystemMain,0.500,1,-0.0916,0.5156,0.1784,315.13,325.48,31.03,0.1179,0.5804,0.2509,279.88,352.23,3.54,0.0339,0.9079,0.1491,5.79,358.74,0.15,0.0347,0.4575,0.9644,0.00,0.01,0.00,0.0339,0.9079,0.1491,-0.0219,-0.1009,0.9947,23.16,0
9.1893,CoreSystemMain,0.500,1,-0.0916,0.5158,0.1785,315.04,325.53,30.94,0.1181,0.5793,0.2504,280.09,351.38,4.35,0.0339,0.9078,0.1492,5.83,358.73,0.15,0.0332,0.4559,0.9655,0.00,0.01,0.00,0.0339,0.9078,0.1492,-0.0221,-0.1016,0.9946,23.17,0
9.2004,CoreSystemMain,0.500,0,-0.0915,0.5160,0.1786,314.99,325.56,30.83,0.1182,0.5775,0.2495,280.04,353.32,3.33,0.0338,0.9076,0.1494,5.92,358.75,0.16,0.0318,0.4543,0.9666,0.00,0.01,0.00,0.0338,0.9076,0.1494,-0.0217,-0.1031,0.9944,23.12,0
9.2114,CoreSystemMain,0.500,0,-0.0915,0.5162,0.1787,314.98,325.57,30.83,0.1185,0.5754,0.2483,280.34,354.98,2.47,0.0337,0.9075,0.1495,6.00,358.76,0.14,0.0314,0.4444,0.9688,0.00,0.01,0.00,0.0337,0.9075,0.1495,-0.0215,-0.1045,0.9943,23.50,0
9.2224,CoreSystemMain,0.500,0,-0.0915,0.5164,0.1787,314.98,325.50,30.92,0.1189,0.5735,0.2474,280.83,356.67,0.57,0.0336,0.9073,0.1496,6.06,358.78,0.15,0.0314,0.4444,0.9688,0.00,0.01,0.00,0.0336,0.9073,0.1496,-0.0212,-0.1056,0.9942,23.43,0
9.2339,CoreSystemMain,0.500,0,-0.0915,0.5165,0.1787,315.01,325.33,31.13,0.1193,0.5708,0.2461,281.76,357.70,358.88,0.0335,0.9072,0.1498,6.13,358.77,0.13,0.0310,0.4306,0.9710,0.00,0.01,0.00,0.0335,0.9072,0.1498,-0.0214,-0.1067,0.9941,24.02,0
9.2449,CoreSystemMain,0.500,0,-0.0915,0.5166,0.1787,315.06,325.19,31.31,0.1194,0.5675,0.2449,282.72,356.70,359.44,0.0334,0.9071,0.1499,6.15,358.77,0.14,0.0310,0.4306,0.9710,0.00,0.01,0.00,0.0334,0.9071,0.1499,-0.0214,-0.1072,0.9940,24.00,0
9.2560,CoreSystemMain,0.500,0,-0.0915,0.5166,0.1786,315.10,325.15,31.39,0.1191,0.5628,0.2433,283.68,353.97,1.68,0.0332,0.9070,0.1500,6.17,358.77,0.14,0.0307,0.4129,0.9732,0.00,0.01,0.00,0.0332,0.9070,0.1500,-0.0214,-0.1074,0.9940,24.83,0
9.2669,CoreSystemMain,0.500,0,-0.0916,0.5166,0.1786,315.10,325.12,31.37,0.1189,0.5592,0.2421,284.36,352.28,3.18,0.0330,0.9070,0.1501,6.17,358.75,0.15,0.0307,0.4129,0.9732,0.00,0.01,0.00,0.0330,0.9070,0.1501,-0.0216,-0.1076,0.9940,24.82,0
9.2783,CoreSystemMain,0.500,0,-0.0917,0.5166,0.1785,315.09,325.06,31.37,0.1189,0.5557,0.2409,285.00,351.05,4.36,0.0327,0.9068,0.1504,6.16,358.73,0.17,0.0303,0.3913,0.9753,0.00,0.01,0.00,0.0327,0.9068,0.1504,-0.0221,-0.1074,0.9940,25.86,0
9.2891,CoreSystemMain,0.500,0,-0.0918,0.5166,0.1785,315.09,324.98,31.41,0.1187,0.5512,0.2395,285.71,350.11,5.45,0.0325,0.9068,0.1505,6.17,358.69,0.18,0.0299,0.3657,0.9775,0.00,0.01,0.00,0.0325,0.9068,0.1505,-0.0227,-0.1075,0.9939,27.04,0
9.3002,CoreSystemMain,0.500,0,-0.0920,0.5164,0.1784,315.08,324.94,31.42,0.1186,0.5461,0.2378,286.57,350.04,6.07,0.0324,0.9067,0.1506,6.19,358.67,0.18,0.0299,0.3657,0.9775,0.00,0.01,0.00,0.0324,0.9067,0.1506,-0.0232,-0.1078,0.9939,27.03,0
9.3114,CoreSystemMain,0.500,0,-0.0922,0.5160,0.1784,315.13,324.93,31.39,0.1186,0.5418,0.2365,287.34,350.47,5.87,0.0322,0.9067,0.1508,6.22,358.64,0.20,0.0296,0.3362,0.9797,0.00,0.01,0.00,0.0322,0.9067,0.1508,-0.0236,-0.1083,0.9938,28.34,0
9.3226,CoreSystemMain,0.500,0,-0.0923,0.5157,0.1783,315.18,324.97,31.32,0.1188,0.5358,0.2343,288.79,350.88,5.80,0.0319,0.9065,0.1509,6.28,358.61,0.22,0.0296,0.3362,0.9797,0.00,0.01,0.00,0.0319,0.9065,0.1509,-0.0242,-0.1094,0.9937,28.27,0
9.3337,CoreSystemMain,0.500,0,-0.0924,0.5154,0.1783,315.25,325.03,31.25,0.1190,0.5308,0.2325,290.20,350.34,6.39,0.0317,0.9063,0.1509,6.35,358.57,0.24,0.0292,0.3028,0.9819,0.00,0.01,0.00,0.0317,0.9063,0.1509,-0.0248,-0.1106,0.9936,29.67,0
9.3448,CoreSystemMain,0.500,0,-0.0925,0.5152,0.1783,315.31,325.08,31.19,0.1192,0.5253,0.2304,291.89,349.68,6.95,0.0315,0.9062,0.1510,6.41,358.55,0.25,0.0292,0.3028,0.9819,0.00,0.01,0.00,0.0315,0.9062,0.1510,-0.0251,-0.1116,0.9934,29.60,0
9.3558,CoreSystemMain,0.500,0,-0.0927,0.5150,0.1783,315.38,325.09,31.15,0.1192,0.5196,0.2282,293.64,349.36,7.14,0.0313,0.9060,0.1511,6.47,358.54,0.25,0.0288,0.2655,0.9841,0.00,0.01,0.00,0.0313,0.9060,0.1511,-0.0254,-0.1127,0.9933,31.11,0
9.3669,CoreSystemMain,0.500,0,-0.0928,0.5148,0.1783,315.46,325.04,31.20,0.1193,0.5140,0.2261,295.38,349.38,7.03,0.0311,0.9059,0.1511,6.53,358.52,0.24,0.0288,0.2655,0.9841,0.00,0.01,0.00,0.0311,0.9059,0.1511,-0.0257,-0.1137,0.9932,31.05,0
9.3781,CoreSystemMain,0.500,0,-0.0930,0.5144,0.1782,315.50,325.00,31.24,0.1195,0.5080,0.2238,297.38,349.66,6.55,0.0310,0.9058,0.1512,6.57,358.51,0.24,0.0285,0.2242,0.9863,0.00,0.01,0.00,0.0310,0.9058,0.1512,-0.0258,-0.1143,0.9931,32.68,0
9.3892,CoreSystemMain,0.500,0,-0.0932,0.5142,0.1781,315.55,325.05,31.20,0.1200,0.5006,0.2204,300.16,350.27,5.06,0.0308,0.9057,0.1513,6.58,358.50,0.23,0.0281,0.1790,0.9885,0.00,0.01,0.00,0.0308,0.9057,0.1513,-0.0259,-0.1145,0.9931,34.40,0
9.4004,CoreSystemMain,0.500,0,-0.0934,0.5141,0.1780,315.59,325.08,31.18,0.1203,0.4954,0.2184,301.83,350.27,4.77,0.0306,0.9055,0.1514,6.58,358.49,0.23,0.0281,0.1790,0.9885,0.00,0.01,0.00,0.0306,0.9055,0.1514,-0.0261,-0.1146,0.9931,34.40,0
9.4203,CoreSystemMain,0.500,0,-0.0938,0.5140,0.1778,315.57,325.17,31.08,0.1209,0.4840,0.2128,305.55,349.72,5.00,0.0303,0.9054,0.1515,6.61,358.48,0.23,0.0278,0.1299,0.9906,0.00,0.01,0.00,0.0303,0.9054,0.1515,-0.0263,-0.1151,0.9930,36.15,0
9.4241,CoreSystemMain,0.500,0,-0.0939,0.5140,0.1777,315.53,325.17,31.04,0.1210,0.4811,0.2111,306.46,349.44,5.30,0.0303,0.9053,0.1515,6.61,358.48,0.24,0.0278,0.1299,0.9906,0.00,0.01,0.00,0.0303,0.9053,0.1515,-0.0264,-0.1151,0.9930,36.15,0
9.4338,CoreSystemMain,0.500,0,-0.0941,0.5139,0.1776,315.47,325.16,30.99,0.1213,0.4762,0.2084,308.06,349.14,5.51,0.0302,0.9052,0.1515,6.64,358.48,0.25,0.0274,0.0769,0.9928,0.00,0.01,0.00,0.0302,0.9052,0.1515,-0.0264,-0.1157,0.9929,37.93,0
9.4449,CoreSystemMain,0.500,0,-0.0944,0.5139,0.1774,315.45,325.18,30.94,0.1217,0.4701,0.2048,310.00,348.73,5.83,0.0301,0.9051,0.1516,6.69,358.46,0.26,0.0274,0.0769,0.9928,0.00,0.01,0.00,0.0301,0.9051,0.1516,-0.0266,-0.1165,0.9928,37.88,0
9.4624,CoreSystemMain,0.500,0,-0.0948,0.5138,0.1772,315.37,325.18,30.82,0.1226,0.4612,0.1988,313.11,348.34,6.16,0.0299,0.9049,0.1515,6.74,358.49,0.30,0.0273,0.0754,0.9934,0.38,359.98,0.09,0.0299,0.9049,0.1515,-0.0262,-0.1174,0.9927,37.85,0
9.4666,CoreSystemMain,0.500,0,-0.0949,0.5138,0.1772,315.33,325.21,30.78,0.1230,0.4587,0.1970,314.00,348.28,6.12,0.0299,0.9049,0.1515,6.74,358.51,0.30,0.0273,0.0754,0.9934,0.38,359.98,0.09,0.0299,0.9049,0.1515,-0.0258,-0.1174,0.9927,37.85,0
9.4781,CoreSystemMain,0.500,0,-0.0951,0.5137,0.1772,315.32,325.23,30.76,0.1237,0.4536,0.1935,315.91,348.38,5.79,0.0298,0.9048,0.1516,6.76,358.54,0.31,0.0274,0.0751,0.9932,0.23,0.00,0.04,0.0298,0.9048,0.1516,-0.0254,-0.1178,0.9927,37.85,0
9.4892,CoreSystemMain,0.500,0,-0.0952,0.5136,0.1771,315.34,325.26,30.74,0.1245,0.4484,0.1904,317.79,348.53,5.43,0.0298,0.9048,0.1516,6.79,358.56,0.29,0.0274,0.0750,0.9929,0.05,0.01,0.00,0.0298,0.9048,0.1516,-0.0250,-0.1183,0.9927,37.83,0
9.5004,CoreSystemMain,0.500,0,-0.0954,0.5136,0.1771,315.39,325.24,30.75,0.1263,0.4441,0.1864,319.66,349.52,4.08,0.0297,0.9047,0.1515,6.79,358.58,0.30,0.0274,0.0750,0.9929,0.05,0.01,0.00,0.0297,0.9047,0.1515,-0.0246,-0.1182,0.9927,37.83,0
9.5114,CoreSystemMain,0.500,0,-0.0957,0.5133,0.1771,315.42,325.17,30.78,0.1276,0.4397,0.1834,321.52,349.99,3.41,0.0296,0.9047,0.1515,6.80,358.60,0.32,0.0274,0.0750,0.9928,359.98,0.01,359.99,0.0296,0.9047,0.1515,-0.0243,-0.1183,0.9927,37.82,0
9.5227,CoreSystemMain,0.500,0,-0.0958,0.5132,0.1771,315.40,325.06,30.83,0.1290,0.4358,0.1804,323.41,350.45,2.89,0.0295,0.9046,0.1514,6.80,358.60,0.37,0.0274,0.0750,0.9928,359.98,0.01,359.99,0.0295,0.9046,0.1514,-0.0242,-0.1183,0.9927,37.82,0
9.5337,CoreSystemMain,0.500,0,-0.0960,0.5132,0.1770,315.36,325.02,30.84,0.1301,0.4317,0.1779,325.12,350.77,2.58,0.0294,0.9045,0.1513,6.79,358.60,0.42,0.0274,0.0750,0.9928,359.98,0.01,0.00,0.0294,0.9045,0.1513,-0.0242,-0.1182,0.9927,37.81,0
9.5447,CoreSystemMain,0.500,0,-0.0959,0.5132,0.1770,315.32,324.96,30.89,0.1314,0.4286,0.1753,326.33,351.30,2.36,0.0294,0.9044,0.1513,6.81,358.59,0.46,0.0274,0.0750,0.9928,359.98,0.01,0.00,0.0294,0.9044,0.1513,-0.0243,-0.1185,0.9927,37.80,0
9.5558,CoreSystemMain,0.500,0,-0.0959,0.5132,0.1770,315.29,324.94,30.91,0.1325,0.4251,0.1728,327.69,351.66,2.14,0.0293,0.9044,0.1512,6.82,358.60,0.51,0.0274,0.0750,0.9928,359.99,0.01,0.00,0.0293,0.9044,0.1512,-0.0242,-0.1187,0.9926,37.78,0
9.5669,CoreSystemMain,0.500,0,-0.0959,0.5131,0.1770,315.30,324.93,30.91,0.1335,0.4218,0.1705,329.06,352.08,1.92,0.0293,0.9043,0.1511,6.85,358.61,0.54,0.0274,0.0750,0.9928,359.99,0.01,0.00,0.0293,0.9043,0.1511,-0.0241,-0.1193,0.9926,37.74,0
9.5781,CoreSystemMain,0.500,0,-0.0957,0.5129,0.1771,315.33,324.91,30.94,0.1346,0.4192,0.1686,330.31,352.68,1.49,0.0292,0.9043,0.1510,6.86,358.61,0.57,0.0274,0.0750,0.9928,0.00,0.01,0.00,0.0292,0.9043,0.1510,-0.0240,-0.1194,0.9926,37.73,0
9.5892,CoreSystemMain,0.500,0,-0.0954,0.5128,0.1772,315.35,324.92,30.97,0.1353,0.4175,0.1669,331.22,353.15,0.83,0.0292,0.9043,0.1508,6.88,358.63,0.57,0.0274,0.0750,0.9928,0.00,0.01,0.00,0.0292,0.9043,0.1508,-0.0238,-0.1199,0.9925,37.70,0
9.6002,CoreSystemMain,0.500,0,-0.0952,0.5128,0.1772,315.42,324.91,31.00,0.1360,0.4156,0.1652,331.92,353.43,0.25,0.0292,0.9043,0.1507,6.89,358.63,0.56,0.0274,0.0750,0.9928,0.00,0.01,0.00,0.0292,0.9043,0.1507,-0.0237,-0.1200,0.9925,37.68,0
9.6113,CoreSystemMain,0.500,0,-0.0948,0.5128,0.1772,315.51,324.98,31.05,0.1365,0.4146,0.1638,332.19,353.61,359.77,0.0291,0.9043,0.1506,6.89,358.64,0.55,0.0274,0.0750,0.9928,0.00,0.01,0.00,0.0291,0.9043,0.1506,-0.0236,-0.1199,0.9925,37.69,0
9.6224,CoreSystemMain,0.500,0,-0.0946,0.5128,0.1772,315.54,324.98,31.10,0.1372,0.4128,0.1623,332.86,353.84,359.36,0.0291,0.9043,0.1504,6.88,358.63,0.55,0.0274,0.0750,0.9928,0.00,0.01,0.00,0.0291,0.9043,0.1504,-0.0238,-0.1199,0.9925,37.68,0
9.6335,CoreSystemMain,0.500,0,-0.0941,0.5130,0.1771,315.54,325.03,31.26,0.1374,0.4134,0.1619,332.21,354.07,359.13,0.0291,0.9044,0.1503,6.87,358.63,0.55,0.0274,0.0750,0.9928,0.00,0.01,0.00,0.0291,0.9044,0.1503,-0.0237,-0.1196,0.9925,37.70,0
9.6446,CoreSystemMain,0.500,0,-0.0938,0.5132,0.1772,315.51,325.01,31.36,0.1380,0.4132,0.1615,331.90,353.65,0.18,0.0290,0.9045,0.1502,6.83,358.62,0.56,0.0274,0.0750,0.9928,0.00,0.01,0.00,0.0290,0.9045,0.1502,-0.0240,-0.1188,0.9926,37.74,0
9.6557,CoreSystemMain,0.500,0,-0.0934,0.5134,0.1771,315.42,325.02,31.39,0.1381,0.4135,0.1616,331.40,353.71,0.57,0.0290,0.9046,0.1500,6.78,358.61,0.55,0.0274,0.0750,0.9928,0.00,0.01,0.00,0.0290,0.9046,0.1500,-0.0240,-0.1181,0.9927,37.78,0
9.6669,CoreSystemMain,0.500,0,-0.0931,0.5136,0.1769,315.33,325.01,31.34,0.1383,0.4142,0.1621,330.48,353.22,1.65,0.0290,0.9047,0.1498,6.73,358.59,0.54,0.0274,0.0750,0.9928,0.00,0.01,0.00,0.0290,0.9047,0.1498,-0.0244,-0.1172,0.9928,37.83,0
9.6778,CoreSystemMain,0.500,0,-0.0928,0.5137,0.1768,315.24,325.07,31.28,0.1382,0.4147,0.1626,329.65,352.80,2.52,0.0290,0.9048,0.1497,6.69,358.58,0.53,0.0274,0.0750,0.9928,0.00,0.01,0.00,0.0290,0.9048,0.1497,-0.0246,-0.1165,0.9929,37.87,0
9.6889,CoreSystemMain,0.500,0,-0.0925,0.5139,0.1766,315.20,325.09,31.27,0.1378,0.4159,0.1637,328.61,352.08,3.75,0.0290,0.9049,0.1495,6.65,358.57,0.54,0.0274,0.0750,0.9928,0.00,0.01,0.00,0.0290,0.9049,0.1495,-0.0248,-0.1158,0.9930,37.90,0
9.7001,CoreSystemMain,0.500,0,-0.0922,0.5140,0.1765,315.21,325.11,31.35,0.1374,0.4172,0.1648,327.98,351.78,4.00,0.0291,0.9049,0.1493,6.63,358.56,0.54,0.0274,0.0750,0.9928,0.00,0.01,0.00,0.0291,0.9049,0.1493,-0.0250,-0.1154,0.9930,37.93,0
9.7111,CoreSystemMain,0.500,0,-0.0920,0.5141,0.1762,315.27,325.09,31.50,0.1365,0.4199,0.1668,327.38,351.88,3.76,0.0291,0.9050,0.1491,6.63,358.55,0.54,0.0274,0.0750,0.9928,0.00,0.01,0.00,0.0291,0.9050,0.1491,-0.0251,-0.1155,0.9930,37.92,0
9.7223,CoreSystemMain,0.500,0,-0.0919,0.5142,0.1761,315.31,325.01,31.63,0.1359,0.4216,0.1682,327.11,352.51,2.79,0.0291,0.9051,0.1489,6.63,358.56,0.55,0.0274,0.0750,0.9928,0.00,0.01,0.00,0.0291,0.9051,0.1489,-0.0249,-0.1155,0.9930,37.91,0
9.7333,CoreSystemMain,0.500,0,-0.0917,0.5143,0.1760,315.34,324.95,31.74,0.1358,0.4224,0.1689,326.88,352.58,2.61,0.0292,0.9051,0.1487,6.63,358.56,0.54,0.0274,0.0750,0.9928,0.00,0.01,0.00,0.0292,0.9051,0.1487,-0.0250,-0.1155,0.9930,37.91,0
9.7446,CoreSystemMain,0.500,0,-0.0916,0.5143,0.1758,315.35,324.82,31.84,0.1346,0.4255,0.1716,326.45,353.32,1.11,0.0293,0.9052,0.1485,6.62,358.57,0.54,0.0274,0.0750,0.9928,0.00,0.01,0.00,0.0293,0.9052,0.1485,-0.0248,-0.1152,0.9930,37.92,0
9.7559,CoreSystemMain,0.500,0,-0.0915,0.5143,0.1757,315.34,324.80,31.86,0.1340,0.4271,0.1731,326.15,353.64,0.70,0.0293,0.9052,0.1483,6.58,358.58,0.55,0.0274,0.0750,0.9928,0.00,0.01,0.00,0.0293,0.9052,0.1483,-0.0247,-0.1146,0.9931,37.95,0
9.7666,CoreSystemMain,0.500,0,-0.0915,0.5142,0.1756,315.28,324.91,31.67,0.1328,0.4304,0.1764,325.52,354.10,359.79,0.0294,0.9054,0.1481,6.55,358.59,0.55,0.0274,0.0750,0.9928,0.00,0.01,0.00,0.0294,0.9054,0.1481,-0.0244,-0.1140,0.9932,37.98,0
9.7779,CoreSystemMain,0.500,1,-0.0913,0.5141,0.1754,315.28,324.93,31.62,0.1324,0.4319,0.1778,325.22,354.44,359.23,0.0295,0.9056,0.1479,6.51,358.60,0.55,0.0274,0.0750,0.9928,0.00,0.01,0.00,0.0295,0.9056,0.1479,-0.0243,-0.1134,0.9933,38.02,0
9.7890,CoreSystemMain,0.500,1,-0.0915,0.5140,0.1754,315.36,325.01,31.52,0.1309,0.4350,0.1812,324.32,354.28,0.01,0.0297,0.9058,0.1477,6.45,358.61,0.53,0.0274,0.0750,0.9928,0.00,0.01,0.00,0.0297,0.9058,0.1477,-0.0241,-0.1123,0.9934,38.08,0
9.7999,CoreSystemMain,0.500,1,-0.0915,0.5140,0.1753,315.40,324.98,31.58,0.1296,0.4381,0.1846,323.57,354.37,0.08,0.0298,0.9059,0.1475,6.41,358.61,0.53,0.0276,0.0752,0.9930,0.00,0.01,0.00,0.0298,0.9059,0.1475,-0.0240,-0.1117,0.9935,38.10,0
9.8110,CoreSystemMain,0.500,1,-0.0917,0.5140,0.1751,315.43,324.88,31.65,0.1284,0.4412,0.1877,322.90,354.91,359.13,0.0299,0.9061,0.1473,6.37,358.63,0.53,0.0279,0.0758,0.9936,0.00,0.01,0.00,0.0299,0.9061,0.1473,-0.0238,-0.1110,0.9935,38.09,0
9.8223,CoreSystemMain,0.500,1,-0.0918,0.5141,0.1750,315.46,324.76,31.73,0.1278,0.4440,0.1905,322.00,354.19,359.86,0.0300,0.9062,0.1470,6.32,358.64,0.50,0.0279,0.0769,0.9947,0.00,0.01,0.00,0.0300,0.9062,0.1470,-0.0235,-0.1102,0.9936,38.06,0
9.8334,CoreSystemMain,0.500,1,-0.0920,0.5140,0.1749,315.42,324.60,31.78,0.1264,0.4480,0.1943,320.97,355.34,357.90,0.0301,0.9063,0.1468,6.29,358.66,0.46,0.0279,0.0788,0.9966,0.00,0.01,0.00,0.0301,0.9063,0.1468,-0.0233,-0.1096,0.9937,37.96,0
9.8445,CoreSystemMain,0.500,1,-0.0921,0.5140,0.1747,315.39,324.59,31.78,0.1258,0.4510,0.1970,320.17,355.23,358.11,0.0302,0.9065,0.1467,6.24,358.68,0.43,0.0268,0.0819,0.9994,0.00,0.01,0.00,0.0302,0.9065,0.1467,-0.0229,-0.1086,0.9938,37.81,0
9.8554,CoreSystemMain,0.500,1,-0.0924,0.5141,0.1746,315.36,324.62,31.68,0.1245,0.4562,0.2017,318.18,355.51,357.82,0.0303,0.9067,0.1465,6.17,358.67,0.38,0.0258,0.0856,1.0028,0.00,0.01,0.00,0.0303,0.9067,0.1465,-0.0231,-0.1075,0.9939,37.64,0
9.8667,CoreSystemMain,0.500,1,-0.0928,0.5141,0.1744,315.30,324.68,31.58,0.1233,0.4613,0.2059,315.99,354.79,359.21,0.0304,0.9069,0.1464,6.09,358.66,0.36,0.0244,0.0923,1.0085,0.00,0.01,0.00,0.0304,0.9069,0.1464,-0.0232,-0.1061,0.9941,37.30,0
9.8893,CoreSystemMain,0.500,1,-0.0934,0.5141,0.1742,315.27,324.66,31.52,0.1209,0.4715,0.2137,311.89,354.81,359.82,0.0306,0.9073,0.1461,5.94,358.63,0.31,0.0241,0.1023,1.0167,0.00,0.01,0.00,0.0306,0.9073,0.1461,-0.0238,-0.1034,0.9944,36.83,0
9.9002,CoreSystemMain,0.500,1,-0.0937,0.5142,0.1742,315.27,324.63,31.45,0.1200,0.4771,0.2177,309.75,355.23,359.70,0.0307,0.9075,0.1459,5.87,358.62,0.30,0.0256,0.1360,1.0402,0.00,0.01,0.00,0.0307,0.9075,0.1459,-0.0239,-0.1022,0.9945,34.93,0
9.9111,CoreSystemMain,0.500,1,-0.0938,0.5143,0.1740,315.27,324.60,31.43,0.1190,0.4818,0.2210,308.02,354.71,0.57,0.0308,0.9077,0.1458,5.83,358.62,0.26,0.0263,0.1474,1.0474,0.00,0.01,0.00,0.0308,0.9077,0.1458,-0.0240,-0.1016,0.9945,34.32,0
9.9222,CoreSystemMain,0.500,1,-0.0943,0.5144,0.1740,315.25,324.54,31.44,0.1178,0.4892,0.2249,305.66,355.21,0.08,0.0309,0.9078,0.1457,5.81,358.62,0.24,0.0273,0.1600,1.0546,0.00,0.01,0.00,0.0309,0.9078,0.1457,-0.0239,-0.1012,0.9946,33.66,0
9.9376,CoreSystemMain,0.500,1,-0.0946,0.5144,0.1739,315.23,324.50,31.40,0.1161,0.4966,0.2297,303.29,355.84,359.31,0.0310,0.9080,0.1455,5.76,358.61,0.21,0.0281,0.1754,1.0623,0.00,0.01,0.00,0.0310,0.9080,0.1455,-0.0241,-0.1003,0.9947,32.89,0
9.9445,CoreSystemMain,0.500,1,-0.0949,0.5144,0.1740,315.22,324.52,31.33,0.1154,0.5022,0.2317,301.56,355.01,0.22,0.0311,0.9080,0.1455,5.74,358.61,0.22,0.0284,0.1979,1.0720,0.00,0.01,0.00,0.0311,0.9080,0.1455,-0.0242,-0.1000,0.9947,31.74,0
9.9556,CoreSystemMain,0.500,1,-0.0952,0.5145,0.1740,315.23,324.54,31.26,0.1144,0.5087,0.2349,299.53,354.61,0.73,0.0312,0.9082,0.1454,5.71,358.61,0.20,0.0282,0.2066,1.0752,0.00,0.01,0.00,0.0312,0.9082,0.1454,-0.0242,-0.0994,0.9947,31.35,0
9.9667,CoreSystemMain,0.500,1,-0.0954,0.5145,0.1740,315.20,324.57,31.22,0.1134,0.5147,0.2376,297.79,354.91,0.46,0.0313,0.9083,0.1453,5.67,358.59,0.18,0.0279,0.2239,1.0804,0.00,0.01,0.00,0.0313,0.9083,0.1453,-0.0245,-0.0988,0.9948,30.55,0
9.9779,CoreSystemMain,0.500,1,-0.0955,0.5147,0.1741,315.19,324.58,31.23,0.1127,0.5218,0.2399,295.78,355.46,0.08,0.0314,0.9085,0.1453,5.63,358.60,0.16,0.0277,0.2401,1.0844,0.00,0.01,0.00,0.0314,0.9085,0.1453,-0.0243,-0.0980,0.9949,29.83,0
9.9888,CoreSystemMain,0.500,1,-0.0958,0.5147,0.1741,315.16,324.59,31.21,0.1117,0.5281,0.2431,293.95,355.99,359.53,0.0315,0.9086,0.1452,5.56,358.61,0.14,0.0281,0.2570,1.0874,0.00,0.01,0.00,0.0315,0.9086,0.1452,-0.0242,-0.0970,0.9950,29.12,0
10.0001,CoreSystemMain,0.500,1,-0.0959,0.5148,0.1742,315.12,324.58,31.13,0.1108,0.5351,0.2449,292.10,357.04,358.42,0.0317,0.9087,0.1451,5.55,358.61,0.09,0.0283,0.2728,1.0894,0.00,0.01,0.00,0.0317,0.9087,0.1451,-0.0242,-0.0966,0.9950,28.43,0
10.0112,CoreSystemMain,0.500,1,-0.0960,0.5148,0.1743,315.10,324.57,31.08,0.1101,0.5416,0.2465,290.40,357.96,357.65,0.0318,0.9088,0.1451,5.51,358.62,0.07,0.0287,0.2893,1.0905,0.00,0.01,0.00,0.0318,0.9088,0.1451,-0.0239,-0.0961,0.9951,27.75,0
10.0223,CoreSystemMain,0.500,1,-0.0962,0.5149,0.1743,315.08,324.58,31.03,0.1092,0.5479,0.2495,288.69,358.78,356.88,0.0319,0.9089,0.1451,5.52,358.65,0.03,0.0297,0.3048,1.0905,0.00,0.01,0.00,0.0319,0.9089,0.1451,-0.0234,-0.0962,0.9951,27.08,0
10.0332,CoreSystemMain,0.500,1,-0.0962,0.5150,0.1744,315.09,324.54,31.12,0.1089,0.5539,0.2503,287.19,359.64,356.24,0.0320,0.9090,0.1451,5.49,358.66,0.01,0.0307,0.3201,1.0899,0.00,0.01,0.00,0.0320,0.9090,0.1451,-0.0233,-0.0957,0.9951,26.47,0
10.0445,CoreSystemMain,0.500,1,-0.0962,0.5153,0.1745,315.08,324.50,31.19,0.1087,0.5591,0.2514,285.82,0.67,355.45,0.0322,0.9091,0.1451,5.48,358.68,359.98,0.0322,0.3342,1.0886,0.00,0.01,0.00,0.0322,0.9091,0.1451,-0.0230,-0.0955,0.9952,25.90,0
10.0558,CoreSystemMain,0.500,1,-0.0962,0.5154,0.1746,315.04,324.50,31.21,0.1082,0.5647,0.2527,284.60,1.71,354.44,0.0322,0.9091,0.1450,5.47,358.70,359.98,0.0343,0.3479,1.0866,0.00,0.01,0.00,0.0322,0.9091,0.1450,-0.0226,-0.0954,0.9952,25.36,0
10.0668,CoreSystemMain,0.500,1,-0.0962,0.5155,0.1746,315.00,324.49,31.21,0.1077,0.5701,0.2540,283.44,3.04,353.10,0.0324,0.9091,0.1451,5.47,358.72,359.97,0.0362,0.3605,1.0843,0.00,0.01,0.00,0.0324,0.9091,0.1451,-0.0222,-0.0954,0.9952,24.86,0
10.0780,CoreSystemMain,0.500,1,-0.0962,0.5156,0.1746,314.98,324.47,31.21,0.1070,0.5758,0.2559,282.09,4.62,351.54,0.0325,0.9092,0.1450,5.46,358.73,359.96,0.0378,0.3721,1.0817,0.00,0.01,0.00,0.0325,0.9092,0.1450,-0.0221,-0.0952,0.9952,24.41,0
10.0891,CoreSystemMain,0.500,1,-0.0961,0.5157,0.1747,314.95,324.44,31.24,0.1068,0.5798,0.2555,281.65,6.60,349.12,0.0326,0.9092,0.1450,5.45,358.77,359.97,0.0394,0.3839,1.0786,0.00,0.01,0.00,0.0326,0.9092,0.1450,-0.0213,-0.0950,0.9952,23.96,0
10.1001,CoreSystemMain,0.500,1,-0.0960,0.5157,0.1748,314.98,324.42,31.27,0.1063,0.5848,0.2565,280.71,8.67,346.89,0.0327,0.9093,0.1451,5.44,358.80,359.97,0.0400,0.3934,1.0759,0.00,0.01,0.00,0.0327,0.9093,0.1451,-0.0208,-0.0947,0.9953,23.61,0
10.1110,CoreSystemMain,0.500,1,-0.0957,0.5158,0.1750,315.01,324.40,31.34,0.1061,0.5885,0.2566,279.93,11.52,343.82,0.0327,0.9094,0.1450,5.41,358.84,359.96,0.0404,0.4028,1.0728,0.00,0.01,0.00,0.0327,0.9094,0.1450,-0.0202,-0.0942,0.9953,23.28,0
10.1225,CoreSystemMain,0.500,1,-0.0956,0.5158,0.1751,315.05,324.40,31.42,0.1058,0.5925,0.2569,279.08,14.37,340.90,0.0328,0.9095,0.1450,5.37,358.87,359.94,0.0407,0.4116,1.0696,0.00,0.01,0.00,0.0328,0.9095,0.1450,-0.0197,-0.0936,0.9954,22.98,0
10.1335,CoreSystemMain,0.500,1,-0.0955,0.5159,0.1751,315.08,324.38,31.47,0.1053,0.5974,0.2578,278.05,17.97,337.33,0.0329,0.9095,0.1450,5.35,358.89,359.92,0.0411,0.4205,1.0659,0.00,0.01,0.00,0.0329,0.9095,0.1450,-0.0192,-0.0933,0.9955,22.67,0
10.1445,CoreSystemMain,0.500,1,-0.0953,0.5160,0.1752,315.06,324.38,31.51,0.1050,0.6014,0.2583,277.11,21.40,334.01,0.0329,0.9096,0.1451,5.29,358.94,359.90,0.0418,0.4294,1.0619,0.00,0.01,0.00,0.0329,0.9096,0.1451,-0.0184,-0.0922,0.9956,22.41,0
10.1557,CoreSystemMain,0.500,1,-0.0951,0.5160,0.1752,315.06,324.45,31.51,0.1049,0.6033,0.2574,276.32,22.46,333.20,0.0329,0.9096,0.1451,5.26,358.94,359.89,0.0427,0.4381,1.0577,0.00,0.01,0.00,0.0329,0.9096,0.1451,-0.0184,-0.0917,0.9956,22.12,0
10.1668,CoreSystemMain,0.500,1,-0.0949,0.5159,0.1752,315.05,324.54,31.47,0.1046,0.6061,0.2574,275.48,25.33,330.45,0.0329,0.9097,0.1452,5.24,358.94,359.89,0.0438,0.4461,1.0533,0.00,0.01,0.00,0.0329,0.9097,0.1452,-0.0184,-0.0914,0.9956,21.86,0
10.1780,CoreSystemMain,0.500,1,-0.0947,0.5159,0.1753,315.02,324.58,31.45,0.1042,0.6091,0.2575,274.70,28.69,327.16,0.0329,0.9097,0.1452,5.22,358.94,359.91,0.0448,0.4537,1.0489,0.00,0.01,0.00,0.0329,0.9097,0.1452,-0.0185,-0.0910,0.9957,21.62,0
10.1889,CoreSystemMain,0.500,1,-0.0945,0.5159,0.1753,315.02,324.54,31.48,0.1039,0.6119,0.2576,274.03,32.56,323.28,0.0329,0.9098,0.1452,5.24,358.93,359.90,0.0456,0.4611,1.0443,0.00,0.01,0.00,0.0329,0.9098,0.1452,-0.0186,-0.0914,0.9956,21.35,0
10.2000,CoreSystemMain,0.500,1,-0.0944,0.5158,0.1753,315.06,324.44,31.58,0.1037,0.6133,0.2570,273.68,31.08,324.58,0.0329,0.9097,0.1453,5.23,358.94,359.91,0.0462,0.4678,1.0399,0.00,0.01,0.00,0.0329,0.9097,0.1453,-0.0185,-0.0912,0.9957,21.13,0
10.2113,CoreSystemMain,0.500,1,-0.0943,0.5157,0.1753,315.06,324.38,31.64,0.1034,0.6150,0.2568,273.25,32.10,323.41,0.0328,0.9097,0.1453,5.23,358.95,359.91,0.0460,0.4734,1.0361,0.00,0.01,0.00,0.0328,0.9097,0.1453,-0.0182,-0.0911,0.9957,20.94,0
10.2222,CoreSystemMain,0.500,1,-0.0942,0.5156,0.1753,315.11,324.36,31.67,0.1030,0.6166,0.2564,272.91,36.31,319.05,0.0328,0.9098,0.1453,5.21,358.95,359.90,0.0455,0.4786,1.0326,0.00,0.01,0.00,0.0328,0.9098,0.1453,-0.0182,-0.0909,0.9957,20.78,0
10.2333,CoreSystemMain,0.500,1,-0.0941,0.5155,0.1754,315.17,324.45,31.66,0.1028,0.6177,0.2561,272.72,43.77,311.37,0.0327,0.9098,0.1454,5.20,358.96,359.89,0.0448,0.4831,1.0293,0.00,0.01,0.00,0.0327,0.9098,0.1454,-0.0181,-0.0906,0.9957,20.64,0
10.2446,CoreSystemMain,0.500,1,-0.0940,0.5155,0.1754,315.22,324.46,31.68,0.1027,0.6196,0.2566,272.34,56.23,298.83,0.0326,0.9098,0.1454,5.14,358.98,359.93,0.0440,0.4875,1.0260,0.00,0.01,0.00,0.0326,0.9098,0.1454,-0.0178,-0.0896,0.9958,20.55,0
10.2556,CoreSystemMain,0.500,1,-0.0939,0.5152,0.1755,315.27,324.53,31.66,0.1028,0.6189,0.2559,272.81,56.59,298.45,0.0325,0.9098,0.1455,5.14,358.97,359.93,0.0433,0.4920,1.0224,0.00,0.01,0.00,0.0325,0.9098,0.1455,-0.0178,-0.0896,0.9958,20.40,0
10.2666,CoreSystemMain,0.500,1,-0.0938,0.5152,0.1755,315.30,324.55,31.68,0.1026,0.6209,0.2559,272.75,65.57,289.50,0.0324,0.9098,0.1455,5.14,358.99,359.96,0.0430,0.4952,1.0200,0.00,0.01,0.00,0.0324,0.9098,0.1455,-0.0176,-0.0896,0.9958,20.29,0
10.2778,CoreSystemMain,0.500,1,-0.0938,0.5149,0.1755,315.25,324.53,31.66,0.1029,0.6201,0.2555,272.95,59.65,295.65,0.0323,0.9098,0.1456,5.15,358.99,359.99,0.0429,0.4984,1.0174,0.00,0.01,0.00,0.0323,0.9098,0.1456,-0.0176,-0.0897,0.9958,20.18,0
10.2889,CoreSystemMain,0.500,1,-0.0937,0.5148,0.1755,315.27,324.56,31.64,0.1028,0.6216,0.2555,272.81,64.40,290.96,0.0322,0.9098,0.1456,5.16,359.00,0.01,0.0431,0.5007,1.0157,0.00,0.01,0.00,0.0322,0.9098,0.1456,-0.0175,-0.0899,0.9958,20.09,0
10.3004,CoreSystemMain,0.500,1,-0.0938,0.5146,0.1755,315.24,324.58,31.55,0.1029,0.6208,0.2552,272.43,58.37,297.06,0.0321,0.9097,0.1457,5.18,358.99,0.03,0.0433,0.5029,1.0140,0.00,0.01,0.00,0.0321,0.9097,0.1457,-0.0175,-0.0903,0.9958,19.99,0
10.3112,CoreSystemMain,0.500,1,-0.0939,0.5146,0.1755,315.25,324.62,31.49,0.1029,0.6206,0.2551,272.03,60.77,294.60,0.0320,0.9097,0.1458,5.17,359.00,0.07,0.0433,0.5047,1.0126,0.00,0.01,0.00,0.0320,0.9097,0.1458,-0.0173,-0.0902,0.9958,19.93,0
10.3223,CoreSystemMain,0.500,1,-0.0939,0.5144,0.1755,315.27,324.61,31.49,0.1028,0.6216,0.2551,271.80,68.71,286.66,0.0319,0.9097,0.1458,5.17,358.99,0.10,0.0430,0.5065,1.0111,0.00,0.01,0.00,0.0319,0.9097,0.1458,-0.0176,-0.0901,0.9958,19.88,0
10.3334,CoreSystemMain,0.500,1,-0.0940,0.5143,0.1755,315.35,324.57,31.56,0.1029,0.6210,0.2549,271.55,71.33,284.15,0.0318,0.9096,0.1458,5.16,358.99,0.14,0.0427,0.5084,1.0095,0.00,0.01,0.00,0.0318,0.9096,0.1458,-0.0175,-0.0900,0.9958,19.83,0
10.3444,CoreSystemMain,0.500,1,-0.0940,0.5141,0.1755,315.39,324.51,31.65,0.1031,0.6208,0.2548,271.54,74.95,280.78,0.0317,0.9096,0.1459,5.17,358.99,0.17,0.0425,0.5101,1.0079,0.00,0.01,0.00,0.0317,0.9096,0.1459,-0.0176,-0.0901,0.9958,19.77,0
10.3556,CoreSystemMain,0.500,1,-0.0941,0.5139,0.1755,315.42,324.43,31.70,0.1034,0.6203,0.2547,271.84,67.63,288.36,0.0315,0.9096,0.1459,5.17,358.98,0.21,0.0425,0.5117,1.0065,0.00,0.01,0.00,0.0315,0.9096,0.1459,-0.0178,-0.0902,0.9958,19.71,0
10.3666,CoreSystemMain,0.500,1,-0.0941,0.5138,0.1755,315.45,324.43,31.71,0.1035,0.6209,0.2546,271.81,71.75,284.32,0.0314,0.9095,0.1460,5.16,358.97,0.25,0.0427,0.5128,1.0055,0.00,0.01,0.00,0.0314,0.9095,0.1460,-0.0180,-0.0900,0.9958,19.68,0
10.3778,CoreSystemMain,0.500,1,-0.0942,0.5138,0.1755,315.49,324.45,31.64,0.1036,0.6205,0.2545,272.07,67.77,288.31,0.0313,0.9095,0.1461,5.19,358.96,0.28,0.0431,0.5139,1.0045,0.00,0.01,0.00,0.0313,0.9095,0.1461,-0.0181,-0.0905,0.9957,19.62,0
10.3892,CoreSystemMain,0.500,1,-0.0942,0.5136,0.1756,315.51,324.53,31.55,0.1038,0.6202,0.2543,272.22,65.79,290.16,0.0313,0.9094,0.1461,5.20,358.97,0.30,0.0434,0.5148,1.0038,0.00,0.01,0.00,0.0313,0.9094,0.1461,-0.0179,-0.0905,0.9957,19.59,0
10.4000,CoreSystemMain,0.500,1,-0.0941,0.5135,0.1756,315.53,324.51,31.53,0.1040,0.6198,0.2541,272.26,61.17,294.52,0.0312,0.9094,0.1462,5.22,358.96,0.30,0.0437,0.5155,1.0033,0.00,0.01,0.00,0.0312,0.9094,0.1462,-0.0181,-0.0910,0.9957,19.54,0
10.4112,CoreSystemMain,0.500,1,-0.0941,0.5133,0.1757,315.59,324.47,31.60,0.1042,0.6195,0.2539,272.30,60.27,295.32,0.0311,0.9093,0.1463,5.24,358.97,0.31,0.0438,0.5160,1.0029,0.00,0.01,0.00,0.0311,0.9093,0.1463,-0.0179,-0.0913,0.9957,19.51,0
10.4221,CoreSystemMain,0.500,1,-0.0940,0.5132,0.1757,315.64,324.43,31.65,0.1045,0.6189,0.2536,272.30,56.78,298.85,0.0310,0.9093,0.1463,5.26,358.98,0.32,0.0438,0.5164,1.0025,0.00,0.01,0.00,0.0310,0.9093,0.1463,-0.0177,-0.0916,0.9956,19.47,0
10.4333,CoreSystemMain,0.500,1,-0.0940,0.5131,0.1757,315.68,324.41,31.68,0.1046,0.6189,0.2535,272.26,58.33,297.35,0.0309,0.9092,0.1463,5.27,358.98,0.33,0.0439,0.5168,1.0022,0.00,0.01,0.00,0.0309,0.9092,0.1463,-0.0176,-0.0918,0.9956,19.45,0
10.4446,CoreSystemMain,0.500,1,-0.0939,0.5131,0.1758,315.71,324.47,31.68,0.1047,0.6188,0.2535,272.27,59.27,296.62,0.0308,0.9092,0.1464,5.28,358.99,0.34,0.0439,0.5172,1.0019,0.00,0.01,0.00,0.0308,0.9092,0.1464,-0.0175,-0.0921,0.9956,19.42,0
10.4556,CoreSystemMain,0.500,1,-0.0938,0.5131,0.1758,315.70,324.50,31.65,0.1050,0.6184,0.2533,272.30,60.45,295.55,0.0308,0.9092,0.1465,5.28,359.00,0.36,0.0441,0.5175,1.0016,0.00,0.01,0.00,0.0308,0.9092,0.1465,-0.0173,-0.0920,0.9956,19.41,0
10.4666,CoreSystemMain,0.500,1,-0.0938,0.5130,0.1758,315.67,324.56,31.61,0.1051,0.6182,0.2531,272.28,60.82,295.33,0.0307,0.9092,0.1465,5.28,359.00,0.37,0.0443,0.5179,1.0013,0.00,0.01,0.00,0.0307,0.9092,0.1465,-0.0174,-0.0920,0.9956,19.40,0
10.4777,CoreSystemMain,0.500,1,-0.0937,0.5130,0.1758,315.66,324.64,31.54,0.1053,0.6178,0.2529,272.20,59.46,296.98,0.0307,0.9092,0.1466,5.29,359.00,0.39,0.0446,0.5182,1.0010,0.00,0.01,0.00,0.0307,0.9092,0.1466,-0.0174,-0.0922,0.9956,19.38,0
10.4890,CoreSystemMain,0.500,1,-0.0937,0.5130,0.1758,315.66,324.66,31.53,0.1055,0.6174,0.2527,272.07,57.64,298.88,0.0306,0.9091,0.1466,5.30,359.00,0.39,0.0449,0.5185,1.0007,0.00,0.01,0.00,0.0306,0.9091,0.1466,-0.0173,-0.0923,0.9956,19.37,0
10.4999,CoreSystemMain,0.500,1,-0.0937,0.5131,0.1758,315.69,324.63,31.56,0.1056,0.6172,0.2525,272.04,57.84,298.66,0.0305,0.9091,0.1466,5.30,359.00,0.41,0.0453,0.5188,1.0004,0.00,0.01,0.00,0.0305,0.9091,0.1466,-0.0173,-0.0924,0.9956,19.35,0
10.5110,CoreSystemMain,0.500,1,-0.0936,0.5131,0.1759,315.69,324.63,31.60,0.1058,0.6170,0.2524,272.07,58.86,297.65,0.0306,0.9090,0.1467,5.31,358.99,0.43,0.0456,0.5191,1.0001,0.00,0.01,0.00,0.0306,0.9090,0.1467,-0.0175,-0.0926,0.9955,19.34,0
10.5223,CoreSystemMain,0.500,1,-0.0937,0.5133,0.1758,315.69,324.64,31.66,0.1056,0.6169,0.2521,272.15,60.95,295.53,0.0305,0.9090,0.1467,5.33,358.98,0.44,0.0459,0.5194,0.9998,0.00,0.01,0.00,0.0305,0.9090,0.1467,-0.0176,-0.0928,0.9955,19.31,0
10.5336,CoreSystemMain,0.500,1,-0.0937,0.5133,0.1758,315.69,324.66,31.66,0.1057,0.6167,0.2521,272.30,61.22,295.25,0.0304,0.9089,0.1468,5.34,358.97,0.44,0.0463,0.5197,0.9995,0.00,0.01,0.00,0.0304,0.9089,0.1468,-0.0178,-0.0931,0.9955,19.29,0
10.5444,CoreSystemMain,0.500,1,-0.0937,0.5134,0.1758,315.64,324.68,31.68,0.1057,0.6166,0.2522,272.43,60.87,295.62,0.0304,0.9089,0.1468,5.36,358.96,0.44,0.0466,0.5199,0.9993,0.00,0.01,0.00,0.0304,0.9089,0.1468,-0.0181,-0.0934,0.9955,19.28,0
10.5555,CoreSystemMain,0.500,1,-0.0937,0.5134,0.1759,315.61,324.68,31.65,0.1059,0.6165,0.2522,272.71,60.85,295.56,0.0304,0.9088,0.1469,5.38,358.95,0.44,0.0469,0.5201,0.9991,0.00,0.01,0.00,0.0304,0.9088,0.1469,-0.0182,-0.0938,0.9954,19.25,0
10.5666,CoreSystemMain,0.500,1,-0.0937,0.5134,0.1759,315.58,324.68,31.62,0.1060,0.6164,0.2522,272.80,60.48,296.02,0.0303,0.9087,0.1469,5.39,358.96,0.46,0.0472,0.5202,0.9989,0.00,0.01,0.00,0.0303,0.9087,0.1469,-0.0180,-0.0939,0.9954,19.23,0
10.5777,CoreSystemMain,0.500,1,-0.0937,0.5134,0.1759,315.51,324.67,31.56,0.1061,0.6164,0.2524,272.99,61.05,295.38,0.0304,0.9087,0.1469,5.43,358.95,0.45,0.0476,0.5204,0.9988,0.00,0.01,0.00,0.0304,0.9087,0.1469,-0.0182,-0.0946,0.9953,19.19,0
10.5900,CoreSystemMain,0.500,1,-0.0937,0.5135,0.1759,315.50,324.68,31.57,0.1061,0.6161,0.2525,273.04,60.55,295.94,0.0304,0.9087,0.1469,5.47,358.95,0.44,0.0479,0.5205,0.9987,0.00,0.01,0.00,0.0304,0.9087,0.1469,-0.0182,-0.0953,0.9953,19.15,0
10.6004,CoreSystemMain,0.500,1,-0.0937,0.5135,0.1760,315.52,324.68,31.59,0.1062,0.6159,0.2526,272.99,58.00,298.40,0.0304,0.9086,0.1469,5.49,358.96,0.45,0.0483,0.5206,0.9986,0.00,0.01,0.00,0.0304,0.9086,0.1469,-0.0181,-0.0956,0.9953,19.13,0
10.6114,CoreSystemMain,0.500,1,-0.0937,0.5135,0.1761,315.56,324.64,31.66,0.1063,0.6156,0.2527,272.98,54.32,301.94,0.0304,0.9086,0.1469,5.52,358.97,0.45,0.0486,0.5207,0.9985,0.00,0.01,0.00,0.0304,0.9086,0.1469,-0.0178,-0.0961,0.9952,19.09,0
10.6222,CoreSystemMain,0.500,1,-0.0938,0.5136,0.1761,315.60,324.61,31.70,0.1064,0.6153,0.2528,273.04,50.78,305.18,0.0304,0.9085,0.1469,5.53,358.99,0.47,0.0487,0.5207,0.9985,0.00,0.01,0.00,0.0304,0.9085,0.1469,-0.0176,-0.0963,0.9952,19.07,0
10.6334,CoreSystemMain,0.500,1,-0.0938,0.5136,0.1761,315.60,324.61,31.69,0.1065,0.6150,0.2530,273.10,48.24,307.47,0.0304,0.9085,0.1469,5.54,358.99,0.49,0.0488,0.5208,0.9984,0.00,0.01,0.00,0.0304,0.9085,0.1469,-0.0176,-0.0966,0.9952,19.06,0
10.6448,CoreSystemMain,0.500,1,-0.0938,0.5137,0.1761,315.56,324.64,31.69,0.1064,0.6144,0.2533,273.10,45.26,310.33,0.0305,0.9085,0.1470,5.55,359.00,0.49,0.0488,0.5208,0.9984,0.00,0.01,0.00,0.0305,0.9085,0.1470,-0.0173,-0.0968,0.9952,19.04,0
10.6559,CoreSystemMain,0.500,0,-0.0936,0.5139,0.1761,315.48,324.64,31.69,0.1063,0.6139,0.2538,272.88,36.97,319.00,0.0305,0.9085,0.1470,5.55,359.01,0.50,0.0488,0.5208,0.9985,0.00,0.01,0.00,0.0305,0.9085,0.1470,-0.0172,-0.0967,0.9952,19.04,0
10.6672,CoreSystemMain,0.500,0,-0.0936,0.5140,0.1761,315.42,324.70,31.59,0.1064,0.6133,0.2539,272.73,33.72,322.39,0.0306,0.9084,0.1470,5.56,359.03,0.50,0.0488,0.5208,0.9985,0.00,0.01,0.00,0.0306,0.9084,0.1470,-0.0169,-0.0968,0.9952,19.03,0
10.6783,CoreSystemMain,0.500,0,-0.0936,0.5140,0.1761,315.39,324.68,31.52,0.1067,0.6124,0.2543,272.76,34.44,321.99,0.0306,0.9084,0.1470,5.56,359.07,0.47,0.0495,0.5179,0.9979,0.00,0.01,0.00,0.0306,0.9084,0.1470,-0.0162,-0.0969,0.9952,19.20,0
10.6892,CoreSystemMain,0.500,0,-0.0935,0.5141,0.1761,315.43,324.66,31.54,0.1071,0.6116,0.2544,272.92,36.14,320.49,0.0307,0.9084,0.1470,5.57,359.10,0.45,0.0501,0.5112,0.9974,0.00,0.01,0.00,0.0307,0.9084,0.1470,-0.0157,-0.0970,0.9952,19.58,0
10.7003,CoreSystemMain,0.500,0,-0.0935,0.5141,0.1761,315.48,324.49,31.80,0.1075,0.6106,0.2546,273.32,37.73,319.10,0.0307,0.9084,0.1471,5.57,359.10,0.45,0.0501,0.5112,0.9974,0.00,0.01,0.00,0.0307,0.9084,0.1471,-0.0156,-0.0970,0.9952,19.58,0
10.7115,CoreSystemMain,0.500,0,-0.0935,0.5141,0.1758,315.48,324.44,31.87,0.1078,0.6102,0.2546,273.46,36.91,319.98,0.0307,0.9084,0.1471,5.56,359.12,0.44,0.0508,0.5005,0.9969,0.00,0.01,0.00,0.0307,0.9084,0.1471,-0.0152,-0.0969,0.9952,20.19,0
10.7226,CoreSystemMain,0.500,0,-0.0935,0.5140,0.1758,315.48,324.44,31.94,0.1080,0.6095,0.2546,273.65,35.97,320.89,0.0307,0.9084,0.1471,5.56,359.12,0.44,0.0508,0.5005,0.9969,0.00,0.01,0.00,0.0307,0.9084,0.1471,-0.0152,-0.0970,0.9952,20.19,0
10.7336,CoreSystemMain,0.500,0,-0.0935,0.5141,0.1758,315.48,324.47,31.92,0.1084,0.6081,0.2546,273.90,33.40,323.37,0.0307,0.9084,0.1472,5.56,359.11,0.44,0.0515,0.4858,0.9964,0.00,0.01,0.00,0.0307,0.9084,0.1472,-0.0154,-0.0968,0.9952,21.01,0
10.7446,CoreSystemMain,0.500,0,-0.0935,0.5140,0.1758,315.47,324.54,31.76,0.1087,0.6066,0.2544,274.10,30.78,325.93,0.0307,0.9085,0.1472,5.55,359.10,0.43,0.0515,0.4858,0.9964,0.00,0.01,0.00,0.0307,0.9085,0.1472,-0.0157,-0.0967,0.9952,21.02,0
10.7558,CoreSystemMain,0.500,0,-0.0935,0.5140,0.1758,315.44,324.53,31.62,0.1090,0.6047,0.2542,274.37,26.11,330.65,0.0306,0.9084,0.1473,5.55,359.10,0.44,0.0521,0.4673,0.9959,0.00,0.01,0.00,0.0306,0.9084,0.1473,-0.0157,-0.0968,0.9952,22.02,0
10.7671,CoreSystemMain,0.500,0,-0.0935,0.5140,0.1757,315.43,324.45,31.62,0.1093,0.6028,0.2539,274.70,22.35,334.37,0.0306,0.9084,0.1473,5.57,359.08,0.43,0.0521,0.4673,0.9959,0.00,0.01,0.00,0.0306,0.9084,0.1473,-0.0160,-0.0970,0.9952,22.01,0
10.7782,CoreSystemMain,0.500,0,-0.0938,0.5137,0.1757,315.47,324.33,31.72,0.1096,0.6006,0.2534,275.11,18.74,337.93,0.0305,0.9084,0.1474,5.59,359.06,0.43,0.0528,0.4448,0.9954,0.00,0.01,0.00,0.0305,0.9084,0.1474,-0.0164,-0.0973,0.9951,23.19,0
10.7892,CoreSystemMain,0.500,0,-0.0938,0.5137,0.1757,315.52,324.26,31.76,0.1099,0.5984,0.2530,275.53,16.16,340.48,0.0305,0.9084,0.1474,5.60,359.03,0.44,0.0535,0.4184,0.9949,0.00,0.01,0.00,0.0305,0.9084,0.1474,-0.0169,-0.0975,0.9951,24.54,0
10.8003,CoreSystemMain,0.500,0,-0.0940,0.5137,0.1756,315.63,324.21,31.85,0.1103,0.5954,0.2523,276.09,12.57,343.86,0.0304,0.9083,0.1475,5.62,359.00,0.42,0.0535,0.4184,0.9949,0.00,0.01,0.00,0.0304,0.9083,0.1475,-0.0174,-0.0980,0.9950,24.52,0
10.8271,CoreSystemMain,0.500,0,-0.0943,0.5139,0.1754,315.71,324.15,32.01,0.1112,0.5881,0.2507,277.41,4.27,351.89,0.0301,0.9081,0.1476,5.65,358.93,0.38,0.0541,0.3881,0.9944,0.00,0.01,0.00,0.0301,0.9081,0.1476,-0.0186,-0.0985,0.9950,26.01,0
10.8336,CoreSystemMain,0.500,0,-0.0944,0.5139,0.1753,315.67,324.12,32.00,0.1114,0.5861,0.2504,277.71,2.36,353.77,0.0301,0.9080,0.1477,5.67,358.89,0.38,0.0548,0.3539,0.9939,0.00,0.01,0.00,0.0301,0.9080,0.1477,-0.0193,-0.0987,0.9949,27.66,0
10.8451,CoreSystemMain,0.500,0,-0.0947,0.5138,0.1750,315.53,324.06,31.87,0.1118,0.5820,0.2495,278.39,358.68,357.45,0.0299,0.9080,0.1478,5.66,358.84,0.37,0.0548,0.3539,0.9939,0.00,0.01,0.00,0.0299,0.9080,0.1478,-0.0201,-0.0985,0.9949,27.68,0
10.8558,CoreSystemMain,0.500,0,-0.0949,0.5138,0.1749,315.45,324.05,31.78,0.1123,0.5779,0.2488,279.26,356.08,0.12,0.0298,0.9079,0.1479,5.66,358.79,0.37,0.0555,0.3157,0.9934,0.00,0.01,0.00,0.0298,0.9079,0.1479,-0.0211,-0.0986,0.9949,29.46,0
10.8719,CoreSystemMain,0.500,0,-0.0951,0.5136,0.1747,315.42,324.06,31.70,0.1130,0.5729,0.2477,280.50,354.80,1.47,0.0297,0.9078,0.1480,5.69,358.72,0.38,0.0561,0.2736,0.9929,0.00,0.01,0.00,0.0297,0.9078,0.1480,-0.0223,-0.0992,0.9948,31.31,0
10.8780,CoreSystemMain,0.500,0,-0.0952,0.5136,0.1747,315.41,324.08,31.69,0.1133,0.5712,0.2473,280.90,354.39,1.89,0.0296,0.9077,0.1481,5.73,358.69,0.39,0.0561,0.2736,0.9929,0.00,0.01,0.00,0.0296,0.9077,0.1481,-0.0227,-0.0998,0.9948,31.28,0
10.8891,CoreSystemMain,0.500,0,-0.0954,0.5134,0.1746,315.49,324.14,31.60,0.1140,0.5668,0.2460,282.15,355.39,0.92,0.0295,0.9076,0.1482,5.77,358.66,0.41,0.0568,0.2276,0.9924,0.00,0.01,0.00,0.0295,0.9076,0.1482,-0.0233,-0.1005,0.9947,33.19,0
10.9002,CoreSystemMain,0.500,0,-0.0955,0.5132,0.1746,315.58,324.20,31.52,0.1146,0.5625,0.2447,283.31,356.63,359.68,0.0294,0.9075,0.1483,5.82,358.64,0.44,0.0568,0.2276,0.9924,0.00,0.01,0.00,0.0294,0.9075,0.1483,-0.0237,-0.1015,0.9946,33.14,0
10.9117,CoreSystemMain,0.500,0,-0.0957,0.5130,0.1745,315.66,324.20,31.53,0.1151,0.5572,0.2429,284.89,357.86,358.38,0.0294,0.9074,0.1483,5.89,358.62,0.44,0.0575,0.1776,0.9919,0.00,0.01,0.00,0.0294,0.9074,0.1483,-0.0240,-0.1027,0.9944,35.08,0
10.9225,CoreSystemMain,0.500,0,-0.0958,0.5128,0.1745,315.74,324.16,31.57,0.1155,0.5515,0.2409,286.76,357.29,359.06,0.0293,0.9073,0.1484,5.94,358.63,0.46,0.0575,0.1776,0.9919,0.00,0.01,0.00,0.0293,0.9073,0.1484,-0.0238,-0.1034,0.9944,35.03,0
10.9336,CoreSystemMain,0.500,0,-0.0960,0.5127,0.1744,315.76,324.15,31.58,0.1158,0.5466,0.2395,288.29,356.59,359.87,0.0293,0.9072,0.1484,5.99,358.63,0.47,0.0581,0.1238,0.9914,0.00,0.01,0.00,0.0293,0.9072,0.1484,-0.0237,-0.1044,0.9943,37.02,0
10.9447,CoreSystemMain,0.500,0,-0.0961,0.5125,0.1744,315.79,324.17,31.57,0.1160,0.5405,0.2375,290.57,355.47,1.10,0.0292,0.9071,0.1485,6.01,358.64,0.48,0.0581,0.1238,0.9914,0.00,0.01,0.00,0.0292,0.9071,0.1485,-0.0235,-0.1047,0.9942,36.99,0
10.9559,CoreSystemMain,0.500,0,-0.0962,0.5124,0.1743,315.80,324.20,31.51,0.1163,0.5345,0.2358,292.70,354.62,1.90,0.0292,0.9070,0.1485,6.00,358.69,0.51,0.0588,0.0660,0.9909,0.00,0.01,0.00,0.0292,0.9070,0.1485,-0.0227,-0.1046,0.9943,39.04,0
10.9670,CoreSystemMain,0.500,0,-0.0963,0.5123,0.1743,315.74,324.26,31.40,0.1169,0.5275,0.2336,295.33,353.73,2.41,0.0291,0.9070,0.1486,6.01,358.70,0.50,0.0588,0.0660,0.9909,0.00,0.01,0.00,0.0291,0.9070,0.1486,-0.0226,-0.1047,0.9942,39.04,0
10.9780,CoreSystemMain,0.500,0,-0.0963,0.5122,0.1744,315.70,324.21,31.34,0.1175,0.5204,0.2314,297.67,354.13,1.69,0.0291,0.9069,0.1486,6.00,358.74,0.51,0.0589,0.0732,0.9908,359.93,0.01,359.91,0.0291,0.9069,0.1486,-0.0218,-0.1045,0.9943,38.80,0
10.9891,CoreSystemMain,0.500,0,-0.0964,0.5121,0.1744,315.65,324.15,31.35,0.1184,0.5138,0.2293,299.78,354.94,0.60,0.0290,0.9069,0.1487,6.00,358.76,0.53,0.0589,0.0746,0.9908,359.97,0.01,359.96,0.0290,0.9069,0.1487,-0.0215,-0.1045,0.9943,38.75,0
11.0003,CoreSystemMain,0.500,0,-0.0965,0.5121,0.1745,315.65,324.10,31.38,0.1195,0.5069,0.2269,302.09,356.07,359.20,0.0290,0.9068,0.1487,6.00,358.77,0.56,0.0589,0.0746,0.9908,359.97,0.01,359.96,0.0290,0.9068,0.1487,-0.0213,-0.1046,0.9943,38.74,0
11.0113,CoreSystemMain,0.500,0,-0.0965,0.5120,0.1745,315.66,324.05,31.48,0.1205,0.5000,0.2244,304.52,356.87,358.35,0.0289,0.9068,0.1487,6.02,358.78,0.58,0.0588,0.0749,0.9908,359.99,0.01,359.99,0.0289,0.9068,0.1487,-0.0212,-0.1049,0.9943,38.71,0
11.0224,CoreSystemMain,0.500,0,-0.0965,0.5119,0.1745,315.67,324.03,31.52,0.1212,0.4937,0.2223,306.88,357.19,358.04,0.0288,0.9067,0.1487,6.05,358.78,0.61,0.0588,0.0749,0.9908,359.99,0.01,359.99,0.0288,0.9067,0.1487,-0.0211,-0.1053,0.9942,38.69,0
11.0336,CoreSystemMain,0.500,0,-0.0965,0.5119,0.1745,315.69,324.00,31.57,0.1221,0.4866,0.2198,309.78,357.57,357.82,0.0288,0.9066,0.1487,6.06,358.77,0.62,0.0588,0.0750,0.9909,0.00,0.01,0.00,0.0288,0.9066,0.1487,-0.0213,-0.1057,0.9942,38.66,0
11.0446,CoreSystemMain,0.500,0,-0.0965,0.5118,0.1745,315.72,323.98,31.58,0.1228,0.4797,0.2171,312.82,357.77,357.70,0.0287,0.9065,0.1487,6.08,358.77,0.65,0.0588,0.0750,0.9909,0.00,0.01,0.00,0.0287,0.9065,0.1487,-0.0213,-0.1059,0.9941,38.65,0
11.0559,CoreSystemMain,0.500,0,-0.0964,0.5117,0.1747,315.74,323.99,31.55,0.1234,0.4721,0.2130,316.18,357.60,357.68,0.0287,0.9065,0.1487,6.09,358.76,0.65,0.0588,0.0750,0.9909,0.00,0.01,0.00,0.0287,0.9065,0.1487,-0.0215,-0.1060,0.9941,38.64,0
11.0670,CoreSystemMain,0.500,0,-0.0963,0.5116,0.1747,315.74,324.00,31.52,0.1241,0.4656,0.2106,318.84,357.63,357.26,0.0286,0.9064,0.1487,6.10,358.75,0.67,0.0588,0.0750,0.9909,0.00,0.01,0.00,0.0286,0.9064,0.1487,-0.0216,-0.1062,0.9941,38.62,0
11.0782,CoreSystemMain,0.500,0,-0.0961,0.5116,0.1748,315.75,324.01,31.52,0.1248,0.4615,0.2078,320.52,357.77,356.25,0.0285,0.9063,0.1487,6.11,358.74,0.67,0.0588,0.0750,0.9909,0.00,0.01,0.00,0.0285,0.9063,0.1487,-0.0218,-0.1065,0.9941,38.61,0
11.0891,CoreSystemMain,0.500,0,-0.0960,0.5116,0.1748,315.80,323.99,31.57,0.1256,0.4566,0.2050,322.32,358.06,355.27,0.0285,0.9062,0.1487,6.13,358.72,0.68,0.0588,0.0750,0.9909,0.00,0.01,0.00,0.0285,0.9062,0.1487,-0.0221,-0.1067,0.9940,38.59,0
11.1004,CoreSystemMain,0.500,0,-0.0957,0.5117,0.1748,315.87,323.94,31.67,0.1266,0.4502,0.2015,324.67,358.53,354.28,0.0285,0.9061,0.1487,6.15,358.71,0.69,0.0588,0.0750,0.9909,0.00,0.01,0.00,0.0285,0.9061,0.1487,-0.0225,-0.1071,0.9940,38.56,0
11.1115,CoreSystemMain,0.500,0,-0.0955,0.5118,0.1747,315.92,323.89,31.83,0.1276,0.4431,0.1969,326.98,359.23,353.38,0.0284,0.9060,0.1486,6.17,358.70,0.70,0.0588,0.0750,0.9909,0.00,0.01,0.00,0.0284,0.9060,0.1486,-0.0225,-0.1075,0.9940,38.54,0
11.1225,CoreSystemMain,0.500,0,-0.0950,0.5122,0.1746,315.86,323.88,31.95,0.1279,0.4391,0.1921,327.52,359.43,353.84,0.0284,0.9060,0.1486,6.18,358.68,0.70,0.0588,0.0750,0.9909,0.00,0.01,0.00,0.0284,0.9060,0.1486,-0.0229,-0.1077,0.9939,38.53,0
11.1338,CoreSystemMain,0.500,0,-0.0948,0.5123,0.1746,315.82,323.92,31.95,0.1284,0.4345,0.1890,328.69,359.22,354.14,0.0284,0.9059,0.1485,6.19,358.65,0.70,0.0588,0.0750,0.9909,0.00,0.01,0.00,0.0284,0.9059,0.1485,-0.0234,-0.1078,0.9939,38.52,0
11.1448,CoreSystemMain,0.500,0,-0.0945,0.5124,0.1745,315.75,324.01,31.88,0.1286,0.4312,0.1861,329.21,358.69,354.82,0.0284,0.9059,0.1485,6.19,358.64,0.69,0.0588,0.0750,0.9909,0.00,0.01,0.00,0.0284,0.9059,0.1485,-0.0237,-0.1079,0.9939,38.51,0
11.1560,CoreSystemMain,0.500,0,-0.0943,0.5125,0.1744,315.67,324.11,31.80,0.1288,0.4268,0.1824,329.93,357.88,355.80,0.0285,0.9059,0.1485,6.19,358.61,0.66,0.0588,0.0750,0.9909,0.00,0.01,0.00,0.0285,0.9059,0.1485,-0.0242,-0.1078,0.9939,38.52,0
11.1669,CoreSystemMain,0.500,0,-0.0940,0.5127,0.1743,315.59,324.27,31.66,0.1288,0.4249,0.1791,329.64,356.61,356.95,0.0285,0.9059,0.1484,6.18,358.60,0.63,0.0588,0.0750,0.9909,0.00,0.01,0.00,0.0285,0.9059,0.1484,-0.0242,-0.1077,0.9939,38.52,0
11.1781,CoreSystemMain,0.500,0,-0.0939,0.5128,0.1741,315.56,324.31,31.61,0.1288,0.4236,0.1763,329.24,355.84,357.70,0.0286,0.9059,0.1484,6.18,358.60,0.61,0.0588,0.0750,0.9909,0.00,0.01,0.00,0.0286,0.9059,0.1484,-0.0243,-0.1077,0.9939,38.52,0
11.1891,CoreSystemMain,0.500,0,-0.0938,0.5129,0.1740,315.54,324.28,31.71,0.1290,0.4214,0.1740,329.54,355.56,357.96,0.0286,0.9058,0.1483,6.19,358.59,0.60,0.0588,0.0750,0.9909,0.00,0.01,0.00,0.0286,0.9058,0.1483,-0.0245,-0.1077,0.9939,38.52,0
11.2003,CoreSystemMain,0.500,0,-0.0937,0.5130,0.1738,315.57,324.21,31.81,0.1293,0.4202,0.1721,329.73,355.55,357.97,0.0287,0.9058,0.1483,6.22,358.59,0.57,0.0588,0.0750,0.9909,0.00,0.01,0.00,0.0287,0.9058,0.1483,-0.0244,-0.1084,0.9938,38.48,0
11.2114,CoreSystemMain,0.500,0,-0.0938,0.5131,0.1736,315.63,324.09,31.98,0.1294,0.4219,0.1718,329.13,356.08,357.46,0.0288,0.9058,0.1482,6.22,358.60,0.57,0.0588,0.0750,0.9909,0.00,0.01,0.00,0.0288,0.9058,0.1482,-0.0243,-0.1084,0.9938,38.47,0
11.2225,CoreSystemMain,0.500,0,-0.0937,0.5132,0.1736,315.62,324.07,32.02,0.1297,0.4206,0.1704,329.34,356.06,357.56,0.0289,0.9058,0.1481,6.23,358.61,0.56,0.0588,0.0750,0.9909,0.00,0.01,0.00,0.0289,0.9058,0.1481,-0.0242,-0.1085,0.9938,38.46,0
11.2336,CoreSystemMain,0.500,0,-0.0937,0.5132,0.1735,315.61,324.07,32.03,0.1298,0.4204,0.1698,329.17,355.97,357.80,0.0291,0.9057,0.1480,6.23,358.61,0.57,0.0588,0.0750,0.9909,0.00,0.01,0.00,0.0291,0.9057,0.1480,-0.0241,-0.1085,0.9938,38.45,0
11.2446,CoreSystemMain,0.500,0,-0.0937,0.5132,0.1734,315.57,324.08,31.95,0.1300,0.4216,0.1698,328.42,355.74,358.20,0.0292,0.9058,0.1479,6.23,358.63,0.57,0.0588,0.0750,0.9909,0.00,0.01,0.00,0.0292,0.9058,0.1479,-0.0238,-0.1086,0.9938,38.45,0
11.2558,CoreSystemMain,0.500,0,-0.0937,0.5129,0.1732,315.51,324.15,31.75,0.1294,0.4246,0.1711,326.90,355.41,357.99,0.0293,0.9058,0.1478,6.22,358.65,0.58,0.0588,0.0750,0.9909,0.00,0.01,0.00,0.0293,0.9058,0.1478,-0.0235,-0.1083,0.9938,38.46,0
11.2667,CoreSystemMain,0.500,0,-0.0937,0.5129,0.1731,315.48,324.15,31.70,0.1294,0.4242,0.1704,326.75,355.15,358.22,0.0295,0.9059,0.1477,6.20,358.67,0.59,0.0588,0.0750,0.9909,0.00,0.01,0.00,0.0295,0.9059,0.1477,-0.0231,-0.1081,0.9939,38.47,0
11.2778,CoreSystemMain,0.500,0,-0.0937,0.5129,0.1730,315.45,324.22,31.64,0.1293,0.4235,0.1696,326.73,355.09,358.18,0.0297,0.9059,0.1476,6.21,358.67,0.57,0.0588,0.0750,0.9909,0.00,0.01,0.00,0.0297,0.9059,0.1476,-0.0231,-0.1082,0.9939,38.46,0
11.2889,CoreSystemMain,0.500,1,-0.0937,0.5126,0.1730,315.50,324.29,31.57,0.1285,0.4275,0.1728,325.48,354.19,358.43,0.0298,0.9059,0.1475,6.19,358.71,0.61,0.0588,0.0750,0.9909,0.00,0.01,0.00,0.0298,0.9059,0.1475,-0.0223,-0.1078,0.9939,38.47,0
11.3000,CoreSystemMain,0.500,1,-0.0938,0.5124,0.1730,315.59,324.32,31.58,0.1274,0.4307,0.1757,324.71,353.93,358.90,0.0300,0.9060,0.1473,6.19,358.73,0.62,0.0588,0.0750,0.9909,0.00,0.01,0.00,0.0300,0.9060,0.1473,-0.0220,-0.1078,0.9939,38.47,0
11.3111,CoreSystemMain,0.500,1,-0.0937,0.5124,0.1730,315.67,324.33,31.58,0.1268,0.4319,0.1768,324.31,354.01,358.92,0.0301,0.9060,0.1472,6.18,358.76,0.63,0.0588,0.0751,0.9910,0.00,0.01,0.00,0.0301,0.9060,0.1472,-0.0216,-0.1077,0.9940,38.46,0
11.3221,CoreSystemMain,0.500,1,-0.0937,0.5123,0.1730,315.75,324.25,31.64,0.1262,0.4349,0.1796,323.69,354.48,358.50,0.0303,0.9061,0.1470,6.18,358.77,0.61,0.0589,0.0754,0.9913,0.00,0.01,0.00,0.0303,0.9061,0.1470,-0.0213,-0.1077,0.9940,38.44,0
11.3336,CoreSystemMain,0.500,1,-0.0937,0.5122,0.1730,315.78,324.20,31.65,0.1252,0.4382,0.1825,322.70,354.72,358.41,0.0305,0.9062,0.1468,6.15,358.81,0.58,0.0590,0.0761,0.9919,0.00,0.01,0.00,0.0305,0.9062,0.1468,-0.0207,-0.1071,0.9940,38.42,0
11.3445,CoreSystemMain,0.500,1,-0.0937,0.5122,0.1730,315.79,324.12,31.67,0.1242,0.4416,0.1855,321.51,355.53,357.59,0.0307,0.9063,0.1467,6.14,358.83,0.54,0.0593,0.0777,0.9933,0.00,0.01,0.00,0.0307,0.9063,0.1467,-0.0203,-0.1069,0.9941,38.33,0
11.3556,CoreSystemMain,0.500,1,-0.0936,0.5122,0.1730,315.77,324.14,31.68,0.1234,0.4450,0.1885,320.04,355.20,358.26,0.0308,0.9064,0.1465,6.11,358.85,0.49,0.0596,0.0805,0.9957,0.00,0.01,0.00,0.0308,0.9064,0.1465,-0.0199,-0.1065,0.9941,38.17,0
11.3666,CoreSystemMain,0.500,1,-0.0936,0.5123,0.1729,315.73,324.28,31.62,0.1225,0.4487,0.1918,318.50,355.46,357.76,0.0310,0.9066,0.1464,6.07,358.89,0.44,0.0604,0.0852,0.9997,0.00,0.01,0.00,0.0310,0.9066,0.1464,-0.0193,-0.1057,0.9942,37.92,0
11.3782,CoreSystemMain,0.500,1,-0.0935,0.5124,0.1729,315.73,324.39,31.55,0.1216,0.4518,0.1945,317.17,355.21,358.22,0.0311,0.9068,0.1463,6.01,358.89,0.41,0.0606,0.0917,1.0049,0.00,0.01,0.00,0.0311,0.9068,0.1463,-0.0192,-0.1047,0.9943,37.58,0
11.3889,CoreSystemMain,0.500,1,-0.0934,0.5127,0.1729,315.68,324.42,31.50,0.1203,0.4568,0.1985,315.65,355.37,358.35,0.0312,0.9069,0.1462,5.95,358.89,0.40,0.0610,0.0998,1.0110,0.00,0.01,0.00,0.0312,0.9069,0.1462,-0.0193,-0.1037,0.9944,37.15,0
11.4000,CoreSystemMain,0.500,1,-0.0934,0.5129,0.1728,315.64,324.37,31.53,0.1193,0.4623,0.2029,313.56,355.04,358.88,0.0314,0.9073,0.1459,5.84,358.87,0.35,0.0617,0.1086,1.0175,0.00,0.01,0.00,0.0314,0.9073,0.1459,-0.0196,-0.1017,0.9946,36.75,0
11.4112,CoreSystemMain,0.500,1,-0.0934,0.5132,0.1727,315.58,324.30,31.57,0.1181,0.4675,0.2067,311.75,355.39,358.64,0.0314,0.9074,0.1459,5.81,358.87,0.34,0.0625,0.1206,1.0256,0.00,0.01,0.00,0.0314,0.9074,0.1459,-0.0196,-0.1012,0.9947,36.09,0
11.4224,CoreSystemMain,0.500,1,-0.0935,0.5134,0.1726,315.52,324.20,31.63,0.1173,0.4724,0.2101,310.06,355.11,359.16,0.0315,0.9075,0.1457,5.72,358.86,0.32,0.0633,0.1338,1.0340,0.00,0.01,0.00,0.0315,0.9075,0.1457,-0.0198,-0.0997,0.9948,35.43,0
11.4465,CoreSystemMain,0.500,1,-0.0938,0.5139,0.1726,315.52,324.13,31.71,0.1145,0.4854,0.2182,306.39,356.21,358.21,0.0317,0.9078,0.1455,5.62,358.83,0.27,0.0642,0.1473,1.0418,0.00,0.01,0.00,0.0317,0.9078,0.1455,-0.0203,-0.0979,0.9950,34.80,0
11.4557,CoreSystemMain,0.500,1,-0.0938,0.5140,0.1726,315.51,324.09,31.72,0.1136,0.4900,0.2211,304.93,356.36,358.19,0.0318,0.9079,0.1454,5.58,358.81,0.26,0.0665,0.1854,1.0600,0.00,0.01,0.00,0.0318,0.9079,0.1454,-0.0207,-0.0972,0.9950,32.85,0
11.4667,CoreSystemMain,0.500,1,-0.0939,0.5142,0.1725,315.50,324.01,31.75,0.1126,0.4951,0.2244,303.28,356.84,357.69,0.0319,0.9081,0.1453,5.53,358.78,0.25,0.0669,0.1943,1.0639,0.00,0.01,0.00,0.0319,0.9081,0.1453,-0.0212,-0.0964,0.9951,32.45,0
11.4777,CoreSystemMain,0.500,1,-0.0941,0.5144,0.1726,315.42,323.88,31.80,0.1117,0.5011,0.2275,301.14,356.20,358.32,0.0319,0.9082,0.1453,5.50,358.76,0.23,0.0673,0.2068,1.0688,0.00,0.01,0.00,0.0319,0.9082,0.1453,-0.0216,-0.0958,0.9952,31.85,0
11.4918,CoreSystemMain,0.500,1,-0.0942,0.5145,0.1726,315.37,323.85,31.82,0.1102,0.5090,0.2317,298.30,355.08,359.68,0.0321,0.9084,0.1452,5.46,358.74,0.20,0.0673,0.2217,1.0733,0.00,0.01,0.00,0.0321,0.9084,0.1452,-0.0219,-0.0952,0.9952,31.17,0
11.5001,CoreSystemMain,0.500,1,-0.0943,0.5146,0.1726,315.33,323.89,31.77,0.1095,0.5139,0.2339,296.74,354.52,0.39,0.0321,0.9084,0.1451,5.44,358.72,0.18,0.0671,0.2445,1.0782,0.00,0.01,0.00,0.0321,0.9084,0.1451,-0.0222,-0.0949,0.9952,30.14,0
11.5113,CoreSystemMain,0.500,1,-0.0944,0.5148,0.1727,315.30,323.93,31.73,0.1086,0.5201,0.2365,294.92,354.52,0.51,0.0323,0.9085,0.1451,5.43,358.71,0.15,0.0670,0.2557,1.0801,0.00,0.01,0.00,0.0323,0.9085,0.1451,-0.0224,-0.0947,0.9953,29.64,0
11.5223,CoreSystemMain,0.500,1,-0.0945,0.5149,0.1728,315.29,324.00,31.63,0.1076,0.5261,0.2392,293.28,354.63,0.73,0.0324,0.9086,0.1450,5.42,358.71,0.12,0.0671,0.2726,1.0819,0.00,0.01,0.00,0.0324,0.9086,0.1450,-0.0224,-0.0944,0.9953,28.91,0
11.5334,CoreSystemMain,0.500,1,-0.0945,0.5149,0.1728,315.30,324.01,31.59,0.1067,0.5321,0.2416,291.77,355.41,0.32,0.0325,0.9087,0.1450,5.40,358.71,0.09,0.0679,0.2882,1.0829,0.00,0.01,0.00,0.0325,0.9087,0.1450,-0.0224,-0.0941,0.9953,28.25,0
11.5445,CoreSystemMain,0.500,1,-0.0947,0.5150,0.1729,315.33,323.97,31.64,0.1060,0.5373,0.2431,290.70,356.97,358.94,0.0326,0.9089,0.1450,5.38,358.71,0.06,0.0696,0.3031,1.0833,0.00,0.01,0.00,0.0326,0.9089,0.1450,-0.0224,-0.0937,0.9953,27.65,0
11.5556,CoreSystemMain,0.500,1,-0.0948,0.5151,0.1730,315.36,323.90,31.70,0.1050,0.5447,0.2456,289.06,358.77,357.17,0.0327,0.9090,0.1449,5.34,358.72,0.04,0.0717,0.3161,1.0833,0.00,0.01,0.00,0.0327,0.9090,0.1449,-0.0223,-0.0931,0.9954,27.14,0
11.5667,CoreSystemMain,0.500,1,-0.0949,0.5151,0.1730,315.37,323.88,31.73,0.1042,0.5509,0.2476,287.65,0.16,355.81,0.0328,0.9091,0.1449,5.31,358.75,0.02,0.0742,0.3300,1.0825,0.00,0.01,0.00,0.0328,0.9091,0.1449,-0.0217,-0.0926,0.9955,26.60,0
11.5779,CoreSystemMain,0.500,1,-0.0950,0.5152,0.1731,315.37,323.88,31.73,0.1033,0.5572,0.2490,286.24,1.78,354.08,0.0330,0.9092,0.1449,5.28,358.76,0.01,0.0765,0.3435,1.0812,0.00,0.01,0.00,0.0330,0.9092,0.1449,-0.0216,-0.0921,0.9955,26.09,0
11.5890,CoreSystemMain,0.500,1,-0.0950,0.5152,0.1732,315.33,323.96,31.66,0.1025,0.5626,0.2504,284.84,3.04,352.61,0.0331,0.9093,0.1449,5.23,358.79,0.00,0.0786,0.3569,1.0791,0.00,0.01,0.00,0.0331,0.9093,0.1449,-0.0211,-0.0912,0.9956,25.61,0
11.5999,CoreSystemMain,0.500,1,-0.0950,0.5152,0.1733,315.25,324.02,31.54,0.1016,0.5689,0.2519,283.06,4.35,351.13,0.0333,0.9094,0.1449,5.20,358.82,359.98,0.0799,0.3699,1.0764,0.00,0.01,0.00,0.0333,0.9094,0.1449,-0.0206,-0.0906,0.9957,25.15,0
11.6112,CoreSystemMain,0.500,1,-0.0951,0.5151,0.1734,315.23,324.06,31.46,0.1009,0.5745,0.2529,281.46,5.47,350.01,0.0334,0.9095,0.1450,5.16,358.86,359.95,0.0807,0.3836,1.0725,0.00,0.01,0.00,0.0334,0.9095,0.1450,-0.0198,-0.0900,0.9957,24.66,0
11.6222,CoreSystemMain,0.500,1,-0.0951,0.5151,0.1735,315.25,324.11,31.41,0.1003,0.5799,0.2540,279.99,6.84,348.76,0.0336,0.9096,0.1450,5.12,358.91,359.90,0.0815,0.3977,1.0677,0.00,0.01,0.00,0.0336,0.9096,0.1450,-0.0190,-0.0893,0.9958,24.18,0
11.6333,CoreSystemMain,0.500,1,-0.0951,0.5151,0.1735,315.26,324.13,31.43,0.0997,0.5853,0.2552,278.60,8.49,347.22,0.0337,0.9097,0.1450,5.11,358.99,359.90,0.0824,0.4109,1.0624,0.00,0.01,0.00,0.0337,0.9097,0.1450,-0.0175,-0.0891,0.9959,23.70,0
11.6444,CoreSystemMain,0.500,1,-0.0950,0.5151,0.1737,315.36,324.10,31.58,0.0997,0.5887,0.2545,277.64,9.14,346.90,0.0339,0.9098,0.1450,5.08,359.00,359.88,0.0835,0.4237,1.0568,0.00,0.01,0.00,0.0339,0.9098,0.1450,-0.0174,-0.0886,0.9959,23.28,0
11.6556,CoreSystemMain,0.500,1,-0.0950,0.5151,0.1738,315.38,324.12,31.57,0.0992,0.5935,0.2555,276.51,11.94,344.24,0.0340,0.9098,0.1451,5.06,359.03,359.87,0.0850,0.4348,1.0513,0.00,0.01,0.00,0.0340,0.9098,0.1451,-0.0169,-0.0882,0.9960,22.92,0
11.6667,CoreSystemMain,0.500,1,-0.0950,0.5150,0.1739,315.41,324.17,31.53,0.0987,0.5982,0.2560,275.53,16.76,339.37,0.0341,0.9099,0.1451,5.05,359.06,359.85,0.0865,0.4455,1.0457,0.00,0.01,0.00,0.0341,0.9099,0.1451,-0.0163,-0.0881,0.9960,22.56,0
11.6780,CoreSystemMain,0.500,1,-0.0949,0.5150,0.1740,315.39,324.23,31.44,0.0983,0.6014,0.2554,274.94,21.96,333.74,0.0341,0.9099,0.1451,5.04,359.08,359.84,0.0880,0.4557,1.0399,0.00,0.01,0.00,0.0341,0.9099,0.1451,-0.0159,-0.0879,0.9960,22.22,0
11.6889,CoreSystemMain,0.500,1,-0.0949,0.5150,0.1741,315.39,324.28,31.40,0.0978,0.6059,0.2560,274.08,30.79,324.75,0.0342,0.9100,0.1452,5.04,359.11,359.82,0.0885,0.4648,1.0344,0.00,0.01,0.00,0.0342,0.9100,0.1452,-0.0155,-0.0878,0.9960,21.92,0
11.7001,CoreSystemMain,0.500,1,-0.0948,0.5150,0.1742,315.37,324.24,31.46,0.0975,0.6080,0.2549,273.91,38.12,317.01,0.0343,0.9100,0.1452,5.04,359.14,359.81,0.0888,0.4736,1.0287,0.00,0.01,0.00,0.0343,0.9100,0.1452,-0.0150,-0.0878,0.9960,21.62,0
11.7112,CoreSystemMain,0.500,1,-0.0948,0.5150,0.1743,315.36,324.28,31.44,0.0970,0.6125,0.2557,273.31,52.76,302.29,0.0343,0.9100,0.1453,5.03,359.17,359.78,0.0886,0.4811,1.0235,0.00,0.01,0.00,0.0343,0.9100,0.1453,-0.0145,-0.0877,0.9960,21.37,0
11.7222,CoreSystemMain,0.500,1,-0.0947,0.5150,0.1743,315.43,324.25,31.49,0.0969,0.6147,0.2555,273.16,63.41,291.63,0.0343,0.9100,0.1453,5.03,359.18,359.77,0.0886,0.4891,1.0177,0.00,0.01,0.00,0.0343,0.9100,0.1453,-0.0142,-0.0877,0.9960,21.10,0
11.7334,CoreSystemMain,0.500,1,-0.0947,0.5151,0.1743,315.46,324.25,31.53,0.0967,0.6170,0.2552,273.23,72.62,282.41,0.0343,0.9100,0.1453,5.04,359.20,359.75,0.0889,0.4961,1.0125,0.00,0.01,0.00,0.0343,0.9100,0.1453,-0.0138,-0.0878,0.9960,20.87,0
11.7444,CoreSystemMain,0.500,1,-0.0948,0.5152,0.1743,315.44,324.16,31.68,0.0967,0.6180,0.2549,273.29,75.35,279.71,0.0342,0.9100,0.1454,5.02,359.21,359.75,0.0893,0.5024,1.0076,0.00,0.01,0.00,0.0342,0.9100,0.1454,-0.0137,-0.0875,0.9961,20.68,0
11.7555,CoreSystemMain,0.500,1,-0.0948,0.5153,0.1744,315.43,324.07,31.79,0.0964,0.6209,0.2547,273.28,84.60,270.48,0.0342,0.9100,0.1455,5.02,359.23,359.75,0.0898,0.5073,1.0038,0.00,0.01,0.00,0.0342,0.9100,0.1455,-0.0134,-0.0875,0.9961,20.52,0
11.7666,CoreSystemMain,0.500,1,-0.0949,0.5154,0.1744,315.33,324.08,31.77,0.0965,0.6212,0.2539,272.89,85.18,269.70,0.0341,0.9099,0.1455,5.01,359.24,359.76,0.0903,0.5123,0.9998,0.00,0.01,0.00,0.0341,0.9099,0.1455,-0.0133,-0.0874,0.9961,20.37,0
11.7778,CoreSystemMain,0.500,1,-0.0949,0.5155,0.1744,315.28,324.09,31.75,0.0962,0.6233,0.2539,272.86,96.62,258.13,0.0340,0.9099,0.1456,5.01,359.24,359.78,0.0901,0.5162,0.9967,0.00,0.01,0.00,0.0340,0.9099,0.1456,-0.0131,-0.0873,0.9961,20.25,0
11.7888,CoreSystemMain,0.500,1,-0.0949,0.5156,0.1746,315.23,324.10,31.63,0.0961,0.6247,0.2536,272.78,104.58,250.06,0.0339,0.9099,0.1457,5.01,359.25,359.78,0.0897,0.5203,0.9932,0.00,0.01,0.00,0.0339,0.9099,0.1457,-0.0130,-0.0873,0.9961,20.10,0
11.8001,CoreSystemMain,0.500,1,-0.0949,0.5156,0.1746,315.17,324.08,31.63,0.0960,0.6256,0.2531,272.87,111.10,243.37,0.0338,0.9099,0.1457,4.99,359.25,359.81,0.0891,0.5241,0.9898,0.00,0.01,0.00,0.0338,0.9099,0.1457,-0.0130,-0.0870,0.9961,20.00,0
11.8112,CoreSystemMain,0.500,1,-0.0950,0.5155,0.1746,315.19,324.06,31.67,0.0963,0.6253,0.2523,273.02,110.01,244.36,0.0336,0.9099,0.1458,4.99,359.25,359.83,0.0884,0.5277,0.9865,0.00,0.01,0.00,0.0336,0.9099,0.1458,-0.0131,-0.0870,0.9961,19.88,0
11.8222,CoreSystemMain,0.500,1,-0.0951,0.5154,0.1746,315.18,324.03,31.71,0.0961,0.6274,0.2522,273.30,117.65,236.66,0.0335,0.9098,0.1458,4.99,359.25,359.85,0.0878,0.5306,0.9837,0.00,0.01,0.00,0.0335,0.9098,0.1458,-0.0130,-0.0870,0.9961,19.78,0
11.8333,CoreSystemMain,0.500,1,-0.0951,0.5153,0.1747,315.28,324.01,31.74,0.0962,0.6272,0.2517,273.42,116.53,237.79,0.0333,0.9098,0.1459,4.99,359.23,359.88,0.0872,0.5337,0.9807,0.00,0.01,0.00,0.0333,0.9098,0.1459,-0.0133,-0.0869,0.9961,19.69,0
11.8447,CoreSystemMain,0.500,1,-0.0953,0.5150,0.1748,315.37,323.94,31.81,0.0962,0.6271,0.2513,273.51,117.21,237.10,0.0331,0.9098,0.1459,4.99,359.22,359.93,0.0869,0.5363,0.9782,0.00,0.01,0.00,0.0331,0.9098,0.1459,-0.0136,-0.0870,0.9961,19.61,0
11.8555,CoreSystemMain,0.500,1,-0.0953,0.5149,0.1748,315.42,323.90,31.85,0.0962,0.6274,0.2510,273.47,117.24,237.08,0.0330,0.9098,0.1460,5.00,359.20,359.98,0.0867,0.5386,0.9759,0.00,0.01,0.00,0.0330,0.9098,0.1460,-0.0139,-0.0871,0.9961,19.54,0
11.8666,CoreSystemMain,0.500,1,-0.0953,0.5147,0.1748,315.51,323.85,31.86,0.0963,0.6272,0.2508,273.28,115.86,238.52,0.0328,0.9097,0.1460,5.01,359.19,0.02,0.0865,0.5404,0.9741,0.00,0.01,0.00,0.0328,0.9097,0.1460,-0.0141,-0.0873,0.9961,19.48,0
11.8780,CoreSystemMain,0.500,1,-0.0953,0.5145,0.1748,315.57,323.83,31.86,0.0964,0.6270,0.2505,273.12,114.24,240.07,0.0327,0.9097,0.1461,5.02,359.18,0.05,0.0863,0.5419,0.9726,0.00,0.01,0.00,0.0327,0.9097,0.1461,-0.0143,-0.0875,0.9961,19.42,0
11.8889,CoreSystemMain,0.500,1,-0.0952,0.5143,0.1748,315.59,323.83,31.86,0.0965,0.6269,0.2503,273.05,114.14,240.09,0.0324,0.9096,0.1461,5.06,359.15,0.13,0.0860,0.5431,0.9715,0.00,0.01,0.00,0.0324,0.9096,0.1461,-0.0148,-0.0882,0.9960,19.34,0
11.9000,CoreSystemMain,0.500,1,-0.0951,0.5141,0.1748,315.60,323.87,31.87,0.0965,0.6267,0.2501,272.96,114.65,239.41,0.0323,0.9095,0.1461,5.08,359.16,0.16,0.0857,0.5442,0.9705,0.00,0.01,0.00,0.0323,0.9095,0.1461,-0.0147,-0.0885,0.9960,19.29,0
11.9112,CoreSystemMain,0.500,1,-0.0951,0.5137,0.1747,315.60,323.96,31.86,0.0968,0.6262,0.2500,272.81,114.11,239.85,0.0322,0.9095,0.1462,5.09,359.15,0.19,0.0853,0.5451,0.9695,0.00,0.01,0.00,0.0322,0.9095,0.1462,-0.0148,-0.0887,0.9959,19.24,0
11.9225,CoreSystemMain,0.500,1,-0.0950,0.5136,0.1747,315.60,324.08,31.78,0.0970,0.6259,0.2498,272.85,114.83,239.24,0.0321,0.9094,0.1462,5.10,359.15,0.22,0.0848,0.5459,0.9687,0.00,0.01,0.00,0.0321,0.9094,0.1462,-0.0149,-0.0889,0.9959,19.20,0
11.9336,CoreSystemMain,0.500,1,-0.0948,0.5134,0.1747,315.63,324.20,31.70,0.0973,0.6251,0.2497,272.98,112.75,241.52,0.0320,0.9094,0.1462,5.12,359.15,0.24,0.0844,0.5466,0.9680,0.00,0.01,0.00,0.0320,0.9094,0.1462,-0.0148,-0.0892,0.9959,19.16,0
11.9447,CoreSystemMain,0.500,1,-0.0946,0.5132,0.1746,315.66,324.20,31.71,0.0977,0.6241,0.2497,273.04,110.77,243.79,0.0319,0.9094,0.1462,5.12,359.15,0.25,0.0843,0.5472,0.9674,0.00,0.01,0.00,0.0319,0.9094,0.1462,-0.0148,-0.0893,0.9959,19.13,0
11.9557,CoreSystemMain,0.500,1,-0.0945,0.5131,0.1746,315.69,324.19,31.74,0.0979,0.6237,0.2496,272.92,108.98,245.63,0.0317,0.9093,0.1462,5.13,359.16,0.28,0.0844,0.5477,0.9669,0.00,0.01,0.00,0.0317,0.9093,0.1462,-0.0147,-0.0894,0.9959,19.11,0
11.9667,CoreSystemMain,0.500,1,-0.0943,0.5130,0.1746,315.73,324.14,31.83,0.0981,0.6232,0.2495,272.78,107.99,246.61,0.0316,0.9093,0.1462,5.13,359.14,0.28,0.0844,0.5481,0.9665,0.00,0.01,0.00,0.0316,0.9093,0.1462,-0.0149,-0.0894,0.9959,19.10,0
11.9777,CoreSystemMain,0.500,1,-0.0942,0.5129,0.1745,315.75,324.13,31.91,0.0983,0.6221,0.2496,272.48,107.87,246.78,0.0316,0.9092,0.1462,5.13,359.17,0.30,0.0844,0.5484,0.9662,0.00,0.01,0.00,0.0316,0.9092,0.1462,-0.0144,-0.0894,0.9959,19.08,0
11.9889,CoreSystemMain,0.500,1,-0.0940,0.5130,0.1745,315.80,324.16,31.89,0.0982,0.6206,0.2494,272.23,108.49,246.19,0.0315,0.9092,0.1462,5.13,359.19,0.33,0.0844,0.5486,0.9659,0.00,0.01,0.00,0.0315,0.9092,0.1462,-0.0141,-0.0894,0.9959,19.07,0
12.0005,CoreSystemMain,0.500,1,-0.0939,0.5129,0.1745,315.80,324.20,31.88,0.0984,0.6197,0.2495,272.17,105.72,249.05,0.0315,0.9092,0.1462,5.14,359.18,0.33,0.0843,0.5488,0.9656,0.00,0.01,0.00,0.0315,0.9092,0.1462,-0.0143,-0.0895,0.9959,19.06,0
12.0111,CoreSystemMain,0.500,1,-0.0938,0.5128,0.1745,315.79,324.27,31.86,0.0986,0.6189,0.2495,272.27,98.15,256.69,0.0314,0.9091,0.1462,5.14,359.19,0.35,0.0843,0.5489,0.9654,0.00,0.01,0.00,0.0314,0.9091,0.1462,-0.0140,-0.0896,0.9959,19.05,0
12.0223,CoreSystemMain,0.500,1,-0.0936,0.5128,0.1745,315.78,324.32,31.85,0.0988,0.6177,0.2497,272.50,87.40,267.36,0.0314,0.9091,0.1462,5.15,359.21,0.37,0.0843,0.5490,0.9654,0.00,0.01,0.00,0.0314,0.9091,0.1462,-0.0138,-0.0897,0.9959,19.04,0
12.0335,CoreSystemMain,0.500,1,-0.0935,0.5127,0.1745,315.79,324.30,31.87,0.0989,0.6171,0.2497,272.51,84.23,270.50,0.0313,0.9091,0.1462,5.13,359.23,0.39,0.0843,0.5490,0.9653,0.00,0.01,0.00,0.0313,0.9091,0.1462,-0.0134,-0.0895,0.9959,19.04,0
12.0445,CoreSystemMain,0.500,0,-0.0934,0.5128,0.1746,315.84,324.31,31.88,0.0988,0.6157,0.2498,272.34,82.50,272.11,0.0313,0.9090,0.1462,5.14,359.23,0.40,0.0843,0.5490,0.9654,0.00,0.01,0.00,0.0313,0.9090,0.1462,-0.0134,-0.0896,0.9959,19.03,0
12.0556,CoreSystemMain,0.500,0,-0.0933,0.5128,0.1747,315.86,324.32,31.89,0.0988,0.6148,0.2498,272.06,80.89,273.91,0.0313,0.9090,0.1462,5.17,359.24,0.41,0.0838,0.5501,0.9629,0.00,0.01,0.00,0.0313,0.9090,0.1462,-0.0132,-0.0902,0.9958,19.00,0
12.0666,CoreSystemMain,0.500,0,-0.0931,0.5128,0.1747,315.84,324.30,31.95,0.0986,0.6134,0.2501,271.75,84.57,270.87,0.0313,0.9089,0.1462,5.17,359.25,0.42,0.0838,0.5501,0.9629,0.00,0.01,0.00,0.0313,0.9089,0.1462,-0.0130,-0.0901,0.9958,18.99,0
12.0778,CoreSystemMain,0.500,0,-0.0929,0.5127,0.1747,315.87,324.32,31.95,0.0987,0.6121,0.2503,271.62,79.00,276.91,0.0313,0.9089,0.1462,5.19,359.26,0.43,0.0833,0.5472,0.9604,0.00,0.01,0.00,0.0313,0.9089,0.1462,-0.0129,-0.0904,0.9958,19.20,0
12.0890,CoreSystemMain,0.500,0,-0.0928,0.5127,0.1747,315.91,324.39,31.93,0.0992,0.6106,0.2504,271.87,60.98,294.98,0.0313,0.9089,0.1462,5.21,359.26,0.45,0.0829,0.5404,0.9579,0.00,0.01,0.00,0.0313,0.9089,0.1462,-0.0128,-0.0908,0.9958,19.62,0
12.1001,CoreSystemMain,0.500,0,-0.0926,0.5127,0.1748,315.96,324.47,31.92,0.0996,0.6091,0.2502,272.58,46.54,308.78,0.0313,0.9088,0.1462,5.23,359.28,0.47,0.0829,0.5404,0.9579,0.00,0.01,0.00,0.0313,0.9088,0.1462,-0.0126,-0.0911,0.9958,19.60,0
12.1114,CoreSystemMain,0.500,0,-0.0924,0.5127,0.1748,316.00,324.54,31.95,0.0996,0.6077,0.2502,273.16,38.38,316.54,0.0313,0.9087,0.1462,5.25,359.29,0.49,0.0824,0.5296,0.9554,0.00,0.01,0.00,0.0313,0.9087,0.1462,-0.0124,-0.0915,0.9957,20.24,0
12.1224,CoreSystemMain,0.500,0,-0.0922,0.5127,0.1749,316.00,324.59,31.96,0.0995,0.6063,0.2500,273.82,32.75,321.84,0.0313,0.9087,0.1462,5.29,359.30,0.49,0.0824,0.5296,0.9554,0.00,0.01,0.00,0.0313,0.9087,0.1462,-0.0122,-0.0922,0.9957,20.19,0
12.1335,CoreSystemMain,0.500,0,-0.0920,0.5127,0.1750,315.92,324.66,31.91,0.0999,0.6043,0.2494,274.72,24.32,329.42,0.0313,0.9086,0.1462,5.31,359.30,0.50,0.0819,0.5150,0.9530,0.00,0.01,0.00,0.0313,0.9086,0.1462,-0.0121,-0.0925,0.9956,21.06,0
12.1447,CoreSystemMain,0.500,0,-0.0919,0.5128,0.1751,315.89,324.75,31.84,0.1003,0.6026,0.2491,275.38,21.19,332.00,0.0313,0.9086,0.1463,5.31,359.32,0.51,0.0819,0.5150,0.9530,0.00,0.01,0.00,0.0313,0.9086,0.1463,-0.0119,-0.0926,0.9956,21.06,0
12.1560,CoreSystemMain,0.500,0,-0.0917,0.5129,0.1752,315.80,324.85,31.76,0.1009,0.6003,0.2487,276.13,22.50,330.55,0.0313,0.9086,0.1463,5.31,359.30,0.50,0.0815,0.4964,0.9505,0.00,0.01,0.00,0.0313,0.9086,0.1463,-0.0123,-0.0926,0.9956,22.16,0
12.1670,CoreSystemMain,0.500,0,-0.0916,0.5129,0.1752,315.81,324.91,31.72,0.1014,0.5982,0.2484,276.72,24.28,328.75,0.0313,0.9086,0.1463,5.29,359.29,0.49,0.0815,0.4964,0.9505,0.00,0.01,0.00,0.0313,0.9086,0.1463,-0.0124,-0.0922,0.9957,22.18,0
12.1779,CoreSystemMain,0.500,0,-0.0915,0.5130,0.1753,315.77,324.96,31.78,0.1021,0.5953,0.2480,277.19,25.63,327.68,0.0312,0.9086,0.1464,5.28,359.27,0.48,0.0810,0.4739,0.9480,0.00,0.01,0.00,0.0312,0.9086,0.1464,-0.0126,-0.0921,0.9957,23.50,0
12.1891,CoreSystemMain,0.500,0,-0.0915,0.5131,0.1753,315.75,324.97,31.83,0.1028,0.5922,0.2476,277.45,22.64,331.04,0.0311,0.9086,0.1465,5.27,359.25,0.48,0.0805,0.4474,0.9455,0.00,0.01,0.00,0.0311,0.9086,0.1465,-0.0130,-0.0919,0.9957,25.00,0
12.2000,CoreSystemMain,0.500,0,-0.0915,0.5133,0.1754,315.70,324.91,31.86,0.1033,0.5885,0.2471,277.63,17.35,336.97,0.0311,0.9085,0.1465,5.27,359.24,0.47,0.0805,0.4474,0.9455,0.00,0.01,0.00,0.0311,0.9085,0.1465,-0.0132,-0.0919,0.9957,25.00,0
12.2220,CoreSystemMain,0.500,0,-0.0916,0.5135,0.1755,315.61,324.80,31.89,0.1044,0.5816,0.2458,278.59,9.31,345.72,0.0308,0.9084,0.1466,5.30,359.20,0.47,0.0800,0.4171,0.9431,0.00,0.01,0.00,0.0308,0.9084,0.1466,-0.0140,-0.0923,0.9956,26.64,0
12.2257,CoreSystemMain,0.500,0,-0.0917,0.5135,0.1756,315.61,324.75,31.91,0.1047,0.5797,0.2452,278.96,7.76,347.29,0.0308,0.9084,0.1466,5.31,359.18,0.47,0.0800,0.4171,0.9431,0.00,0.01,0.00,0.0308,0.9084,0.1466,-0.0142,-0.0926,0.9956,26.62,0
12.2334,CoreSystemMain,0.500,0,-0.0917,0.5136,0.1756,315.59,324.77,31.91,0.1051,0.5777,0.2448,279.36,6.78,348.32,0.0307,0.9084,0.1466,5.31,359.17,0.47,0.0796,0.3828,0.9406,0.00,0.01,0.00,0.0307,0.9084,0.1466,-0.0145,-0.0926,0.9956,28.43,0
12.2445,CoreSystemMain,0.500,0,-0.0919,0.5137,0.1756,315.58,324.73,31.89,0.1059,0.5736,0.2436,280.24,5.19,349.75,0.0305,0.9084,0.1467,5.34,359.12,0.47,0.0796,0.3828,0.9406,0.00,0.01,0.00,0.0305,0.9084,0.1467,-0.0153,-0.0931,0.9955,28.41,0
12.2555,CoreSystemMain,0.500,0,-0.0921,0.5138,0.1756,315.60,324.67,31.89,0.1067,0.5692,0.2422,281.19,4.46,350.26,0.0304,0.9083,0.1467,5.34,359.08,0.49,0.0791,0.3446,0.9381,0.00,0.01,0.00,0.0304,0.9083,0.1467,-0.0160,-0.0931,0.9955,30.35,0
12.2706,CoreSystemMain,0.500,0,-0.0923,0.5139,0.1756,315.61,324.56,31.99,0.1079,0.5631,0.2402,282.50,3.56,351.01,0.0302,0.9082,0.1468,5.35,359.02,0.51,0.0786,0.3025,0.9356,0.00,0.01,0.00,0.0302,0.9082,0.1468,-0.0170,-0.0933,0.9955,32.38,0
12.2782,CoreSystemMain,0.500,0,-0.0925,0.5140,0.1756,315.62,324.49,32.04,0.1084,0.5598,0.2392,283.24,3.17,351.38,0.0301,0.9082,0.1470,5.36,358.99,0.52,0.0786,0.3025,0.9356,0.00,0.01,0.00,0.0301,0.9082,0.1470,-0.0175,-0.0933,0.9955,32.38,0
12.2891,CoreSystemMain,0.500,0,-0.0927,0.5141,0.1756,315.61,324.35,32.12,0.1093,0.5541,0.2374,284.45,2.56,352.10,0.0299,0.9081,0.1470,5.38,358.95,0.52,0.0782,0.2564,0.9331,0.00,0.01,0.00,0.0299,0.9081,0.1470,-0.0182,-0.0937,0.9954,34.47,0
12.3003,CoreSystemMain,0.500,0,-0.0930,0.5141,0.1756,315.59,324.25,32.16,0.1101,0.5477,0.2353,285.93,1.04,353.82,0.0298,0.9080,0.1471,5.40,358.92,0.51,0.0782,0.2564,0.9331,0.00,0.01,0.00,0.0298,0.9080,0.1471,-0.0188,-0.0941,0.9954,34.45,0
12.3117,CoreSystemMain,0.500,0,-0.0933,0.5141,0.1756,315.59,324.16,32.18,0.1108,0.5418,0.2336,287.32,359.52,355.44,0.0296,0.9079,0.1473,5.43,358.89,0.51,0.0777,0.2065,0.9307,0.00,0.01,0.00,0.0296,0.9079,0.1473,-0.0193,-0.0947,0.9953,36.59,0
12.3226,CoreSystemMain,0.500,0,-0.0936,0.5141,0.1755,315.57,324.16,32.10,0.1115,0.5343,0.2310,289.36,356.98,358.26,0.0294,0.9078,0.1473,5.47,358.86,0.49,0.0777,0.2065,0.9307,0.00,0.01,0.00,0.0294,0.9078,0.1473,-0.0198,-0.0954,0.9952,36.55,0
12.3337,CoreSystemMain,0.500,0,-0.0937,0.5140,0.1755,315.55,324.13,32.10,0.1122,0.5275,0.2287,291.39,355.47,359.95,0.0293,0.9077,0.1474,5.51,358.83,0.50,0.0772,0.1526,0.9282,0.00,0.01,0.00,0.0293,0.9077,0.1474,-0.0203,-0.0960,0.9952,38.70,0
12.3447,CoreSystemMain,0.500,0,-0.0939,0.5139,0.1754,315.56,324.12,32.11,0.1130,0.5208,0.2265,293.56,354.58,0.93,0.0291,0.9076,0.1476,5.55,358.80,0.53,0.0772,0.1526,0.9282,0.00,0.01,0.00,0.0291,0.9076,0.1476,-0.0209,-0.0968,0.9951,38.66,0
12.3559,CoreSystemMain,0.500,0,-0.0941,0.5138,0.1753,315.58,324.10,32.13,0.1139,0.5135,0.2240,296.07,354.42,1.20,0.0289,0.9074,0.1476,5.59,358.77,0.58,0.0767,0.0947,0.9257,0.00,0.01,0.00,0.0289,0.9074,0.1476,-0.0214,-0.0974,0.9950,40.81,0
12.3669,CoreSystemMain,0.500,0,-0.0943,0.5136,0.1752,315.60,324.07,32.13,0.1149,0.5067,0.2216,298.45,354.70,1.12,0.0288,0.9073,0.1477,5.63,358.75,0.63,0.0767,0.0947,0.9257,0.00,0.01,0.00,0.0288,0.9073,0.1477,-0.0217,-0.0980,0.9949,40.78,0
12.3779,CoreSystemMain,0.500,0,-0.0944,0.5134,0.1750,315.62,324.06,32.03,0.1159,0.4997,0.2189,301.15,355.52,0.55,0.0287,0.9072,0.1478,5.65,358.74,0.67,0.0766,0.0790,0.9247,359.47,0.00,0.04,0.0287,0.9072,0.1478,-0.0219,-0.0984,0.9949,41.33,0
12.3892,CoreSystemMain,0.500,0,-0.0945,0.5131,0.1749,315.64,324.03,31.95,0.1171,0.4941,0.2169,303.65,356.29,359.81,0.0286,0.9070,0.1478,5.68,358.73,0.71,0.0766,0.0759,0.9249,359.55,0.00,0.03,0.0286,0.9070,0.1478,-0.0220,-0.0989,0.9949,41.40,0
12.4004,CoreSystemMain,0.500,0,-0.0946,0.5128,0.1749,315.71,324.06,31.85,0.1189,0.4855,0.2136,307.04,357.45,358.46,0.0285,0.9069,0.1479,5.74,358.74,0.74,0.0766,0.0759,0.9249,359.55,0.00,0.03,0.0285,0.9069,0.1479,-0.0218,-0.0999,0.9948,41.34,0
12.4113,CoreSystemMain,0.500,0,-0.0946,0.5125,0.1748,315.79,324.12,31.84,0.1208,0.4779,0.2101,309.94,357.69,357.80,0.0285,0.9067,0.1479,5.76,358.76,0.76,0.0767,0.0752,0.9254,359.83,0.00,0.00,0.0285,0.9067,0.1479,-0.0215,-0.1004,0.9947,41.31,0
12.4225,CoreSystemMain,0.500,0,-0.0946,0.5122,0.1748,315.87,324.15,31.86,0.1219,0.4728,0.2079,311.89,357.40,357.82,0.0284,0.9065,0.1479,5.79,358.76,0.79,0.0767,0.0752,0.9254,359.83,0.00,0.00,0.0284,0.9065,0.1479,-0.0216,-0.1009,0.9947,41.28,0
12.4337,CoreSystemMain,0.500,0,-0.0946,0.5119,0.1747,315.95,324.19,31.91,0.1235,0.4653,0.2047,314.57,357.04,357.93,0.0284,0.9064,0.1480,5.79,358.77,0.81,0.0768,0.0750,0.9258,0.03,0.01,0.00,0.0284,0.9064,0.1480,-0.0214,-0.1009,0.9947,41.27,0
12.4446,CoreSystemMain,0.500,0,-0.0945,0.5116,0.1747,316.01,324.25,31.90,0.1251,0.4584,0.2015,316.78,356.86,358.23,0.0284,0.9063,0.1481,5.82,358.76,0.82,0.0768,0.0750,0.9258,0.03,0.01,0.00,0.0284,0.9063,0.1481,-0.0215,-0.1015,0.9946,41.23,0
12.4558,CoreSystemMain,0.500,0,-0.0943,0.5113,0.1747,316.01,324.36,31.75,0.1269,0.4522,0.1978,318.87,356.94,358.55,0.0284,0.9062,0.1481,5.85,358.76,0.82,0.0768,0.0750,0.9259,0.09,0.01,0.00,0.0284,0.9062,0.1481,-0.0215,-0.1019,0.9946,41.20,0
12.4671,CoreSystemMain,0.500,0,-0.0941,0.5111,0.1746,315.99,324.46,31.66,0.1285,0.4475,0.1950,320.83,357.17,358.72,0.0285,0.9061,0.1481,5.88,358.79,0.83,0.0768,0.0750,0.9259,0.09,0.01,0.00,0.0285,0.9061,0.1481,-0.0211,-0.1025,0.9945,41.17,0
12.4779,CoreSystemMain,0.500,0,-0.0939,0.5110,0.1746,315.99,324.57,31.56,0.1303,0.4420,0.1918,323.13,357.48,358.73,0.0285,0.9060,0.1481,5.91,358.80,0.82,0.0768,0.0750,0.9258,0.06,0.01,0.00,0.0285,0.9060,0.1481,-0.0208,-0.1030,0.9945,41.13,0
12.4892,CoreSystemMain,0.500,0,-0.0936,0.5109,0.1745,316.00,324.69,31.49,0.1320,0.4374,0.1891,324.96,357.70,358.50,0.0286,0.9059,0.1481,5.92,358.82,0.82,0.0767,0.0750,0.9257,0.02,0.01,0.00,0.0286,0.9059,0.1481,-0.0204,-0.1032,0.9945,41.12,0
12.5003,CoreSystemMain,0.500,0,-0.0935,0.5108,0.1745,316.05,324.74,31.49,0.1336,0.4332,0.1866,326.45,357.87,358.23,0.0287,0.9059,0.1481,5.95,358.84,0.81,0.0767,0.0750,0.9257,0.02,0.01,0.00,0.0287,0.9059,0.1481,-0.0202,-0.1037,0.9944,41.09,0
12.5114,CoreSystemMain,0.500,0,-0.0931,0.5107,0.1746,316.08,324.77,31.49,0.1352,0.4300,0.1838,327.30,358.01,357.91,0.0287,0.9058,0.1481,5.96,358.85,0.82,0.0767,0.0750,0.9257,0.00,0.01,0.00,0.0287,0.9058,0.1481,-0.0199,-0.1038,0.9944,41.08,0
12.5224,CoreSystemMain,0.500,0,-0.0928,0.5107,0.1745,316.12,324.76,31.58,0.1365,0.4268,0.1815,328.19,357.82,357.82,0.0289,0.9057,0.1480,5.98,358.86,0.83,0.0767,0.0750,0.9257,0.00,0.01,0.00,0.0289,0.9057,0.1480,-0.0197,-0.1042,0.9944,41.05,0
12.5336,CoreSystemMain,0.500,0,-0.0925,0.5108,0.1745,316.15,324.71,31.76,0.1374,0.4248,0.1790,327.90,357.22,358.41,0.0290,0.9057,0.1480,5.99,358.89,0.86,0.0767,0.0750,0.9257,359.99,0.01,0.00,0.0290,0.9057,0.1480,-0.0193,-0.1044,0.9943,41.04,0
12.5447,CoreSystemMain,0.500,0,-0.0923,0.5108,0.1745,316.17,324.74,31.77,0.1385,0.4212,0.1769,328.90,357.13,358.72,0.0292,0.9057,0.1480,6.00,358.90,0.88,0.0767,0.0750,0.9257,359.99,0.01,0.00,0.0292,0.9057,0.1480,-0.0191,-0.1046,0.9943,41.02,0
12.5560,CoreSystemMain,0.500,0,-0.0919,0.5109,0.1745,316.17,324.76,31.81,0.1388,0.4208,0.1751,327.82,356.87,0.02,0.0294,0.9057,0.1479,6.00,358.93,0.89,0.0768,0.0750,0.9257,359.99,0.01,0.00,0.0294,0.9057,0.1479,-0.0186,-0.1046,0.9943,41.01,0
12.5669,CoreSystemMain,0.500,0,-0.0916,0.5109,0.1746,316.17,324.79,31.80,0.1398,0.4178,0.1732,328.46,356.82,0.51,0.0295,0.9056,0.1478,6.01,358.98,0.87,0.0768,0.0750,0.9257,359.99,0.01,0.00,0.0295,0.9056,0.1478,-0.0176,-0.1048,0.9943,40.99,0
12.5785,CoreSystemMain,0.500,0,-0.0912,0.5112,0.1746,316.12,324.96,31.76,0.1399,0.4181,0.1720,327.74,356.76,1.63,0.0297,0.9056,0.1478,6.02,359.01,0.85,0.0768,0.0750,0.9257,0.00,0.01,0.00,0.0297,0.9056,0.1478,-0.0171,-0.1049,0.9943,40.98,0
12.5895,CoreSystemMain,0.500,0,-0.0908,0.5113,0.1747,316.09,325.06,31.71,0.1404,0.4171,0.1709,327.57,356.44,2.33,0.0298,0.9057,0.1477,6.03,359.05,0.83,0.0767,0.0750,0.9257,0.00,0.01,0.00,0.0298,0.9057,0.1477,-0.0166,-0.1050,0.9943,40.97,0
12.6003,CoreSystemMain,0.500,0,-0.0905,0.5115,0.1748,316.09,325.13,31.71,0.1403,0.4172,0.1703,326.90,355.83,2.96,0.0300,0.9057,0.1476,6.02,359.08,0.81,0.0767,0.0750,0.9257,0.00,0.01,0.00,0.0300,0.9057,0.1476,-0.0160,-0.1048,0.9944,40.98,0
12.6114,CoreSystemMain,0.500,0,-0.0902,0.5117,0.1749,316.05,325.15,31.80,0.1401,0.4176,0.1699,326.49,355.39,3.02,0.0301,0.9058,0.1476,6.00,359.08,0.78,0.0767,0.0750,0.9257,0.00,0.01,0.00,0.0301,0.9058,0.1476,-0.0159,-0.1046,0.9944,40.99,0
12.6226,CoreSystemMain,0.500,0,-0.0900,0.5118,0.1750,316.04,325.19,31.84,0.1402,0.4169,0.1692,326.53,355.20,2.96,0.0303,0.9058,0.1475,5.95,359.11,0.76,0.0767,0.0750,0.9257,0.00,0.01,0.00,0.0303,0.9058,0.1475,-0.0155,-0.1037,0.9945,41.04,0
12.6337,CoreSystemMain,0.500,0,-0.0898,0.5121,0.1750,315.97,325.17,31.88,0.1393,0.4181,0.1698,326.25,355.30,2.25,0.0304,0.9059,0.1474,5.95,359.11,0.75,0.0767,0.0750,0.9257,0.00,0.01,0.00,0.0304,0.9059,0.1474,-0.0155,-0.1037,0.9945,41.04,0
12.6448,CoreSystemMain,0.500,0,-0.0897,0.5124,0.1750,315.87,325.08,31.94,0.1380,0.4204,0.1712,326.28,355.99,1.46,0.0305,0.9060,0.1474,5.91,359.10,0.75,0.0767,0.0750,0.9257,0.00,0.01,0.00,0.0305,0.9060,0.1474,-0.0156,-0.1031,0.9946,41.08,0
12.6558,CoreSystemMain,0.500,0,-0.0895,0.5125,0.1751,315.84,325.08,31.98,0.1381,0.4196,0.1705,326.48,355.96,1.51,0.0307,0.9061,0.1473,5.88,359.10,0.76,0.0767,0.0750,0.9257,0.00,0.01,0.00,0.0307,0.9061,0.1473,-0.0156,-0.1025,0.9946,41.11,0
12.6670,CoreSystemMain,0.500,0,-0.0894,0.5129,0.1751,315.78,324.98,32.04,0.1369,0.4212,0.1718,326.49,356.88,0.66,0.0308,0.9061,0.1472,5.88,359.10,0.76,0.0767,0.0750,0.9257,0.00,0.01,0.00,0.0308,0.9061,0.1472,-0.0156,-0.1024,0.9946,41.11,0
12.6780,CoreSystemMain,0.500,0,-0.0893,0.5131,0.1752,315.72,324.93,32.10,0.1361,0.4220,0.1726,326.37,357.14,0.51,0.0309,0.9062,0.1471,5.87,359.09,0.77,0.0767,0.0750,0.9257,0.00,0.01,0.00,0.0309,0.9062,0.1471,-0.0158,-0.1023,0.9946,41.12,0
12.6894,CoreSystemMain,0.500,0,-0.0893,0.5133,0.1753,315.69,324.88,32.09,0.1340,0.4251,0.1757,325.80,357.46,359.80,0.0311,0.9063,0.1470,5.88,359.09,0.76,0.0767,0.0750,0.9257,0.00,0.01,0.00,0.0311,0.9063,0.1470,-0.0158,-0.1024,0.9946,41.11,0
12.7004,CoreSystemMain,0.500,0,-0.0892,0.5135,0.1754,315.67,324.85,32.13,0.1330,0.4263,0.1771,325.48,357.47,359.60,0.0313,0.9063,0.1469,5.87,359.09,0.74,0.0767,0.0750,0.9257,0.00,0.01,0.00,0.0313,0.9063,0.1469,-0.0157,-0.1023,0.9946,41.11,0
12.7115,CoreSystemMain,0.500,0,-0.0892,0.5136,0.1755,315.67,324.82,32.14,0.1318,0.4289,0.1797,324.74,357.49,359.23,0.0315,0.9064,0.1467,5.87,359.11,0.72,0.0767,0.0750,0.9257,0.00,0.01,0.00,0.0315,0.9064,0.1467,-0.0155,-0.1022,0.9946,41.11,0
12.7226,CoreSystemMain,0.500,0,-0.0892,0.5138,0.1756,315.70,324.78,32.20,0.1305,0.4313,0.1821,323.81,357.31,359.03,0.0316,0.9064,0.1466,5.84,359.12,0.70,0.0767,0.0750,0.9257,0.00,0.01,0.00,0.0316,0.9064,0.1466,-0.0153,-0.1018,0.9947,41.13,0
12.7336,CoreSystemMain,0.500,0,-0.0891,0.5139,0.1757,315.68,324.75,32.24,0.1293,0.4329,0.1837,323.28,357.47,358.55,0.0318,0.9065,0.1465,5.82,359.13,0.67,0.0767,0.0750,0.9257,0.00,0.01,0.00,0.0318,0.9065,0.1465,-0.0151,-0.1014,0.9947,41.15,0
12.7447,CoreSystemMain,0.500,0,-0.0890,0.5140,0.1758,315.69,324.73,32.24,0.1275,0.4360,0.1865,322.26,357.69,358.31,0.0320,0.9067,0.1463,5.79,359.15,0.62,0.0767,0.0750,0.9257,0.00,0.01,0.00,0.0320,0.9067,0.1463,-0.0148,-0.1009,0.9948,41.18,0
12.7557,CoreSystemMain,0.500,0,-0.0890,0.5142,0.1759,315.68,324.71,32.30,0.1262,0.4382,0.1885,321.57,357.84,358.16,0.0322,0.9068,0.1462,5.76,359.15,0.59,0.0767,0.0750,0.9257,0.00,0.01,0.00,0.0322,0.9068,0.1462,-0.0148,-0.1004,0.9948,41.20,0
12.7672,CoreSystemMain,0.500,0,-0.0890,0.5144,0.1759,315.64,324.82,32.28,0.1245,0.4427,0.1921,320.40,358.72,356.46,0.0323,0.9070,0.1461,5.71,359.16,0.55,0.0767,0.0750,0.9257,0.00,0.01,0.00,0.0323,0.9070,0.1461,-0.0146,-0.0995,0.9949,41.26,0
12.7781,CoreSystemMain,0.500,0,-0.0891,0.5144,0.1759,315.62,324.84,32.29,0.1235,0.4446,0.1939,319.96,359.12,355.80,0.0325,0.9071,0.1460,5.66,359.18,0.52,0.0767,0.0750,0.9257,0.00,0.01,0.00,0.0325,0.9071,0.1460,-0.0143,-0.0986,0.9950,41.31,0
12.7894,CoreSystemMain,0.500,0,-0.0891,0.5147,0.1758,315.51,324.95,32.15,0.1210,0.4493,0.1982,318.95,359.43,355.21,0.0327,0.9073,0.1458,5.62,359.17,0.49,0.0767,0.0750,0.9257,0.00,0.01,0.00,0.0327,0.9073,0.1458,-0.0144,-0.0979,0.9951,41.34,0
12.8002,CoreSystemMain,0.500,0,-0.0892,0.5148,0.1758,315.42,324.96,32.06,0.1192,0.4530,0.2015,318.09,359.07,355.02,0.0328,0.9074,0.1458,5.57,359.17,0.45,0.0767,0.0750,0.9257,0.00,0.01,0.00,0.0328,0.9074,0.1458,-0.0145,-0.0970,0.9952,41.40,0
12.8114,CoreSystemMain,0.500,0,-0.0893,0.5150,0.1758,315.36,324.95,32.03,0.1173,0.4570,0.2052,316.97,358.64,355.34,0.0330,0.9076,0.1457,5.51,359.17,0.40,0.0767,0.0750,0.9257,0.00,0.01,0.00,0.0330,0.9076,0.1457,-0.0144,-0.0961,0.9953,41.46,0
12.8226,CoreSystemMain,0.500,0,-0.0894,0.5152,0.1757,315.34,324.94,32.03,0.1155,0.4617,0.2089,315.38,358.17,355.92,0.0331,0.9077,0.1456,5.45,359.16,0.37,0.0767,0.0750,0.9257,0.00,0.01,0.00,0.0331,0.9077,0.1456,-0.0146,-0.0950,0.9954,41.52,0
12.8335,CoreSystemMain,0.500,0,-0.0895,0.5154,0.1756,315.34,324.91,32.09,0.1139,0.4667,0.2128,313.51,358.22,356.08,0.0333,0.9079,0.1455,5.40,359.15,0.33,0.0767,0.0750,0.9257,0.00,0.01,0.00,0.0333,0.9079,0.1455,-0.0148,-0.0941,0.9954,41.57,0
12.8447,CoreSystemMain,0.500,0,-0.0896,0.5158,0.1756,315.33,324.90,32.12,0.1123,0.4715,0.2162,311.80,358.47,356.24,0.0334,0.9080,0.1455,5.38,359.14,0.30,0.0767,0.0750,0.9257,0.00,0.01,0.00,0.0334,0.9080,0.1455,-0.0149,-0.0938,0.9955,41.60,0
12.8558,CoreSystemMain,0.500,0,-0.0898,0.5159,0.1756,315.30,324.93,32.09,0.1106,0.4775,0.2203,309.39,358.98,356.59,0.0336,0.9081,0.1455,5.32,359.13,0.28,0.0767,0.0750,0.9257,0.00,0.01,0.00,0.0336,0.9081,0.1455,-0.0151,-0.0927,0.9956,41.66,0
12.8669,CoreSystemMain,0.500,0,-0.0899,0.5159,0.1755,315.31,324.91,32.08,0.1089,0.4848,0.2246,306.34,359.48,356.69,0.0337,0.9082,0.1454,5.30,359.13,0.26,0.0767,0.0750,0.9257,0.00,0.01,0.00,0.0337,0.9082,0.1454,-0.0150,-0.0923,0.9956,41.68,0
12.8779,CoreSystemMain,0.500,0,-0.0901,0.5159,0.1755,315.31,325.00,31.97,0.1072,0.4922,0.2285,303.16,359.55,356.66,0.0339,0.9083,0.1454,5.28,359.14,0.20,0.0767,0.0750,0.9257,0.00,0.01,0.00,0.0339,0.9083,0.1454,-0.0150,-0.0919,0.9957,41.71,0
12.8890,CoreSystemMain,0.500,0,-0.0903,0.5159,0.1756,315.29,325.06,31.90,0.1054,0.5006,0.2321,299.57,358.85,357.17,0.0340,0.9084,0.1454,5.27,359.15,0.15,0.0767,0.0750,0.9257,0.00,0.01,0.00,0.0340,0.9084,0.1454,-0.0147,-0.0918,0.9957,41.71,0
12.9000,CoreSystemMain,0.500,0,-0.0904,0.5158,0.1756,315.26,325.13,31.82,0.1037,0.5087,0.2354,296.41,358.08,357.68,0.0342,0.9084,0.1453,5.26,359.16,0.11,0.0767,0.0750,0.9257,0.00,0.01,0.00,0.0342,0.9084,0.1453,-0.0146,-0.0917,0.9957,41.72,0
12.9111,CoreSystemMain,0.500,0,-0.0905,0.5158,0.1756,315.25,325.23,31.70,0.1024,0.5166,0.2373,293.56,357.03,358.50,0.0343,0.9085,0.1454,5.23,359.16,0.08,0.0767,0.0750,0.9257,0.00,0.01,0.00,0.0343,0.9085,0.1454,-0.0145,-0.0911,0.9957,41.76,0
12.9223,CoreSystemMain,0.500,0,-0.0906,0.5158,0.1757,315.24,325.28,31.59,0.1008,0.5247,0.2403,291.10,356.75,358.69,0.0345,0.9086,0.1454,5.20,359.17,0.05,0.0767,0.0750,0.9257,0.00,0.01,0.00,0.0345,0.9086,0.1454,-0.0144,-0.0906,0.9958,41.79,0
12.9334,CoreSystemMain,0.500,0,-0.0909,0.5157,0.1758,315.22,325.31,31.47,0.0994,0.5327,0.2425,289.28,357.52,357.84,0.0346,0.9087,0.1455,5.18,359.17,0.03,0.0767,0.0750,0.9257,0.00,0.01,0.00,0.0346,0.9087,0.1455,-0.0143,-0.0903,0.9958,41.81,0
12.9446,CoreSystemMain,0.500,0,-0.0911,0.5156,0.1758,315.22,325.28,31.46,0.0982,0.5398,0.2443,287.99,359.89,355.56,0.0347,0.9088,0.1456,5.16,359.18,0.01,0.0767,0.0750,0.9257,0.00,0.01,0.00,0.0347,0.9088,0.1456,-0.0143,-0.0899,0.9958,41.84,0
12.9555,CoreSystemMain,0.500,0,-0.0912,0.5156,0.1759,315.21,325.23,31.47,0.0969,0.5471,0.2464,286.69,3.14,352.12,0.0349,0.9089,0.1456,5.16,359.18,0.00,0.0767,0.0750,0.9257,0.00,0.01,0.00,0.0349,0.9089,0.1456,-0.0143,-0.0899,0.9959,41.85,0
12.9667,CoreSystemMain,0.500,0,-0.0914,0.5155,0.1759,315.21,325.18,31.49,0.0958,0.5539,0.2480,285.67,6.86,348.12,0.0350,0.9089,0.1457,5.17,359.19,0.00,0.0767,0.0750,0.9257,0.00,0.01,0.00,0.0350,0.9089,0.1457,-0.0140,-0.0900,0.9958,41.84,0
12.9778,CoreSystemMain,0.500,0,-0.0915,0.5155,0.1760,315.23,325.19,31.49,0.0945,0.5608,0.2505,284.15,9.65,345.20,0.0351,0.9089,0.1457,5.17,359.23,0.00,0.0767,0.0750,0.9257,0.00,0.01,0.00,0.0351,0.9089,0.1457,-0.0134,-0.0902,0.9958,41.83,0
12.9889,CoreSystemMain,0.500,0,-0.0914,0.5154,0.1762,315.33,325.17,31.49,0.0942,0.5668,0.2509,283.20,13.25,341.33,0.0353,0.9090,0.1457,5.21,359.27,359.99,0.0767,0.0750,0.9257,0.00,0.01,0.00,0.0353,0.9090,0.1457,-0.0127,-0.0907,0.9958,41.80,0
13.0001,CoreSystemMain,0.500,0,-0.0914,0.5154,0.1763,315.38,325.18,31.50,0.0934,0.5728,0.2521,281.78,16.77,337.58,0.0354,0.9090,0.1458,5.22,359.31,359.97,0.0767,0.0750,0.9257,0.00,0.01,0.00,0.0354,0.9090,0.1458,-0.0120,-0.0910,0.9958,41.78,0
13.0111,CoreSystemMain,0.500,0,-0.0914,0.5154,0.1763,315.42,325.17,31.54,0.0927,0.5789,0.2529,280.15,19.80,334.08,0.0355,0.9090,0.1458,5.25,359.38,359.94,0.0767,0.0750,0.9257,0.00,0.01,0.00,0.0355,0.9090,0.1458,-0.0108,-0.0916,0.9957,41.75,0
13.0224,CoreSystemMain,0.500,0,-0.0914,0.5155,0.1764,315.41,325.13,31.60,0.0921,0.5840,0.2533,278.58,22.38,331.28,0.0355,0.9090,0.1459,5.25,359.40,359.92,0.0767,0.0750,0.9257,0.00,0.01,0.00,0.0355,0.9090,0.1459,-0.0105,-0.0914,0.9958,41.76,0
13.0335,CoreSystemMain,0.500,0,-0.0914,0.5156,0.1763,315.36,325.07,31.65,0.0918,0.5894,0.2537,277.01,26.49,327.13,0.0356,0.9091,0.1459,5.23,359.44,359.90,0.0767,0.0750,0.9257,0.00,0.01,0.00,0.0356,0.9091,0.1459,-0.0097,-0.0912,0.9958,41.77,0
13.0445,CoreSystemMain,0.500,0,-0.0914,0.5158,0.1763,315.32,325.01,31.68,0.0921,0.5931,0.2533,276.14,31.61,322.42,0.0356,0.9092,0.1461,5.21,359.46,359.87,0.0767,0.0750,0.9257,0.00,0.01,0.00,0.0356,0.9092,0.1461,-0.0094,-0.0907,0.9958,41.80,0
13.0555,CoreSystemMain,0.500,0,-0.0914,0.5159,0.1763,315.31,324.97,31.69,0.0920,0.5979,0.2536,275.50,41.03,313.32,0.0355,0.9093,0.1462,5.17,359.48,359.84,0.0767,0.0750,0.9257,0.00,0.01,0.00,0.0355,0.9093,0.1462,-0.0090,-0.0901,0.9959,41.85,0
13.0667,CoreSystemMain,0.500,0,-0.0914,0.5161,0.1762,315.32,324.87,31.75,0.0920,0.6012,0.2536,275.46,48.48,306.16,0.0355,0.9093,0.1463,5.16,359.47,359.80,0.0767,0.0750,0.9257,0.00,0.01,0.00,0.0355,0.9093,0.1463,-0.0092,-0.0900,0.9959,41.86,0
13.0777,CoreSystemMain,0.500,0,-0.0915,0.5163,0.1761,315.31,324.77,31.85,0.0919,0.6051,0.2536,275.54,55.95,298.89,0.0354,0.9093,0.1464,5.14,359.49,359.77,0.0767,0.0750,0.9257,0.00,0.01,0.00,0.0354,0.9093,0.1464,-0.0089,-0.0896,0.9959,41.88,0
13.0890,CoreSystemMain,0.500,0,-0.0916,0.5164,0.1759,315.29,324.66,32.00,0.0920,0.6077,0.2532,275.85,58.68,296.20,0.0353,0.9094,0.1465,5.15,359.49,359.74,0.0767,0.0750,0.9257,0.00,0.01,0.00,0.0353,0.9094,0.1465,-0.0089,-0.0897,0.9959,41.88,0
13.1000,CoreSystemMain,0.500,0,-0.0917,0.5165,0.1757,315.27,324.56,32.08,0.0922,0.6096,0.2527,276.23,58.80,295.90,0.0352,0.9093,0.1466,5.17,359.48,359.72,0.0767,0.0750,0.9257,0.00,0.01,0.00,0.0352,0.9093,0.1466,-0.0090,-0.0901,0.9959,41.86,0
13.1111,CoreSystemMain,0.500,0,-0.0918,0.5165,0.1756,315.27,324.48,32.12,0.0920,0.6112,0.2523,276.45,59.56,294.84,0.0350,0.9093,0.1467,5.22,359.49,359.72,0.0767,0.0750,0.9257,0.00,0.01,0.00,0.0350,0.9093,0.1467,-0.0089,-0.0909,0.9958,41.82,0
13.1222,CoreSystemMain,0.500,0,-0.0919,0.5166,0.1755,315.31,324.35,32.17,0.0922,0.6121,0.2516,276.74,58.93,295.15,0.0348,0.9091,0.1468,5.26,359.47,359.74,0.0767,0.0750,0.9257,0.00,0.01,0.00,0.0348,0.9091,0.1468,-0.0092,-0.0917,0.9957,41.77,0
13.1333,CoreSystemMain,0.500,0,-0.0920,0.5165,0.1754,315.34,324.24,32.23,0.0924,0.6126,0.2509,276.90,58.84,294.98,0.0347,0.9091,0.1469,5.31,359.48,359.76,0.0767,0.0750,0.9257,0.00,0.01,0.00,0.0347,0.9091,0.1469,-0.0090,-0.0925,0.9957,41.73,0
13.1444,CoreSystemMain,0.500,0,-0.0921,0.5163,0.1753,315.41,324.13,32.30,0.0927,0.6126,0.2503,277.04,57.70,296.14,0.0344,0.9090,0.1470,5.32,359.49,359.79,0.0767,0.0750,0.9257,0.00,0.01,0.00,0.0344,0.9090,0.1470,-0.0089,-0.0928,0.9956,41.71,0
13.1562,CoreSystemMain,0.500,0,-0.0923,0.5160,0.1751,315.49,324.14,32.33,0.0930,0.6125,0.2497,277.13,56.24,297.77,0.0342,0.9089,0.1471,5.36,359.49,359.83,0.0767,0.0750,0.9257,0.00,0.01,0.00,0.0342,0.9089,0.1471,-0.0089,-0.0934,0.9956,41.68,0
13.1668,CoreSystemMain,0.500,0,-0.0923,0.5157,0.1750,315.56,324.14,32.34,0.0936,0.6113,0.2490,277.29,54.62,299.64,0.0339,0.9088,0.1472,5.37,359.49,359.90,0.0767,0.0750,0.9257,0.00,0.01,0.00,0.0339,0.9088,0.1472,-0.0089,-0.0936,0.9956,41.67,0
13.1780,CoreSystemMain,0.500,0,-0.0926,0.5154,0.1752,315.63,324.18,32.29,0.0941,0.6102,0.2483,277.44,54.25,300.23,0.0336,0.9087,0.1473,5.39,359.48,359.97,0.0767,0.0750,0.9257,0.00,0.01,0.00,0.0336,0.9087,0.1473,-0.0091,-0.0939,0.9955,41.65,0
13.1890,CoreSystemMain,0.500,0,-0.0927,0.5150,0.1751,315.70,324.15,32.26,0.0949,0.6071,0.2478,277.61,51.94,302.68,0.0333,0.9086,0.1473,5.41,359.47,0.03,0.0767,0.0750,0.9257,0.00,0.01,0.00,0.0333,0.9086,0.1473,-0.0092,-0.0943,0.9955,41.63,0
13.2000,CoreSystemMain,0.500,0,-0.0928,0.5146,0.1750,315.76,324.06,32.30,0.0954,0.6048,0.2471,277.69,49.45,305.28,0.0330,0.9085,0.1474,5.44,359.45,0.09,0.0767,0.0750,0.9257,0.00,0.01,0.00,0.0330,0.9085,0.1474,-0.0096,-0.0948,0.9955,41.60,0
13.2113,CoreSystemMain,0.500,0,-0.0929,0.5141,0.1749,315.83,323.97,32.38,0.0960,0.6006,0.2463,277.98,43.94,310.82,0.0327,0.9084,0.1475,5.48,359.45,0.13,0.0767,0.0750,0.9257,0.00,0.01,0.00,0.0327,0.9084,0.1475,-0.0096,-0.0954,0.9954,41.57,0
13.2223,CoreSystemMain,0.500,0,-0.0930,0.5137,0.1747,315.91,323.96,32.38,0.0964,0.5979,0.2457,278.28,40.05,314.93,0.0323,0.9083,0.1475,5.51,359.44,0.18,0.0767,0.0750,0.9257,0.00,0.01,0.00,0.0323,0.9083,0.1475,-0.0098,-0.0960,0.9953,41.54,0
13.2334,CoreSystemMain,0.500,0,-0.0930,0.5133,0.1747,316.04,323.97,32.37,0.0969,0.5938,0.2449,278.93,34.23,321.02,0.0320,0.9082,0.1476,5.53,359.44,0.23,0.0767,0.0750,0.9257,0.00,0.01,0.00,0.0320,0.9082,0.1476,-0.0098,-0.0963,0.9953,41.52,0
13.2445,CoreSystemMain,0.500,0,-0.0930,0.5127,0.1745,316.16,324.04,32.33,0.0976,0.5888,0.2440,279.80,28.62,326.87,0.0316,0.9082,0.1477,5.55,359.42,0.26,0.0767,0.0750,0.9257,0.00,0.01,0.00,0.0316,0.9082,0.1477,-0.0101,-0.0967,0.9953,41.50,0
13.2556,CoreSystemMain,0.500,0,-0.0931,0.5123,0.1744,316.27,324.03,32.32,0.0983,0.5828,0.2431,280.78,23.85,331.74,0.0312,0.9081,0.1477,5.56,359.41,0.30,0.0767,0.0750,0.9257,0.00,0.01,0.00,0.0312,0.9081,0.1477,-0.0103,-0.0969,0.9952,41.49,0
13.2667,CoreSystemMain,0.500,0,-0.0931,0.5118,0.1743,316.32,324.03,32.33,0.0990,0.5769,0.2420,281.59,19.08,336.60,0.0308,0.9081,0.1478,5.58,359.39,0.34,0.0767,0.0750,0.9257,0.00,0.01,0.00,0.0308,0.9081,0.1478,-0.0106,-0.0972,0.9952,41.47,0
13.2780,CoreSystemMain,0.500,0,-0.0931,0.5114,0.1742,316.38,324.07,32.31,0.0995,0.5714,0.2409,282.37,14.70,340.94,0.0303,0.9080,0.1478,5.59,359.36,0.41,0.0767,0.0750,0.9257,0.00,0.01,0.00,0.0303,0.9080,0.1478,-0.0111,-0.0974,0.9952,41.47,0
13.2889,CoreSystemMain,0.500,0,-0.0931,0.5111,0.1741,316.41,324.15,32.22,0.1002,0.5649,0.2395,283.32,9.26,346.36,0.0300,0.9080,0.1479,5.59,359.33,0.47,0.0767,0.0750,0.9257,0.00,0.01,0.00,0.0300,0.9080,0.1479,-0.0116,-0.0973,0.9952,41.47,0
13.2999,CoreSystemMain,0.500,0,-0.0932,0.5107,0.1741,316.45,324.24,32.16,0.1008,0.5581,0.2380,284.45,4.92,350.80,0.0297,0.9080,0.1479,5.58,359.32,0.52,0.0767,0.0750,0.9257,0.00,0.01,0.00,0.0297,0.9080,0.1479,-0.0119,-0.0972,0.9952,41.48,0
13.3112,CoreSystemMain,0.500,0,-0.0932,0.5104,0.1740,316.49,324.29,32.09,0.1016,0.5511,0.2363,285.80,1.99,354.11,0.0293,0.9079,0.1479,5.58,359.28,0.57,0.0767,0.0750,0.9257,0.00,0.01,0.00,0.0293,0.9079,0.1479,-0.0125,-0.0972,0.9952,41.49,0
13.3223,CoreSystemMain,0.500,0,-0.0934,0.5103,0.1740,316.56,324.37,32.05,0.1035,0.5413,0.2343,288.07,0.59,355.44,0.0289,0.9078,0.1479,5.57,359.26,0.61,0.0767,0.0750,0.9257,0.00,0.01,0.00,0.0289,0.9078,0.1479,-0.0129,-0.0971,0.9952,41.49,0
13.3335,CoreSystemMain,0.500,0,-0.0934,0.5100,0.1739,316.62,324.39,32.03,0.1042,0.5369,0.2334,289.04,359.37,356.74,0.0288,0.9078,0.1479,5.57,359.25,0.62,0.0767,0.0750,0.9257,0.00,0.01,0.00,0.0288,0.9078,0.1479,-0.0130,-0.0971,0.9952,41.49,0
13.3444,CoreSystemMain,0.500,0,-0.0936,0.5100,0.1739,316.66,324.35,32.14,0.1058,0.5282,0.2315,291.63,358.48,358.03,0.0285,0.9077,0.1479,5.59,359.22,0.64,0.0767,0.0750,0.9257,0.00,0.01,0.00,0.0285,0.9077,0.1479,-0.0135,-0.0974,0.9952,41.47,0
13.3555,CoreSystemMain,0.500,0,-0.0938,0.5099,0.1739,316.70,324.34,32.16,0.1072,0.5205,0.2297,294.05,358.16,358.51,0.0282,0.9076,0.1479,5.61,359.19,0.66,0.0767,0.0750,0.9257,0.00,0.01,0.00,0.0282,0.9076,0.1479,-0.0141,-0.0978,0.9951,41.46,0
13.3669,CoreSystemMain,0.500,0,-0.0940,0.5100,0.1739,316.67,324.31,32.20,0.1086,0.5136,0.2280,296.36,358.40,358.27,0.0278,0.9075,0.1479,5.65,359.13,0.70,0.0767,0.0750,0.9257,0.00,0.01,0.00,0.0278,0.9075,0.1479,-0.0152,-0.0984,0.9950,41.42,0
13.3778,CoreSystemMain,0.500,0,-0.0943,0.5098,0.1737,316.63,324.31,32.16,0.1101,0.5062,0.2260,298.93,358.81,357.87,0.0275,0.9074,0.1479,5.67,359.09,0.72,0.0767,0.0750,0.9257,0.00,0.01,0.00,0.0275,0.9074,0.1479,-0.0158,-0.0989,0.9950,41.39,0
13.3889,CoreSystemMain,0.500,0,-0.0945,0.5099,0.1736,316.54,324.31,32.10,0.1120,0.4979,0.2230,302.42,0.05,356.56,0.0274,0.9073,0.1478,5.70,359.06,0.73,0.0767,0.0750,0.9257,0.00,0.01,0.00,0.0274,0.9073,0.1478,-0.0163,-0.0994,0.9949,41.36,0
13.4001,CoreSystemMain,0.500,0,-0.0946,0.5100,0.1736,316.51,324.34,32.09,0.1136,0.4909,0.2207,305.27,0.45,355.96,0.0272,0.9072,0.1478,5.73,359.04,0.74,0.0767,0.0750,0.9257,0.00,0.01,0.00,0.0272,0.9072,0.1478,-0.0167,-0.0999,0.9949,41.33,0
13.4111,CoreSystemMain,0.500,0,-0.0949,0.5103,0.1735,316.45,324.39,32.09,0.1154,0.4829,0.2174,308.32,0.18,355.86,0.0271,0.9071,0.1477,5.76,359.02,0.75,0.0767,0.0750,0.9257,0.00,0.01,0.00,0.0271,0.9071,0.1477,-0.0170,-0.1003,0.9948,41.31,0
13.4222,CoreSystemMain,0.500,0,-0.0951,0.5105,0.1735,316.42,324.44,32.08,0.1172,0.4755,0.2140,310.94,359.37,356.25,0.0269,0.9071,0.1477,5.77,359.02,0.75,0.0767,0.0750,0.9257,0.00,0.01,0.00,0.0269,0.9071,0.1477,-0.0171,-0.1005,0.9948,41.29,0
13.4333,CoreSystemMain,0.500,0,-0.0953,0.5108,0.1734,316.37,324.45,32.09,0.1190,0.4683,0.2102,313.30,358.42,356.85,0.0268,0.9070,0.1476,5.77,359.00,0.75,0.0767,0.0750,0.9257,0.00,0.01,0.00,0.0268,0.9070,0.1476,-0.0173,-0.1005,0.9948,41.29,0
13.4444,CoreSystemMain,0.500,0,-0.0955,0.5112,0.1734,316.26,324.45,32.07,0.1204,0.4620,0.2069,315.41,357.99,357.33,0.0268,0.9070,0.1475,5.76,358.99,0.76,0.0767,0.0750,0.9257,0.00,0.01,0.00,0.0268,0.9070,0.1475,-0.0176,-0.1004,0.9948,41.29,0
13.4554,CoreSystemMain,0.500,0,-0.0957,0.5115,0.1734,316.15,324.40,32.06,0.1224,0.4555,0.2033,317.41,357.86,357.71,0.0267,0.9070,0.1475,5.75,358.98,0.77,0.0767,0.0750,0.9257,0.00,0.01,0.00,0.0267,0.9070,0.1475,-0.0177,-0.1002,0.9948,41.30,0
13.4668,CoreSystemMain,0.500,0,-0.0960,0.5117,0.1733,316.04,324.36,32.02,0.1245,0.4491,0.1999,319.65,358.08,357.84,0.0267,0.9070,0.1474,5.76,358.98,0.80,0.0767,0.0750,0.9257,0.00,0.01,0.00,0.0267,0.9070,0.1474,-0.0178,-0.1003,0.9948,41.29,0
13.4778,CoreSystemMain,0.500,0,-0.0962,0.5119,0.1733,315.92,324.28,31.99,0.1266,0.4433,0.1966,322.10,358.84,357.55,0.0267,0.9071,0.1474,5.74,358.98,0.82,0.0767,0.0750,0.9257,0.00,0.01,0.00,0.0267,0.9071,0.1474,-0.0178,-0.1000,0.9948,41.31,0
13.4888,CoreSystemMain,0.500,0,-0.0964,0.5121,0.1734,315.87,324.23,31.97,0.1290,0.4390,0.1934,324.77,0.47,356.20,0.0268,0.9070,0.1472,5.74,358.98,0.82,0.0767,0.0750,0.9257,0.00,0.01,0.00,0.0268,0.9070,0.1472,-0.0176,-0.1001,0.9948,41.30,0
13.5000,CoreSystemMain,0.500,0,-0.0967,0.5123,0.1734,315.85,324.15,31.96,0.1317,0.4333,0.1899,327.87,1.83,354.85,0.0269,0.9070,0.1471,5.76,359.00,0.82,0.0767,0.0750,0.9257,0.00,0.01,0.00,0.0269,0.9070,0.1471,-0.0174,-0.1004,0.9948,41.27,0
13.5111,CoreSystemMain,0.500,0,-0.0968,0.5124,0.1734,315.80,324.10,31.99,0.1339,0.4287,0.1869,330.26,2.55,354.28,0.0270,0.9070,0.1470,5.77,359.02,0.82,0.0767,0.0750,0.9257,0.00,0.01,0.00,0.0270,0.9070,0.1470,-0.0170,-0.1005,0.9948,41.26,0
13.5224,CoreSystemMain,0.500,0,-0.0968,0.5124,0.1734,315.77,324.00,32.10,0.1358,0.4247,0.1832,332.09,3.02,353.90,0.0271,0.9070,0.1468,5.78,359.05,0.82,0.0767,0.0750,0.9257,0.00,0.01,0.00,0.0271,0.9070,0.1468,-0.0164,-0.1007,0.9948,41.24,0
13.5334,CoreSystemMain,0.500,0,-0.0969,0.5124,0.1734,315.71,323.94,32.15,0.1377,0.4205,0.1803,333.75,2.96,353.76,0.0272,0.9070,0.1467,5.78,359.09,0.84,0.0767,0.0750,0.9257,0.00,0.01,0.00,0.0272,0.9070,0.1467,-0.0159,-0.1006,0.9948,41.24,0
13.5445,CoreSystemMain,0.500,0,-0.0969,0.5124,0.1735,315.67,323.95,32.13,0.1392,0.4177,0.1767,334.19,2.34,354.12,0.0274,0.9071,0.1465,5.77,359.11,0.85,0.0767,0.0750,0.9257,0.00,0.01,0.00,0.0274,0.9071,0.1465,-0.0155,-0.1005,0.9948,41.24,0
13.5557,CoreSystemMain,0.500,0,-0.0968,0.5122,0.1737,315.63,324.04,31.99,0.1407,0.4149,0.1736,334.32,1.82,354.79,0.0275,0.9071,0.1464,5.77,359.13,0.87,0.0767,0.0750,0.9257,0.00,0.01,0.00,0.0275,0.9071,0.1464,-0.0152,-0.1005,0.9948,41.23,0
13.5667,CoreSystemMain,0.500,0,-0.0965,0.5119,0.1738,315.68,324.13,31.82,0.1419,0.4143,0.1708,332.65,0.84,356.58,0.0277,0.9071,0.1462,5.75,359.17,0.89,0.0767,0.0750,0.9257,0.00,0.01,0.00,0.0277,0.9071,0.1462,-0.0143,-0.1001,0.9949,41.25,0
13.5783,CoreSystemMain,0.500,0,-0.0963,0.5118,0.1739,315.75,324.20,31.76,0.1434,0.4121,0.1684,332.64,0.21,357.63,0.0280,0.9071,0.1460,5.72,359.20,0.90,0.0767,0.0750,0.9257,0.00,0.01,0.00,0.0280,0.9071,0.1460,-0.0138,-0.0996,0.9949,41.26,0
13.5892,CoreSystemMain,0.500,0,-0.0960,0.5117,0.1740,315.87,324.17,31.88,0.1446,0.4116,0.1664,331.38,358.99,359.79,0.0282,0.9072,0.1459,5.72,359.22,0.92,0.0767,0.0750,0.9257,0.00,0.01,0.00,0.0282,0.9072,0.1459,-0.0135,-0.0997,0.9949,41.25,0
13.6006,CoreSystemMain,0.500,0,-0.0957,0.5116,0.1740,315.93,324.04,32.09,0.1454,0.4118,0.1652,330.56,358.35,0.85,0.0284,0.9072,0.1457,5.73,359.22,0.94,0.0767,0.0750,0.9257,0.00,0.01,0.00,0.0284,0.9072,0.1457,-0.0135,-0.0998,0.9949,41.24,0
13.6113,CoreSystemMain,0.500,0,-0.0954,0.5116,0.1739,315.99,323.98,32.20,0.1465,0.4117,0.1639,330.39,357.89,1.45,0.0286,0.9071,0.1456,5.72,359.23,0.97,0.0767,0.0750,0.9257,0.00,0.01,0.00,0.0286,0.9071,0.1456,-0.0133,-0.0997,0.9949,41.24,0
13.6223,CoreSystemMain,0.500,0,-0.0950,0.5116,0.1738,316.09,323.95,32.29,0.1471,0.4126,0.1633,330.05,358.10,1.43,0.0288,0.9071,0.1454,5.73,359.23,0.96,0.0767,0.0750,0.9257,0.00,0.01,0.00,0.0288,0.9071,0.1454,-0.0134,-0.0999,0.9949,41.22,0
13.6335,CoreSystemMain,0.500,0,-0.0945,0.5116,0.1738,316.15,323.99,32.31,0.1477,0.4133,0.1629,329.87,358.69,0.97,0.0290,0.9071,0.1453,5.76,359.22,0.96,0.0767,0.0750,0.9257,0.00,0.01,0.00,0.0290,0.9071,0.1453,-0.0135,-0.1004,0.9949,41.19,0
13.6446,CoreSystemMain,0.500,0,-0.0936,0.5116,0.1735,316.16,324.00,32.28,0.1478,0.4157,0.1636,329.44,359.73,359.82,0.0293,0.9071,0.1451,5.78,359.25,0.93,0.0767,0.0750,0.9257,0.00,0.01,0.00,0.0293,0.9071,0.1451,-0.0131,-0.1008,0.9948,41.16,0
13.6557,CoreSystemMain,0.500,0,-0.0932,0.5117,0.1733,316.14,323.97,32.37,0.1480,0.4167,0.1636,329.17,359.94,359.55,0.0295,0.9071,0.1449,5.81,359.25,0.91,0.0767,0.0750,0.9257,0.00,0.01,0.00,0.0295,0.9071,0.1449,-0.0130,-0.1013,0.9948,41.12,0
13.6669,CoreSystemMain,0.500,0,-0.0924,0.5118,0.1732,316.09,323.99,32.48,0.1480,0.4176,0.1638,328.76,359.36,0.31,0.0298,0.9072,0.1448,5.83,359.28,0.91,0.0767,0.0750,0.9257,0.00,0.01,0.00,0.0298,0.9072,0.1448,-0.0126,-0.1016,0.9947,41.09,0
13.6779,CoreSystemMain,0.500,0,-0.0918,0.5119,0.1730,316.08,324.09,32.49,0.1476,0.4187,0.1642,328.37,359.13,0.49,0.0301,0.9072,0.1446,5.85,359.30,0.90,0.0767,0.0750,0.9257,0.00,0.01,0.00,0.0301,0.9072,0.1446,-0.0122,-0.1019,0.9947,41.07,0
13.6889,CoreSystemMain,0.500,0,-0.0911,0.5120,0.1728,316.09,324.23,32.49,0.1469,0.4201,0.1650,327.91,358.86,0.72,0.0304,0.9072,0.1444,5.87,359.34,0.90,0.0767,0.0750,0.9257,0.00,0.01,0.00,0.0304,0.9072,0.1444,-0.0115,-0.1022,0.9947,41.04,0
13.7004,CoreSystemMain,0.500,0,-0.0904,0.5121,0.1727,316.13,324.37,32.46,0.1463,0.4212,0.1656,327.60,359.17,0.13,0.0307,0.9073,0.1443,5.87,359.40,0.90,0.0767,0.0750,0.9257,0.00,0.01,0.00,0.0307,0.9073,0.1443,-0.0104,-0.1024,0.9947,41.02,0
13.7112,CoreSystemMain,0.500,0,-0.0896,0.5122,0.1723,316.15,324.43,32.55,0.1450,0.4235,0.1673,327.27,359.70,359.27,0.0310,0.9074,0.1441,5.88,359.45,0.90,0.0767,0.0750,0.9257,0.00,0.01,0.00,0.0310,0.9074,0.1441,-0.0096,-0.1024,0.9947,41.01,0
13.7222,CoreSystemMain,0.500,0,-0.0889,0.5123,0.1722,316.17,324.43,32.62,0.1444,0.4243,0.1678,327.19,0.06,358.77,0.0313,0.9074,0.1439,5.87,359.49,0.90,0.0767,0.0750,0.9257,0.00,0.01,0.00,0.0313,0.9074,0.1439,-0.0088,-0.1022,0.9947,41.01,0
13.7335,CoreSystemMain,0.500,0,-0.0883,0.5124,0.1720,316.21,324.39,32.73,0.1434,0.4255,0.1689,327.19,0.29,358.38,0.0316,0.9075,0.1437,5.87,359.54,0.92,0.0767,0.0750,0.9257,0.00,0.01,0.00,0.0316,0.9075,0.1437,-0.0080,-0.1023,0.9947,41.00,0
13.7444,CoreSystemMain,0.500,0,-0.0877,0.5125,0.1719,316.26,324.43,32.81,0.1426,0.4263,0.1697,327.15,0.50,358.16,0.0319,0.9076,0.1435,5.85,359.57,0.92,0.0767,0.0750,0.9257,0.00,0.01,0.00,0.0319,0.9076,0.1435,-0.0074,-0.1020,0.9948,41.01,0
13.7555,CoreSystemMain,0.500,0,-0.0871,0.5127,0.1718,316.27,324.51,32.85,0.1418,0.4270,0.1705,327.00,0.68,357.87,0.0321,0.9077,0.1433,5.83,359.61,0.90,0.0767,0.0750,0.9257,0.00,0.01,0.00,0.0321,0.9077,0.1433,-0.0067,-0.1015,0.9948,41.03,0
13.7666,CoreSystemMain,0.500,0,-0.0867,0.5128,0.1717,316.31,324.65,32.87,0.1411,0.4277,0.1712,326.74,0.60,357.54,0.0323,0.9078,0.1432,5.80,359.63,0.87,0.0767,0.0750,0.9257,0.00,0.01,0.00,0.0323,0.9078,0.1432,-0.0065,-0.1011,0.9949,41.05,0
13.7778,CoreSystemMain,0.500,0,-0.0862,0.5130,0.1715,316.33,324.75,32.88,0.1403,0.4286,0.1720,326.49,0.42,357.19,0.0324,0.9079,0.1430,5.76,359.63,0.81,0.0767,0.0750,0.9257,0.00,0.01,0.00,0.0324,0.9079,0.1430,-0.0063,-0.1004,0.9949,41.09,0
13.7888,CoreSystemMain,0.500,0,-0.0860,0.5132,0.1714,316.29,324.74,32.89,0.1393,0.4289,0.1728,326.25,0.02,357.34,0.0326,0.9081,0.1428,5.71,359.61,0.75,0.0767,0.0750,0.9257,0.00,0.01,0.00,0.0326,0.9081,0.1428,-0.0067,-0.0994,0.9950,41.15,0
13.8000,CoreSystemMain,0.500,0,-0.0861,0.5135,0.1712,316.20,324.60,32.96,0.1383,0.4292,0.1738,326.35,359.98,357.56,0.0326,0.9082,0.1427,5.65,359.57,0.70,0.0767,0.0750,0.9257,0.00,0.01,0.00,0.0326,0.9082,0.1427,-0.0075,-0.0984,0.9951,41.21,0
13.8111,CoreSystemMain,0.500,0,-0.0857,0.5136,0.1711,316.19,324.59,33.01,0.1377,0.4296,0.1743,326.35,0.19,357.31,0.0327,0.9083,0.1426,5.59,359.53,0.64,0.0767,0.0750,0.9257,0.00,0.01,0.00,0.0327,0.9083,0.1426,-0.0082,-0.0973,0.9952,41.27,0
13.8227,CoreSystemMain,0.500,0,-0.0857,0.5138,0.1710,316.16,324.54,33.01,0.1371,0.4300,0.1751,326.50,0.87,356.51,0.0327,0.9085,0.1425,5.54,359.46,0.59,0.0767,0.0750,0.9257,0.00,0.01,0.00,0.0327,0.9085,0.1425,-0.0094,-0.0966,0.9953,41.32,0
13.8332,CoreSystemMain,0.500,0,-0.0859,0.5141,0.1709,316.12,324.49,33.02,0.1369,0.4304,0.1758,326.70,1.67,355.09,0.0327,0.9086,0.1424,5.51,359.42,0.56,0.0767,0.0750,0.9257,0.00,0.01,0.00,0.0327,0.9086,0.1424,-0.0102,-0.0961,0.9953,41.35,0
13.8444,CoreSystemMain,0.500,0,-0.0862,0.5142,0.1707,316.08,324.45,33.01,0.1362,0.4315,0.1766,326.84,2.31,353.53,0.0328,0.9087,0.1422,5.49,359.34,0.53,0.0767,0.0750,0.9257,0.00,0.01,0.00,0.0328,0.9087,0.1422,-0.0115,-0.0957,0.9953,41.38,0
13.8556,CoreSystemMain,0.500,1,-0.0866,0.5144,0.1706,316.04,324.37,32.97,0.1356,0.4323,0.1781,326.46,2.13,353.64,0.0328,0.9088,0.1421,5.49,359.26,0.50,0.0767,0.0750,0.9257,0.00,0.01,0.00,0.0328,0.9088,0.1421,-0.0129,-0.0957,0.9953,41.38,0
13.8669,CoreSystemMain,0.500,1,-0.0870,0.5146,0.1706,316.00,324.28,32.96,0.1349,0.4330,0.1793,325.67,1.61,354.27,0.0328,0.9088,0.1420,5.48,359.19,0.46,0.0767,0.0750,0.9257,0.00,0.01,0.00,0.0328,0.9088,0.1420,-0.0140,-0.0955,0.9953,41.40,0
13.8779,CoreSystemMain,0.500,1,-0.0874,0.5147,0.1705,315.97,324.26,32.93,0.1340,0.4341,0.1809,324.46,0.58,355.50,0.0328,0.9089,0.1419,5.44,359.13,0.41,0.0768,0.0751,0.9258,0.00,0.01,0.00,0.0328,0.9089,0.1419,-0.0151,-0.0949,0.9954,41.43,0
13.8893,CoreSystemMain,0.500,1,-0.0878,0.5149,0.1704,315.98,324.24,32.89,0.1333,0.4352,0.1822,323.67,0.03,356.11,0.0328,0.9090,0.1418,5.40,359.08,0.37,0.0769,0.0760,0.9265,0.00,0.01,0.00,0.0328,0.9090,0.1418,-0.0159,-0.0941,0.9954,41.42,0
13.9005,CoreSystemMain,0.500,1,-0.0884,0.5150,0.1703,315.97,324.27,32.79,0.1324,0.4375,0.1844,322.27,359.17,356.92,0.0328,0.9091,0.1418,5.36,359.05,0.31,0.0770,0.0775,0.9278,0.00,0.01,0.00,0.0328,0.9091,0.1418,-0.0166,-0.0934,0.9955,41.37,0
13.9114,CoreSystemMain,0.500,1,-0.0888,0.5151,0.1703,315.96,324.28,32.75,0.1317,0.4393,0.1860,321.55,359.35,356.71,0.0329,0.9092,0.1418,5.31,359.00,0.27,0.0768,0.0805,0.9302,0.00,0.01,0.00,0.0329,0.9092,0.1418,-0.0174,-0.0925,0.9956,41.24,0
13.9285,CoreSystemMain,0.500,1,-0.0896,0.5151,0.1702,315.87,324.25,32.67,0.1304,0.4439,0.1899,320.03,359.97,356.58,0.0330,0.9093,0.1418,5.24,358.97,0.23,0.0767,0.0836,0.9327,0.00,0.01,0.00,0.0330,0.9093,0.1418,-0.0180,-0.0914,0.9957,41.11,0
13.9338,CoreSystemMain,0.500,1,-0.0899,0.5152,0.1701,315.86,324.24,32.61,0.1301,0.4448,0.1908,319.72,0.15,356.44,0.0330,0.9094,0.1418,5.24,358.96,0.21,0.0775,0.0909,0.9384,0.00,0.01,0.00,0.0330,0.9094,0.1418,-0.0180,-0.0914,0.9957,40.66,0
13.9449,CoreSystemMain,0.500,1,-0.0905,0.5150,0.1701,315.74,324.25,32.49,0.1291,0.4492,0.1941,318.26,1.12,355.66,0.0332,0.9094,0.1418,5.26,358.98,0.20,0.0777,0.0925,0.9398,0.00,0.01,0.00,0.0332,0.9094,0.1418,-0.0177,-0.0917,0.9956,40.53,0
13.9559,CoreSystemMain,0.500,1,-0.0910,0.5149,0.1701,315.67,324.30,32.36,0.1279,0.4534,0.1972,316.46,0.86,355.37,0.0334,0.9093,0.1418,5.29,359.01,0.20,0.0787,0.0984,0.9443,0.00,0.01,0.00,0.0334,0.9093,0.1418,-0.0172,-0.0922,0.9956,40.13,0
13.9707,CoreSystemMain,0.500,1,-0.0916,0.5146,0.1703,315.56,324.42,32.12,0.1264,0.4589,0.2014,313.95,359.92,356.07,0.0336,0.9093,0.1418,5.33,359.06,0.21,0.0783,0.1066,0.9501,0.00,0.01,0.00,0.0336,0.9093,0.1418,-0.0164,-0.0930,0.9955,39.58,0
13.9782,CoreSystemMain,0.500,1,-0.0918,0.5146,0.1703,315.54,324.47,32.05,0.1255,0.4610,0.2031,313.19,0.20,355.50,0.0337,0.9093,0.1418,5.33,359.10,0.22,0.0763,0.1220,0.9602,0.00,0.01,0.00,0.0337,0.9093,0.1418,-0.0156,-0.0930,0.9955,38.67,0
13.9892,CoreSystemMain,0.500,1,-0.0926,0.5144,0.1705,315.56,324.64,31.78,0.1244,0.4665,0.2068,310.87,358.91,357.10,0.0339,0.9093,0.1418,5.38,359.15,0.23,0.0752,0.1278,0.9638,0.00,0.01,0.00,0.0339,0.9093,0.1418,-0.0148,-0.0937,0.9955,38.28,0
14.0004,CoreSystemMain,0.500,1,-0.0929,0.5142,0.1708,315.61,324.69,31.64,0.1235,0.4711,0.2099,309.24,358.78,357.46,0.0341,0.9092,0.1418,5.38,359.22,0.24,0.0734,0.1409,0.9713,0.00,0.01,0.00,0.0341,0.9092,0.1418,-0.0135,-0.0938,0.9955,37.52,0
14.0114,CoreSystemMain,0.500,1,-0.0932,0.5140,0.1709,315.68,324.69,31.58,0.1225,0.4755,0.2130,307.83,359.09,357.22,0.0343,0.9092,0.1419,5.39,359.27,0.23,0.0723,0.1541,0.9782,0.00,0.01,0.00,0.0343,0.9092,0.1419,-0.0126,-0.0940,0.9955,36.77,0
14.0226,CoreSystemMain,0.500,1,-0.0934,0.5138,0.1712,315.78,324.59,31.71,0.1212,0.4808,0.2164,306.37,0.01,356.67,0.0345,0.9093,0.1419,5.41,359.33,0.21,0.0714,0.1663,0.9841,0.00,0.01,0.00,0.0345,0.9093,0.1419,-0.0116,-0.0943,0.9955,36.09,0
14.0336,CoreSystemMain,0.500,1,-0.0936,0.5136,0.1714,315.82,324.52,31.79,0.1202,0.4857,0.2195,305.07,0.63,356.16,0.0347,0.9093,0.1419,5.41,359.41,0.20,0.0717,0.1787,0.9898,0.00,0.01,0.00,0.0347,0.9093,0.1419,-0.0103,-0.0943,0.9955,35.42,0
14.0451,CoreSystemMain,0.500,1,-0.0938,0.5134,0.1717,315.85,324.53,31.79,0.1191,0.4902,0.2224,303.94,1.05,355.50,0.0349,0.9093,0.1420,5.43,359.49,0.19,0.0721,0.1905,0.9948,0.00,0.01,0.00,0.0349,0.9093,0.1420,-0.0089,-0.0946,0.9955,34.78,0
14.0559,CoreSystemMain,0.500,1,-0.0939,0.5134,0.1719,315.86,324.57,31.69,0.1180,0.4953,0.2257,302.74,1.23,355.11,0.0351,0.9093,0.1420,5.43,359.54,0.19,0.0719,0.2020,0.9993,0.00,0.01,0.00,0.0351,0.9093,0.1420,-0.0080,-0.0946,0.9955,34.17,0
14.0669,CoreSystemMain,0.500,1,-0.0939,0.5134,0.1721,315.85,324.60,31.63,0.1170,0.5000,0.2288,301.34,1.13,355.15,0.0352,0.9093,0.1421,5.43,359.59,0.19,0.0711,0.2127,1.0032,0.00,0.01,0.00,0.0352,0.9093,0.1421,-0.0072,-0.0946,0.9955,33.61,0
14.0781,CoreSystemMain,0.500,1,-0.0937,0.5136,0.1723,315.79,324.66,31.64,0.1159,0.5053,0.2320,299.54,1.24,355.00,0.0354,0.9094,0.1422,5.41,359.61,0.19,0.0701,0.2240,1.0069,0.00,0.01,0.00,0.0354,0.9094,0.1422,-0.0067,-0.0943,0.9955,33.05,0
14.0892,CoreSystemMain,0.500,1,-0.0935,0.5138,0.1723,315.72,324.65,31.66,0.1149,0.5107,0.2350,297.47,0.94,355.48,0.0355,0.9094,0.1423,5.39,359.64,0.18,0.0690,0.2369,1.0103,0.00,0.01,0.00,0.0355,0.9094,0.1423,-0.0063,-0.0940,0.9956,32.44,0
14.1002,CoreSystemMain,0.500,1,-0.0933,0.5140,0.1724,315.69,324.57,31.75,0.1141,0.5159,0.2378,295.59,0.66,356.03,0.0356,0.9094,0.1424,5.36,359.65,0.17,0.0683,0.2514,1.0131,0.00,0.01,0.00,0.0356,0.9094,0.1424,-0.0060,-0.0934,0.9956,31.78,0
14.1114,CoreSystemMain,0.500,1,-0.0932,0.5142,0.1725,315.69,324.53,31.78,0.1134,0.5193,0.2400,294.34,0.66,356.16,0.0357,0.9095,0.1424,5.34,359.64,0.15,0.0680,0.2661,1.0151,0.00,0.01,0.00,0.0357,0.9095,0.1424,-0.0062,-0.0931,0.9956,31.12,0
14.1225,CoreSystemMain,0.500,1,-0.0929,0.5144,0.1726,315.71,324.45,31.91,0.1125,0.5254,0.2430,292.51,0.78,356.46,0.0358,0.9096,0.1426,5.32,359.66,0.11,0.0679,0.2793,1.0163,0.00,0.01,0.00,0.0358,0.9096,0.1426,-0.0058,-0.0927,0.9957,30.55,0
14.1337,CoreSystemMain,0.500,1,-0.0925,0.5146,0.1727,315.76,324.38,32.06,0.1117,0.5307,0.2452,291.22,1.66,355.87,0.0359,0.9096,0.1427,5.32,359.67,0.07,0.0687,0.2933,1.0170,0.00,0.01,0.00,0.0359,0.9096,0.1427,-0.0057,-0.0927,0.9957,29.93,0
14.1447,CoreSystemMain,0.500,1,-0.0922,0.5148,0.1728,315.83,324.35,32.18,0.1109,0.5357,0.2476,289.97,2.64,354.94,0.0359,0.9096,0.1428,5.32,359.67,0.01,0.0702,0.3062,1.0171,0.00,0.01,0.00,0.0359,0.9096,0.1428,-0.0058,-0.0927,0.9957,29.37,0
14.1560,CoreSystemMain,0.500,1,-0.0917,0.5151,0.1728,315.87,324.31,32.34,0.1100,0.5407,0.2493,289.01,4.48,352.90,0.0360,0.9097,0.1429,5.32,359.66,359.98,0.0715,0.3183,1.0168,0.00,0.01,0.00,0.0360,0.9097,0.1429,-0.0058,-0.0927,0.9957,28.85,0
14.1672,CoreSystemMain,0.500,1,-0.0913,0.5153,0.1729,315.88,324.31,32.46,0.1091,0.5456,0.2513,288.04,6.00,351.12,0.0360,0.9097,0.1430,5.32,359.65,359.96,0.0725,0.3295,1.0163,0.00,0.01,0.00,0.0360,0.9097,0.1430,-0.0062,-0.0927,0.9957,28.37,0
14.1782,CoreSystemMain,0.500,1,-0.0907,0.5155,0.1730,315.85,324.36,32.50,0.1085,0.5502,0.2529,287.16,7.50,349.29,0.0360,0.9097,0.1431,5.32,359.65,359.97,0.0729,0.3401,1.0155,0.00,0.01,0.00,0.0360,0.9097,0.1431,-0.0061,-0.0926,0.9957,27.93,0
14.1892,CoreSystemMain,0.500,1,-0.0901,0.5156,0.1731,315.79,324.50,32.43,0.1077,0.5547,0.2538,286.22,8.90,347.58,0.0361,0.9098,0.1433,5.31,359.63,359.97,0.0729,0.3498,1.0144,0.00,0.01,0.00,0.0361,0.9098,0.1433,-0.0064,-0.0926,0.9957,27.52,0
14.2005,CoreSystemMain,0.500,1,-0.0898,0.5157,0.1731,315.76,324.59,32.40,0.1069,0.5592,0.2557,285.14,10.53,345.86,0.0361,0.9098,0.1434,5.30,359.63,359.98,0.0725,0.3593,1.0130,0.00,0.01,0.00,0.0361,0.9098,0.1434,-0.0065,-0.0924,0.9957,27.14,0
14.2115,CoreSystemMain,0.500,1,-0.0893,0.5157,0.1732,315.74,324.79,32.23,0.1061,0.5634,0.2568,284.13,11.98,344.38,0.0361,0.9098,0.1435,5.29,359.62,359.99,0.0722,0.3692,1.0111,0.00,0.01,0.00,0.0361,0.9098,0.1435,-0.0065,-0.0921,0.9957,26.75,0
14.2225,CoreSystemMain,0.500,1,-0.0890,0.5157,0.1733,315.73,324.86,32.24,0.1054,0.5673,0.2582,283.18,12.96,343.38,0.0361,0.9098,0.1436,5.24,359.63,0.00,0.0720,0.3785,1.0089,0.00,0.01,0.00,0.0361,0.9098,0.1436,-0.0064,-0.0914,0.9958,26.41,0
14.2337,CoreSystemMain,0.500,1,-0.0886,0.5157,0.1733,315.76,324.87,32.34,0.1047,0.5718,0.2596,282.04,13.64,342.94,0.0361,0.9098,0.1438,5.26,359.64,0.02,0.0718,0.3875,1.0065,0.00,0.01,0.00,0.0361,0.9098,0.1438,-0.0063,-0.0917,0.9958,26.03,0
14.2448,CoreSystemMain,0.500,1,-0.0884,0.5156,0.1734,315.81,324.88,32.44,0.1047,0.5740,0.2600,281.34,14.40,342.53,0.0362,0.9098,0.1438,5.29,359.65,0.02,0.0719,0.3969,1.0037,0.00,0.01,0.00,0.0362,0.9098,0.1438,-0.0060,-0.0922,0.9957,25.64,0
14.2558,CoreSystemMain,0.500,1,-0.0879,0.5155,0.1735,315.89,324.90,32.48,0.1041,0.5785,0.2612,280.07,16.41,340.94,0.0362,0.9098,0.1439,5.30,359.66,0.03,0.0727,0.4049,1.0009,0.00,0.01,0.00,0.0362,0.9098,0.1439,-0.0060,-0.0923,0.9957,25.32,0
14.2670,CoreSystemMain,0.500,1,-0.0878,0.5154,0.1736,315.92,324.93,32.48,0.1037,0.5808,0.2613,279.06,16.03,341.45,0.0362,0.9097,0.1440,5.31,359.66,0.03,0.0742,0.4138,0.9974,0.00,0.01,0.00,0.0362,0.9097,0.1440,-0.0060,-0.0926,0.9957,24.97,0
14.2780,CoreSystemMain,0.500,1,-0.0876,0.5153,0.1737,315.92,324.95,32.46,0.1031,0.5839,0.2619,277.97,16.41,340.98,0.0362,0.9097,0.1441,5.30,359.67,0.04,0.0753,0.4223,0.9936,0.00,0.01,0.00,0.0362,0.9097,0.1441,-0.0057,-0.0924,0.9957,24.68,0
14.2892,CoreSystemMain,0.500,1,-0.0876,0.5153,0.1737,315.90,324.96,32.44,0.1029,0.5850,0.2620,277.57,16.49,340.81,0.0361,0.9097,0.1442,5.31,359.68,0.04,0.0757,0.4307,0.9894,0.00,0.01,0.00,0.0361,0.9097,0.1442,-0.0056,-0.0925,0.9957,24.38,0
14.3002,CoreSystemMain,0.500,1,-0.0875,0.5151,0.1738,315.90,325.00,32.43,0.1024,0.5873,0.2623,276.93,17.19,339.93,0.0361,0.9097,0.1443,5.30,359.68,0.04,0.0757,0.4375,0.9859,0.00,0.01,0.00,0.0361,0.9097,0.1443,-0.0056,-0.0923,0.9957,24.14,0
14.3114,CoreSystemMain,0.500,1,-0.0876,0.5150,0.1737,315.90,325.04,32.40,0.1019,0.5894,0.2627,276.42,18.89,338.14,0.0360,0.9097,0.1444,5.30,359.67,0.03,0.0752,0.4438,0.9826,0.00,0.01,0.00,0.0360,0.9097,0.1444,-0.0058,-0.0924,0.9957,23.91,0
14.3225,CoreSystemMain,0.500,1,-0.0876,0.5149,0.1737,315.92,325.08,32.38,0.1015,0.5915,0.2631,276.07,21.91,335.06,0.0360,0.9097,0.1445,5.29,359.67,0.02,0.0747,0.4497,0.9793,0.00,0.01,0.00,0.0360,0.9097,0.1445,-0.0058,-0.0921,0.9957,23.72,0
14.3339,CoreSystemMain,0.500,1,-0.0877,0.5149,0.1737,315.95,325.07,32.34,0.1010,0.5933,0.2634,275.88,25.43,331.49,0.0359,0.9098,0.1445,5.27,359.64,0.02,0.0742,0.4550,0.9763,0.00,0.01,0.00,0.0359,0.9098,0.1445,-0.0062,-0.0918,0.9958,23.55,0
14.3448,CoreSystemMain,0.500,1,-0.0879,0.5148,0.1737,315.99,325.01,32.37,0.1007,0.5943,0.2635,276.00,27.16,329.68,0.0358,0.9098,0.1447,5.25,359.63,0.04,0.0740,0.4598,0.9735,0.00,0.01,0.00,0.0358,0.9098,0.1447,-0.0064,-0.0916,0.9958,23.39,0
14.3558,CoreSystemMain,0.500,1,-0.0882,0.5147,0.1736,315.98,324.87,32.39,0.1005,0.5947,0.2634,276.21,27.00,329.62,0.0357,0.9098,0.1447,5.25,359.61,0.06,0.0738,0.4635,0.9715,0.00,0.01,0.00,0.0357,0.9098,0.1447,-0.0068,-0.0914,0.9958,23.26,0
14.3669,CoreSystemMain,0.500,1,-0.0882,0.5147,0.1736,315.99,324.82,32.44,0.1000,0.5973,0.2641,275.71,30.39,326.17,0.0357,0.9098,0.1448,5.27,359.61,0.08,0.0734,0.4664,0.9701,0.00,0.01,0.00,0.0357,0.9098,0.1448,-0.0067,-0.0919,0.9957,23.13,0
14.3780,CoreSystemMain,0.500,1,-0.0887,0.5144,0.1736,316.00,324.70,32.46,0.0999,0.5970,0.2639,275.93,28.03,328.12,0.0356,0.9098,0.1449,5.25,359.58,0.09,0.0730,0.4697,0.9683,0.00,0.01,0.00,0.0356,0.9098,0.1449,-0.0073,-0.0915,0.9958,23.03,0
14.3893,CoreSystemMain,0.500,1,-0.0890,0.5143,0.1736,316.05,324.60,32.41,0.0999,0.5969,0.2637,275.77,27.06,328.93,0.0355,0.9098,0.1449,5.24,359.59,0.08,0.0722,0.4721,0.9671,0.00,0.01,0.00,0.0355,0.9098,0.1449,-0.0071,-0.0914,0.9958,22.93,0
14.4003,CoreSystemMain,0.500,1,-0.0892,0.5142,0.1736,316.08,324.58,32.37,0.0997,0.5980,0.2640,275.45,28.41,327.49,0.0354,0.9097,0.1450,5.23,359.59,0.07,0.0712,0.4743,0.9660,0.00,0.01,0.00,0.0354,0.9097,0.1450,-0.0072,-0.0912,0.9958,22.85,0
14.4115,CoreSystemMain,0.500,1,-0.0895,0.5141,0.1736,316.18,324.60,32.40,0.0997,0.5977,0.2640,275.14,28.42,327.77,0.0353,0.9097,0.1451,5.22,359.58,0.07,0.0702,0.4765,0.9647,0.00,0.01,0.00,0.0353,0.9097,0.1451,-0.0073,-0.0910,0.9958,22.78,0
14.4224,CoreSystemMain,0.500,1,-0.0896,0.5140,0.1736,316.22,324.57,32.44,0.0995,0.5985,0.2642,274.83,28.87,327.49,0.0352,0.9097,0.1452,5.21,359.58,0.08,0.0695,0.4786,0.9634,0.00,0.01,0.00,0.0352,0.9097,0.1452,-0.0073,-0.0909,0.9958,22.71,0
14.4338,CoreSystemMain,0.500,1,-0.0898,0.5139,0.1735,316.23,324.49,32.52,0.0996,0.5984,0.2644,274.77,27.59,329.05,0.0351,0.9097,0.1452,5.21,359.57,0.10,0.0690,0.4806,0.9621,0.00,0.01,0.00,0.0351,0.9097,0.1452,-0.0075,-0.0908,0.9958,22.64,0
14.4448,CoreSystemMain,0.500,1,-0.0902,0.5138,0.1736,316.21,324.46,32.52,0.0996,0.5982,0.2646,274.79,27.21,329.64,0.0350,0.9096,0.1453,5.22,359.55,0.12,0.0687,0.4825,0.9610,0.00,0.01,0.00,0.0350,0.9096,0.1453,-0.0079,-0.0909,0.9958,22.57,0
14.4558,CoreSystemMain,0.500,1,-0.0904,0.5137,0.1736,316.19,324.46,32.43,0.0996,0.5981,0.2647,274.83,26.87,330.01,0.0350,0.9096,0.1454,5.23,359.54,0.13,0.0686,0.4839,0.9601,0.00,0.01,0.00,0.0350,0.9096,0.1454,-0.0080,-0.0912,0.9958,22.50,0
14.4669,CoreSystemMain,0.500,1,-0.0906,0.5135,0.1735,316.14,324.54,32.24,0.0998,0.5977,0.2647,274.99,24.80,331.69,0.0349,0.9096,0.1455,5.24,359.55,0.13,0.0685,0.4852,0.9593,0.00,0.01,0.00,0.0349,0.9096,0.1455,-0.0079,-0.0914,0.9958,22.43,0
14.4781,CoreSystemMain,0.500,1,-0.0907,0.5133,0.1735,316.11,324.61,32.13,0.0997,0.5973,0.2647,274.98,22.54,333.76,0.0348,0.9095,0.1456,5.26,359.55,0.14,0.0682,0.4862,0.9588,0.00,0.01,0.00,0.0348,0.9095,0.1456,-0.0079,-0.0916,0.9958,22.38,0
14.4891,CoreSystemMain,0.500,1,-0.0909,0.5132,0.1735,316.15,324.64,32.08,0.0997,0.5966,0.2647,274.98,20.71,335.56,0.0347,0.9094,0.1456,5.28,359.55,0.15,0.0676,0.4870,0.9584,0.00,0.01,0.00,0.0347,0.9094,0.1456,-0.0078,-0.0920,0.9957,22.32,0
14.5002,CoreSystemMain,0.500,1,-0.0910,0.5130,0.1736,316.23,324.66,32.09,0.0998,0.5959,0.2646,275.10,21.00,335.37,0.0347,0.9094,0.1457,5.31,359.55,0.15,0.0671,0.4878,0.9580,0.00,0.01,0.00,0.0347,0.9094,0.1457,-0.0078,-0.0925,0.9957,22.26,0
14.5112,CoreSystemMain,0.500,1,-0.0913,0.5128,0.1735,316.28,324.64,32.10,0.0998,0.5955,0.2647,275.24,22.54,333.94,0.0346,0.9093,0.1458,5.34,359.57,0.17,0.0668,0.4883,0.9577,0.00,0.01,0.00,0.0346,0.9093,0.1458,-0.0075,-0.0931,0.9956,22.19,0
14.5223,CoreSystemMain,0.500,1,-0.0914,0.5126,0.1735,316.35,324.64,32.14,0.1000,0.5948,0.2645,275.68,25.23,331.43,0.0346,0.9092,0.1458,5.35,359.58,0.18,0.0666,0.4888,0.9575,0.00,0.01,0.00,0.0346,0.9092,0.1458,-0.0073,-0.0932,0.9956,22.16,0
14.5333,CoreSystemMain,0.500,1,-0.0914,0.5125,0.1735,316.40,324.59,32.21,0.1002,0.5942,0.2644,275.97,26.12,330.71,0.0345,0.9091,0.1459,5.36,359.60,0.19,0.0666,0.4891,0.9574,0.00,0.01,0.00,0.0345,0.9091,0.1459,-0.0070,-0.0935,0.9956,22.13,0
14.5445,CoreSystemMain,0.500,1,-0.0914,0.5124,0.1735,316.40,324.63,32.21,0.1003,0.5933,0.2641,276.35,24.59,332.39,0.0345,0.9091,0.1459,5.39,359.61,0.18,0.0666,0.4893,0.9574,0.00,0.01,0.00,0.0345,0.9091,0.1459,-0.0068,-0.0938,0.9956,22.09,0
14.5556,CoreSystemMain,0.500,1,-0.0914,0.5124,0.1735,316.38,324.67,32.19,0.1003,0.5925,0.2639,276.47,24.19,332.82,0.0345,0.9090,0.1460,5.40,359.62,0.19,0.0667,0.4894,0.9575,0.00,0.01,0.00,0.0345,0.9090,0.1460,-0.0066,-0.0941,0.9955,22.07,0
14.5670,CoreSystemMain,0.500,1,-0.0914,0.5123,0.1735,316.31,324.74,32.14,0.1003,0.5919,0.2636,276.60,23.43,333.51,0.0344,0.9089,0.1461,5.40,359.63,0.20,0.0667,0.4895,0.9575,0.00,0.01,0.00,0.0344,0.9089,0.1461,-0.0064,-0.0940,0.9955,22.07,0
14.5780,CoreSystemMain,0.500,1,-0.0913,0.5124,0.1735,316.25,324.81,32.02,0.1001,0.5911,0.2633,276.81,23.55,333.35,0.0344,0.9089,0.1462,5.40,359.65,0.21,0.0668,0.4895,0.9576,0.00,0.01,0.00,0.0344,0.9089,0.1462,-0.0061,-0.0941,0.9955,22.06,0
14.5889,CoreSystemMain,0.500,1,-0.0912,0.5123,0.1736,316.17,324.86,31.92,0.1000,0.5905,0.2630,277.05,24.72,332.14,0.0343,0.9089,0.1463,5.42,359.66,0.22,0.0669,0.4895,0.9577,0.00,0.01,0.00,0.0343,0.9089,0.1463,-0.0059,-0.0944,0.9955,22.04,0
14.6001,CoreSystemMain,0.500,1,-0.0912,0.5123,0.1737,316.17,324.87,31.92,0.0999,0.5900,0.2627,277.20,25.20,331.63,0.0343,0.9088,0.1463,5.43,359.68,0.25,0.0670,0.4895,0.9578,0.00,0.01,0.00,0.0343,0.9088,0.1463,-0.0055,-0.0945,0.9955,22.03,0
14.6111,CoreSystemMain,0.500,1,-0.0911,0.5122,0.1738,316.18,324.87,31.93,0.0998,0.5894,0.2624,277.32,25.78,331.10,0.0342,0.9087,0.1464,5.44,359.70,0.28,0.0672,0.4894,0.9579,0.00,0.01,0.00,0.0342,0.9087,0.1464,-0.0053,-0.0947,0.9955,22.02,0
14.6223,CoreSystemMain,0.500,1,-0.0910,0.5121,0.1738,316.23,324.85,31.95,0.0997,0.5889,0.2621,277.44,26.47,330.49,0.0342,0.9087,0.1464,5.46,359.68,0.26,0.0674,0.4893,0.9580,0.00,0.01,0.00,0.0342,0.9087,0.1464,-0.0056,-0.0952,0.9954,21.99,0
14.6334,CoreSystemMain,0.500,1,-0.0909,0.5121,0.1740,316.40,324.77,32.11,0.0995,0.5883,0.2617,277.48,26.68,330.48,0.0341,0.9086,0.1465,5.47,359.72,0.30,0.0677,0.4892,0.9582,0.00,0.01,0.00,0.0341,0.9086,0.1465,-0.0049,-0.0954,0.9954,21.98,0
14.6444,CoreSystemMain,0.500,0,-0.0908,0.5119,0.1740,316.50,324.75,32.23,0.0994,0.5877,0.2614,277.54,26.73,330.51,0.0341,0.9086,0.1465,5.49,359.72,0.29,0.0681,0.4891,0.9583,0.00,0.01,0.00,0.0341,0.9086,0.1465,-0.0049,-0.0956,0.9954,21.97,0
14.6555,CoreSystemMain,0.500,0,-0.0907,0.5119,0.1740,316.55,324.73,32.32,0.0992,0.5872,0.2612,277.60,26.37,330.84,0.0341,0.9085,0.1466,5.49,359.73,0.30,0.0679,0.4880,0.9576,0.00,0.01,0.00,0.0341,0.9085,0.1466,-0.0047,-0.0956,0.9954,22.04,0
14.6668,CoreSystemMain,0.500,0,-0.0906,0.5120,0.1741,316.58,324.77,32.33,0.0989,0.5866,0.2610,277.55,25.95,331.39,0.0340,0.9085,0.1466,5.50,359.72,0.29,0.0679,0.4880,0.9576,0.00,0.01,0.00,0.0340,0.9085,0.1466,-0.0049,-0.0958,0.9954,22.04,0
14.6778,CoreSystemMain,0.500,0,-0.0904,0.5121,0.1741,316.52,324.78,32.35,0.0989,0.5860,0.2609,277.55,25.01,332.45,0.0340,0.9085,0.1467,5.50,359.72,0.29,0.0677,0.4830,0.9569,0.00,0.01,0.00,0.0340,0.9085,0.1467,-0.0049,-0.0959,0.9954,22.33,0
14.6888,CoreSystemMain,0.500,0,-0.0902,0.5121,0.1741,316.45,324.85,32.30,0.0991,0.5854,0.2607,277.68,23.80,333.54,0.0340,0.9084,0.1468,5.50,359.71,0.29,0.0675,0.4741,0.9562,0.00,0.01,0.00,0.0340,0.9084,0.1468,-0.0051,-0.0959,0.9954,22.83,0
14.7000,CoreSystemMain,0.500,0,-0.0901,0.5122,0.1742,316.34,324.94,32.22,0.0993,0.5848,0.2605,277.90,23.00,333.95,0.0339,0.9084,0.1468,5.53,359.69,0.28,0.0675,0.4741,0.9562,0.00,0.01,0.00,0.0339,0.9084,0.1468,-0.0054,-0.0964,0.9953,22.81,0
14.7115,CoreSystemMain,0.500,0,-0.0900,0.5122,0.1742,316.27,325.02,32.18,0.0992,0.5844,0.2604,278.16,22.57,334.27,0.0339,0.9084,0.1469,5.53,359.68,0.27,0.0673,0.4612,0.9555,0.00,0.01,0.00,0.0339,0.9084,0.1469,-0.0055,-0.0964,0.9953,23.53,0
14.7223,CoreSystemMain,0.500,0,-0.0899,0.5123,0.1742,316.22,325.07,32.16,0.0993,0.5837,0.2603,278.63,23.55,333.48,0.0338,0.9083,0.1469,5.54,359.68,0.28,0.0673,0.4612,0.9555,0.00,0.01,0.00,0.0338,0.9083,0.1469,-0.0055,-0.0966,0.9953,23.51,0
14.7333,CoreSystemMain,0.500,0,-0.0898,0.5123,0.1742,316.22,325.06,32.18,0.0996,0.5828,0.2601,279.01,23.75,333.16,0.0337,0.9083,0.1470,5.56,359.68,0.28,0.0671,0.4444,0.9548,0.00,0.01,0.00,0.0337,0.9083,0.1470,-0.0055,-0.0970,0.9953,24.41,0
14.7446,CoreSystemMain,0.500,0,-0.0898,0.5124,0.1742,316.25,325.05,32.22,0.1001,0.5818,0.2599,279.44,23.57,333.08,0.0337,0.9082,0.1470,5.59,359.69,0.29,0.0671,0.4444,0.9548,0.00,0.01,0.00,0.0337,0.9082,0.1470,-0.0055,-0.0974,0.9952,24.38,0
14.7556,CoreSystemMain,0.500,0,-0.0897,0.5125,0.1743,316.25,325.00,32.33,0.1006,0.5805,0.2595,279.78,21.92,334.64,0.0336,0.9082,0.1470,5.61,359.69,0.30,0.0669,0.4237,0.9541,0.00,0.01,0.00,0.0336,0.9082,0.1470,-0.0053,-0.0977,0.9952,25.47,0
14.7666,CoreSystemMain,0.500,0,-0.0897,0.5125,0.1743,316.25,325.00,32.34,0.1011,0.5791,0.2592,280.06,20.15,336.39,0.0335,0.9081,0.1471,5.64,359.72,0.32,0.0669,0.4237,0.9541,0.00,0.01,0.00,0.0335,0.9081,0.1471,-0.0048,-0.0982,0.9952,25.44,0
14.7778,CoreSystemMain,0.500,0,-0.0897,0.5126,0.1743,316.25,325.02,32.34,0.1014,0.5778,0.2588,280.31,19.00,337.49,0.0334,0.9080,0.1471,5.63,359.75,0.34,0.0667,0.3991,0.9534,0.00,0.01,0.00,0.0334,0.9080,0.1471,-0.0043,-0.0980,0.9952,26.72,0
14.7889,CoreSystemMain,0.500,0,-0.0897,0.5128,0.1744,316.25,325.00,32.35,0.1021,0.5759,0.2580,280.50,17.06,339.31,0.0333,0.9080,0.1471,5.65,359.74,0.36,0.0665,0.3706,0.9527,0.00,0.01,0.00,0.0333,0.9080,0.1471,-0.0044,-0.0984,0.9951,28.15,0
14.8002,CoreSystemMain,0.500,0,-0.0897,0.5128,0.1744,316.23,324.96,32.38,0.1025,0.5740,0.2574,280.73,16.32,339.95,0.0332,0.9080,0.1472,5.66,359.75,0.38,0.0665,0.3706,0.9527,0.00,0.01,0.00,0.0332,0.9080,0.1472,-0.0044,-0.0986,0.9951,28.13,0
14.8111,CoreSystemMain,0.500,0,-0.0898,0.5128,0.1744,316.19,324.91,32.43,0.1030,0.5718,0.2566,280.93,15.25,341.13,0.0331,0.9080,0.1472,5.66,359.74,0.38,0.0663,0.3381,0.9520,0.00,0.01,0.00,0.0331,0.9080,0.1472,-0.0046,-0.0987,0.9951,29.71,0
14.8223,CoreSystemMain,0.500,0,-0.0899,0.5128,0.1743,316.19,324.84,32.45,0.1035,0.5693,0.2556,281.25,14.38,342.25,0.0329,0.9080,0.1472,5.66,359.72,0.42,0.0663,0.3381,0.9520,0.00,0.01,0.00,0.0329,0.9080,0.1472,-0.0048,-0.0987,0.9951,29.71,0
14.8334,CoreSystemMain,0.500,0,-0.0900,0.5129,0.1743,316.18,324.80,32.49,0.1040,0.5663,0.2544,281.70,13.49,343.36,0.0328,0.9079,0.1472,5.67,359.70,0.42,0.0661,0.3017,0.9513,0.00,0.01,0.00,0.0328,0.9079,0.1472,-0.0052,-0.0989,0.9951,31.41,0
14.8443,CoreSystemMain,0.500,0,-0.0901,0.5128,0.1742,316.17,324.71,32.53,0.1045,0.5630,0.2532,282.26,12.29,344.71,0.0326,0.9079,0.1473,5.67,359.68,0.43,0.0661,0.3017,0.9513,0.00,0.01,0.00,0.0326,0.9079,0.1473,-0.0055,-0.0988,0.9951,31.42,0
14.8677,CoreSystemMain,0.500,0,-0.0905,0.5127,0.1740,316.22,324.54,32.59,0.1055,0.5544,0.2502,283.87,8.30,348.62,0.0321,0.9079,0.1473,5.65,359.60,0.42,0.0660,0.2614,0.9507,0.00,0.01,0.00,0.0321,0.9079,0.1473,-0.0070,-0.0984,0.9951,33.26,0
14.8724,CoreSystemMain,0.500,0,-0.0906,0.5127,0.1740,316.26,324.49,32.60,0.1056,0.5522,0.2493,284.35,7.33,349.54,0.0320,0.9079,0.1474,5.64,359.57,0.42,0.0658,0.2171,0.9500,0.00,0.01,0.00,0.0320,0.9079,0.1474,-0.0074,-0.0983,0.9951,35.15,0
14.8837,CoreSystemMain,0.500,0,-0.0908,0.5126,0.1739,316.30,324.39,32.62,0.1060,0.5474,0.2473,285.46,5.35,351.34,0.0318,0.9079,0.1474,5.63,359.52,0.41,0.0658,0.2171,0.9500,0.00,0.01,0.00,0.0318,0.9079,0.1474,-0.0084,-0.0982,0.9951,35.16,0
14.8948,CoreSystemMain,0.500,0,-0.0910,0.5125,0.1739,316.35,324.30,32.65,0.1064,0.5425,0.2452,286.70,3.80,352.64,0.0315,0.9079,0.1474,5.64,359.46,0.41,0.0656,0.1690,0.9493,0.00,0.01,0.00,0.0315,0.9079,0.1474,-0.0094,-0.0983,0.9951,37.09,0
14.9103,CoreSystemMain,0.500,0,-0.0912,0.5125,0.1738,316.37,324.23,32.67,0.1072,0.5351,0.2421,288.51,2.00,354.25,0.0312,0.9078,0.1474,5.67,359.39,0.40,0.0654,0.1169,0.9486,0.00,0.01,0.00,0.0312,0.9078,0.1474,-0.0105,-0.0988,0.9951,39.03,0
14.9169,CoreSystemMain,0.500,0,-0.0914,0.5124,0.1737,316.43,324.19,32.71,0.1077,0.5310,0.2404,289.53,1.34,355.10,0.0310,0.9078,0.1475,5.69,359.36,0.40,0.0654,0.1169,0.9486,0.00,0.01,0.00,0.0310,0.9078,0.1475,-0.0111,-0.0991,0.9950,39.01,0
14.9283,CoreSystemMain,0.500,0,-0.0915,0.5123,0.1736,316.47,324.19,32.72,0.1086,0.5250,0.2381,291.02,0.50,356.22,0.0306,0.9076,0.1474,5.71,359.29,0.40,0.0652,0.0609,0.9479,0.00,0.01,0.00,0.0306,0.9076,0.1474,-0.0123,-0.0995,0.9950,40.97,0
14.9393,CoreSystemMain,0.500,0,-0.0917,0.5122,0.1735,316.49,324.17,32.72,0.1093,0.5199,0.2362,292.31,359.82,357.08,0.0304,0.9076,0.1475,5.73,359.25,0.41,0.0652,0.0609,0.9479,0.00,0.01,0.00,0.0304,0.9076,0.1475,-0.0130,-0.0998,0.9949,40.95,0
14.9504,CoreSystemMain,0.500,0,-0.0919,0.5121,0.1733,316.50,324.21,32.60,0.1105,0.5124,0.2336,294.39,359.19,358.15,0.0301,0.9074,0.1475,5.74,359.19,0.41,0.0651,0.0722,0.9477,359.90,0.02,0.01,0.0301,0.9074,0.1475,-0.0140,-0.0999,0.9949,40.57,0
14.9615,CoreSystemMain,0.500,0,-0.0921,0.5120,0.1731,316.48,324.18,32.58,0.1115,0.5060,0.2312,296.33,358.78,358.80,0.0299,0.9073,0.1475,5.72,359.15,0.45,0.0651,0.0722,0.9477,359.90,0.02,0.01,0.0299,0.9073,0.1475,-0.0147,-0.0997,0.9949,40.58,0
14.9727,CoreSystemMain,0.500,0,-0.0923,0.5119,0.1730,316.45,324.10,32.57,0.1127,0.4988,0.2289,298.68,358.50,359.24,0.0297,0.9072,0.1475,5.75,359.12,0.48,0.0651,0.0744,0.9478,359.98,0.01,0.05,0.0297,0.9072,0.1475,-0.0153,-0.1002,0.9949,40.47,0
14.9835,CoreSystemMain,0.500,0,-0.0925,0.5118,0.1729,316.47,324.04,32.57,0.1136,0.4924,0.2265,300.90,358.06,359.74,0.0295,0.9072,0.1475,5.78,359.08,0.52,0.0651,0.0744,0.9478,359.98,0.01,0.05,0.0295,0.9072,0.1475,-0.0160,-0.1007,0.9948,40.44,0
14.9948,CoreSystemMain,0.500,0,-0.0927,0.5116,0.1727,316.49,324.02,32.61,0.1146,0.4850,0.2233,303.81,357.46,359.97,0.0294,0.9070,0.1476,5.80,359.07,0.57,0.0651,0.0749,0.9479,0.00,0.01,0.02,0.0294,0.9070,0.1476,-0.0161,-0.1011,0.9947,40.40,0
15.0058,CoreSystemMain,0.500,0,-0.0928,0.5113,0.1727,316.54,324.07,32.59,0.1156,0.4779,0.2201,306.15,356.71,0.23,0.0292,0.9069,0.1475,5.82,359.08,0.60,0.0651,0.0749,0.9479,0.00,0.01,0.02,0.0292,0.9069,0.1475,-0.0159,-0.1015,0.9947,40.37,0
15.0168,CoreSystemMain,0.500,0,-0.0928,0.5111,0.1727,316.61,324.15,32.53,0.1167,0.4715,0.2172,308.26,355.85,0.46,0.0291,0.9068,0.1475,5.87,359.12,0.61,0.0652,0.0750,0.9479,0.01,0.01,0.00,0.0291,0.9068,0.1475,-0.0153,-0.1023,0.9946,40.32,0
15.0280,CoreSystemMain,0.500,0,-0.0928,0.5108,0.1727,316.69,324.34,32.38,0.1181,0.4653,0.2140,310.25,355.07,0.71,0.0291,0.9067,0.1475,5.90,359.15,0.63,0.0652,0.0750,0.9479,0.01,0.01,0.00,0.0291,0.9067,0.1475,-0.0147,-0.1028,0.9946,40.28,0
15.0392,CoreSystemMain,0.500,0,-0.0928,0.5105,0.1727,316.74,324.42,32.31,0.1196,0.4593,0.2107,312.09,355.06,0.77,0.0290,0.9066,0.1475,5.91,359.19,0.64,0.0652,0.0750,0.9479,0.00,0.01,0.00,0.0290,0.9066,0.1475,-0.0140,-0.1030,0.9946,40.26,0
15.0505,CoreSystemMain,0.500,0,-0.0928,0.5103,0.1727,316.77,324.44,32.33,0.1214,0.4539,0.2078,313.99,355.35,0.59,0.0290,0.9066,0.1474,5.93,359.22,0.66,0.0652,0.0750,0.9479,0.00,0.01,0.00,0.0290,0.9066,0.1474,-0.0136,-0.1032,0.9946,40.24,0
15.0615,CoreSystemMain,0.500,0,-0.0928,0.5101,0.1727,316.78,324.46,32.32,0.1234,0.4488,0.2047,316.26,355.98,0.27,0.0289,0.9065,0.1474,5.91,359.25,0.69,0.0652,0.0750,0.9479,0.00,0.01,0.00,0.0289,0.9065,0.1474,-0.0131,-0.1029,0.9946,40.26,0
15.0725,CoreSystemMain,0.500,0,-0.0928,0.5100,0.1727,316.75,324.55,32.28,0.1252,0.4438,0.2018,318.57,356.55,0.16,0.0289,0.9065,0.1474,5.90,359.26,0.70,0.0652,0.0750,0.9479,0.00,0.01,0.00,0.0289,0.9065,0.1474,-0.0129,-0.1028,0.9946,40.27,0
15.0836,CoreSystemMain,0.500,0,-0.0927,0.5100,0.1727,316.71,324.67,32.16,0.1269,0.4393,0.1987,321.00,357.27,359.98,0.0289,0.9065,0.1474,5.87,359.26,0.73,0.0652,0.0750,0.9479,0.00,0.01,0.00,0.0289,0.9065,0.1474,-0.0129,-0.1023,0.9947,40.29,0
15.0947,CoreSystemMain,0.500,0,-0.0927,0.5100,0.1727,316.64,324.85,32.01,0.1286,0.4350,0.1958,323.39,358.15,359.31,0.0289,0.9065,0.1474,5.88,359.27,0.73,0.0652,0.0750,0.9479,0.00,0.01,0.00,0.0289,0.9065,0.1474,-0.0127,-0.1024,0.9947,40.29,0
15.1058,CoreSystemMain,0.500,0,-0.0926,0.5101,0.1727,316.54,324.94,31.93,0.1302,0.4313,0.1928,325.60,359.10,358.04,0.0289,0.9065,0.1474,5.90,359.27,0.71,0.0652,0.0750,0.9479,0.00,0.01,0.00,0.0289,0.9065,0.1474,-0.0126,-0.1029,0.9946,40.26,0
15.1168,CoreSystemMain,0.500,0,-0.0926,0.5102,0.1727,316.49,324.94,31.89,0.1317,0.4278,0.1901,327.52,359.79,356.78,0.0289,0.9065,0.1473,5.91,359.28,0.69,0.0652,0.0750,0.9479,0.00,0.01,0.00,0.0289,0.9065,0.1473,-0.0124,-0.1030,0.9946,40.25,0
15.1280,CoreSystemMain,0.500,0,-0.0926,0.5103,0.1727,316.44,324.88,31.94,0.1331,0.4248,0.1873,329.07,0.30,355.43,0.0289,0.9065,0.1473,5.92,359.29,0.68,0.0652,0.0750,0.9479,0.00,0.01,0.00,0.0289,0.9065,0.1473,-0.0123,-0.1031,0.9946,40.24,0
15.1392,CoreSystemMain,0.500,0,-0.0926,0.5103,0.1728,316.45,324.80,32.03,0.1342,0.4218,0.1846,330.45,0.46,354.57,0.0289,0.9064,0.1472,5.93,359.31,0.69,0.0652,0.0750,0.9479,0.00,0.01,0.00,0.0289,0.9064,0.1472,-0.0121,-0.1034,0.9946,40.22,0
15.1502,CoreSystemMain,0.500,0,-0.0926,0.5104,0.1729,316.46,324.74,32.10,0.1354,0.4185,0.1823,332.00,0.54,354.18,0.0289,0.9064,0.1472,5.93,359.32,0.70,0.0652,0.0750,0.9479,0.00,0.01,0.00,0.0289,0.9064,0.1472,-0.0119,-0.1034,0.9946,40.21,0
15.1615,CoreSystemMain,0.500,0,-0.0926,0.5105,0.1730,316.52,324.66,32.21,0.1362,0.4164,0.1799,332.91,0.38,354.50,0.0290,0.9064,0.1471,5.94,359.33,0.72,0.0652,0.0750,0.9479,0.00,0.01,0.00,0.0290,0.9064,0.1471,-0.0117,-0.1035,0.9946,40.20,0
15.1724,CoreSystemMain,0.500,0,-0.0925,0.5106,0.1731,316.56,324.65,32.31,0.1370,0.4142,0.1775,333.48,0.25,355.33,0.0290,0.9064,0.1471,5.94,359.35,0.72,0.0652,0.0750,0.9479,0.00,0.01,0.00,0.0290,0.9064,0.1471,-0.0113,-0.1035,0.9946,40.20,0
15.1838,CoreSystemMain,0.500,0,-0.0923,0.5108,0.1731,316.52,324.63,32.39,0.1375,0.4127,0.1754,333.50,0.22,356.29,0.0290,0.9064,0.1470,5.95,359.36,0.71,0.0652,0.0750,0.9479,0.00,0.01,0.00,0.0290,0.9064,0.1470,-0.0111,-0.1036,0.9946,40.19,0
15.1948,CoreSystemMain,0.500,0,-0.0921,0.5109,0.1732,316.44,324.61,32.40,0.1382,0.4113,0.1734,333.48,0.19,356.99,0.0291,0.9064,0.1469,5.94,359.38,0.72,0.0652,0.0750,0.9479,0.00,0.01,0.00,0.0291,0.9064,0.1469,-0.0108,-0.1035,0.9946,40.19,0
15.2062,CoreSystemMain,0.500,0,-0.0920,0.5111,0.1733,316.35,324.61,32.39,0.1386,0.4101,0.1716,333.30,359.86,357.70,0.0291,0.9064,0.1469,5.94,359.40,0.73,0.0652,0.0750,0.9479,0.00,0.01,0.00,0.0291,0.9064,0.1469,-0.0104,-0.1035,0.9946,40.19,0
15.2169,CoreSystemMain,0.500,0,-0.0917,0.5113,0.1735,316.27,324.63,32.34,0.1384,0.4104,0.1702,332.28,359.54,357.66,0.0292,0.9064,0.1468,5.95,359.43,0.74,0.0652,0.0750,0.9479,0.00,0.01,0.00,0.0292,0.9064,0.1468,-0.0099,-0.1036,0.9946,40.18,0
15.2281,CoreSystemMain,0.500,0,-0.0915,0.5114,0.1736,316.21,324.64,32.30,0.1385,0.4107,0.1691,331.44,358.53,358.43,0.0293,0.9064,0.1467,5.94,359.47,0.75,0.0652,0.0750,0.9479,0.00,0.01,0.00,0.0293,0.9064,0.1467,-0.0093,-0.1034,0.9946,40.18,0
15.2393,CoreSystemMain,0.500,0,-0.0914,0.5115,0.1736,316.17,324.64,32.31,0.1388,0.4097,0.1677,331.57,358.28,358.51,0.0293,0.9064,0.1466,5.97,359.46,0.75,0.0652,0.0750,0.9479,0.00,0.01,0.00,0.0293,0.9064,0.1466,-0.0094,-0.1040,0.9945,40.15,0
15.2502,CoreSystemMain,0.500,0,-0.0912,0.5118,0.1738,316.19,324.54,32.46,0.1385,0.4120,0.1682,330.31,357.34,359.29,0.0294,0.9064,0.1466,5.93,359.47,0.79,0.0652,0.0750,0.9479,0.00,0.01,0.00,0.0294,0.9064,0.1466,-0.0092,-0.1034,0.9946,40.19,0
15.2614,CoreSystemMain,0.500,0,-0.0910,0.5121,0.1738,316.24,324.42,32.63,0.1383,0.4132,0.1686,329.87,357.72,358.94,0.0294,0.9064,0.1465,5.90,359.48,0.80,0.0652,0.0750,0.9479,0.00,0.01,0.00,0.0294,0.9064,0.1465,-0.0091,-0.1028,0.9947,40.21,0
15.2725,CoreSystemMain,0.500,0,-0.0908,0.5122,0.1738,316.27,324.33,32.74,0.1385,0.4138,0.1687,329.60,357.77,359.05,0.0295,0.9064,0.1465,5.87,359.47,0.80,0.0652,0.0750,0.9479,0.00,0.01,0.00,0.0295,0.9064,0.1465,-0.0092,-0.1022,0.9947,40.25,0
15.2835,CoreSystemMain,0.500,0,-0.0906,0.5124,0.1738,316.31,324.26,32.89,0.1380,0.4158,0.1703,329.22,358.65,357.95,0.0296,0.9065,0.1464,5.85,359.45,0.78,0.0652,0.0750,0.9479,0.00,0.01,0.00,0.0296,0.9065,0.1464,-0.0095,-0.1020,0.9947,40.26,0
15.2947,CoreSystemMain,0.500,0,-0.0903,0.5125,0.1738,316.30,324.25,32.94,0.1378,0.4169,0.1712,328.90,358.89,357.70,0.0296,0.9065,0.1464,5.85,359.45,0.78,0.0652,0.0750,0.9479,0.00,0.01,0.00,0.0296,0.9065,0.1464,-0.0096,-0.1019,0.9947,40.27,0
15.3059,CoreSystemMain,0.500,0,-0.0900,0.5126,0.1737,316.27,324.27,32.95,0.1374,0.4184,0.1724,328.58,359.14,357.30,0.0297,0.9066,0.1463,5.86,359.44,0.79,0.0652,0.0750,0.9479,0.00,0.01,0.00,0.0297,0.9066,0.1463,-0.0097,-0.1020,0.9947,40.26,0
15.3170,CoreSystemMain,0.500,0,-0.0898,0.5125,0.1737,316.22,324.31,32.92,0.1367,0.4201,0.1742,328.19,359.45,356.93,0.0298,0.9066,0.1462,5.87,359.43,0.79,0.0652,0.0750,0.9479,0.00,0.01,0.00,0.0298,0.9066,0.1462,-0.0099,-0.1023,0.9947,40.24,0
15.3280,CoreSystemMain,0.500,0,-0.0895,0.5124,0.1737,316.21,324.38,32.85,0.1359,0.4218,0.1758,327.75,359.74,356.58,0.0299,0.9067,0.1461,5.88,359.43,0.79,0.0652,0.0750,0.9479,0.00,0.01,0.00,0.0299,0.9067,0.1461,-0.0099,-0.1024,0.9947,40.23,0
15.3391,CoreSystemMain,0.500,0,-0.0892,0.5125,0.1737,316.19,324.39,32.87,0.1357,0.4228,0.1765,327.48,359.92,356.27,0.0300,0.9067,0.1460,5.89,359.44,0.80,0.0652,0.0750,0.9479,0.00,0.01,0.00,0.0300,0.9067,0.1460,-0.0097,-0.1025,0.9947,40.22,0
15.3502,CoreSystemMain,0.500,1,-0.0888,0.5123,0.1737,316.29,324.52,32.81,0.1343,0.4256,0.1791,326.94,359.74,355.52,0.0301,0.9068,0.1459,5.86,359.46,0.81,0.0652,0.0750,0.9479,0.00,0.01,0.00,0.0301,0.9068,0.1459,-0.0094,-0.1022,0.9947,40.24,0
15.3613,CoreSystemMain,0.500,1,-0.0885,0.5123,0.1737,316.34,324.59,32.82,0.1333,0.4272,0.1807,326.45,359.66,355.35,0.0303,0.9069,0.1458,5.85,359.49,0.81,0.0652,0.0750,0.9479,0.00,0.01,0.00,0.0303,0.9069,0.1458,-0.0089,-0.1019,0.9948,40.25,0
15.3727,CoreSystemMain,0.500,1,-0.0882,0.5122,0.1738,316.48,324.67,32.87,0.1316,0.4295,0.1835,325.41,359.10,355.62,0.0304,0.9070,0.1456,5.81,359.51,0.80,0.0651,0.0751,0.9479,0.00,0.01,0.00,0.0304,0.9070,0.1456,-0.0085,-0.1013,0.9948,40.28,0
15.3837,CoreSystemMain,0.500,1,-0.0879,0.5121,0.1738,316.54,324.72,32.90,0.1303,0.4315,0.1857,324.60,358.80,355.82,0.0306,0.9071,0.1455,5.77,359.54,0.79,0.0647,0.0756,0.9483,0.00,0.01,0.00,0.0306,0.9071,0.1455,-0.0080,-0.1005,0.9949,40.29,0
15.3947,CoreSystemMain,0.500,1,-0.0877,0.5121,0.1739,316.59,324.78,32.94,0.1290,0.4338,0.1884,323.65,358.72,355.87,0.0308,0.9073,0.1454,5.72,359.57,0.75,0.0640,0.0766,0.9491,0.00,0.01,0.00,0.0308,0.9073,0.1454,-0.0075,-0.0997,0.9950,40.27,0
15.4057,CoreSystemMain,0.500,1,-0.0875,0.5122,0.1738,316.50,324.86,32.88,0.1274,0.4375,0.1925,321.98,358.18,356.76,0.0309,0.9074,0.1453,5.66,359.59,0.70,0.0631,0.0786,0.9507,0.00,0.01,0.00,0.0309,0.9074,0.1453,-0.0072,-0.0986,0.9951,40.21,0
15.4172,CoreSystemMain,0.500,1,-0.0873,0.5122,0.1738,316.47,324.95,32.82,0.1262,0.4405,0.1956,320.79,358.34,356.54,0.0311,0.9075,0.1452,5.61,359.60,0.66,0.0621,0.0827,0.9538,0.00,0.01,0.00,0.0311,0.9075,0.1452,-0.0070,-0.0977,0.9952,40.00,0
15.4282,CoreSystemMain,0.500,1,-0.0871,0.5124,0.1738,316.42,325.06,32.73,0.1252,0.4438,0.1990,319.38,358.24,356.86,0.0313,0.9077,0.1451,5.56,359.61,0.61,0.0608,0.0882,0.9580,0.00,0.01,0.00,0.0313,0.9077,0.1451,-0.0068,-0.0968,0.9953,39.71,0
15.4393,CoreSystemMain,0.500,1,-0.0871,0.5125,0.1738,316.38,325.13,32.69,0.1243,0.4471,0.2024,317.88,358.02,357.56,0.0315,0.9077,0.1450,5.52,359.62,0.56,0.0599,0.0951,0.9631,0.00,0.01,0.00,0.0315,0.9077,0.1450,-0.0066,-0.0962,0.9953,39.32,0
15.4502,CoreSystemMain,0.500,1,-0.0870,0.5126,0.1738,316.34,325.25,32.66,0.1233,0.4511,0.2066,316.33,358.25,357.53,0.0317,0.9078,0.1449,5.50,359.63,0.51,0.0598,0.1036,0.9691,0.00,0.01,0.00,0.0317,0.9078,0.1449,-0.0065,-0.0959,0.9954,38.83,0
15.4615,CoreSystemMain,0.500,1,-0.0870,0.5129,0.1738,316.32,325.30,32.67,0.1221,0.4551,0.2106,315.05,358.66,357.14,0.0319,0.9079,0.1448,5.47,359.63,0.46,0.0600,0.1132,0.9757,0.00,0.01,0.00,0.0319,0.9079,0.1448,-0.0065,-0.0954,0.9954,38.29,0
15.4832,CoreSystemMain,0.500,1,-0.0872,0.5132,0.1739,316.19,325.32,32.67,0.1198,0.4645,0.2188,312.24,359.91,355.75,0.0322,0.9081,0.1446,5.44,359.67,0.38,0.0600,0.1235,0.9826,0.00,0.01,0.00,0.0322,0.9081,0.1446,-0.0057,-0.0948,0.9955,37.71,0
15.4871,CoreSystemMain,0.500,1,-0.0872,0.5133,0.1739,316.19,325.34,32.67,0.1194,0.4656,0.2199,311.84,359.98,355.69,0.0322,0.9081,0.1446,5.44,359.66,0.37,0.0599,0.1507,0.9987,0.00,0.01,0.00,0.0322,0.9081,0.1446,-0.0058,-0.0948,0.9955,36.17,0
15.4947,CoreSystemMain,0.500,1,-0.0873,0.5134,0.1740,316.13,325.38,32.61,0.1187,0.4695,0.2230,310.61,359.88,356.03,0.0324,0.9082,0.1445,5.42,359.68,0.35,0.0598,0.1532,1.0003,0.00,0.01,0.00,0.0324,0.9082,0.1445,-0.0056,-0.0944,0.9955,36.04,0
15.5066,CoreSystemMain,0.500,1,-0.0875,0.5136,0.1741,316.08,325.43,32.51,0.1175,0.4749,0.2270,308.95,0.13,355.75,0.0326,0.9084,0.1444,5.38,359.70,0.31,0.0599,0.1598,1.0040,0.00,0.01,0.00,0.0326,0.9084,0.1444,-0.0053,-0.0937,0.9956,35.71,0
15.5173,CoreSystemMain,0.500,1,-0.0877,0.5138,0.1741,316.00,325.48,32.42,0.1166,0.4803,0.2308,307.24,0.45,355.40,0.0328,0.9085,0.1444,5.35,359.72,0.30,0.0599,0.1731,1.0107,0.00,0.01,0.00,0.0328,0.9085,0.1444,-0.0049,-0.0932,0.9956,35.02,0
15.5319,CoreSystemMain,0.500,1,-0.0879,0.5140,0.1743,315.93,325.51,32.33,0.1153,0.4871,0.2357,305.16,0.85,355.09,0.0330,0.9086,0.1443,5.32,359.73,0.27,0.0599,0.1858,1.0165,0.00,0.01,0.00,0.0330,0.9086,0.1443,-0.0047,-0.0926,0.9957,34.37,0
15.5397,CoreSystemMain,0.500,1,-0.0879,0.5141,0.1743,315.90,325.54,32.31,0.1146,0.4903,0.2382,304.18,1.12,354.86,0.0331,0.9087,0.1443,5.31,359.74,0.25,0.0601,0.2053,1.0241,0.00,0.01,0.00,0.0331,0.9087,0.1443,-0.0046,-0.0926,0.9957,33.37,0
15.5506,CoreSystemMain,0.500,1,-0.0884,0.5142,0.1746,315.89,325.48,32.33,0.1137,0.4967,0.2416,302.40,1.60,354.69,0.0333,0.9088,0.1443,5.30,359.74,0.24,0.0601,0.2133,1.0271,0.00,0.01,0.00,0.0333,0.9088,0.1443,-0.0044,-0.0924,0.9957,32.97,0
15.5616,CoreSystemMain,0.500,1,-0.0886,0.5144,0.1747,315.91,325.45,32.32,0.1128,0.5020,0.2449,300.84,2.10,354.30,0.0334,0.9089,0.1442,5.29,359.76,0.23,0.0611,0.2277,1.0314,0.00,0.01,0.00,0.0334,0.9089,0.1442,-0.0041,-0.0923,0.9957,32.26,0
15.5727,CoreSystemMain,0.500,1,-0.0887,0.5145,0.1749,315.89,325.47,32.30,0.1118,0.5071,0.2485,299.35,2.38,354.17,0.0335,0.9090,0.1442,5.27,359.77,0.21,0.0623,0.2419,1.0351,0.00,0.01,0.00,0.0335,0.9090,0.1442,-0.0040,-0.0919,0.9958,31.59,0
15.5840,CoreSystemMain,0.500,1,-0.0893,0.5147,0.1749,315.86,325.37,32.32,0.1112,0.5127,0.2508,297.89,2.93,353.68,0.0336,0.9091,0.1442,5.26,359.77,0.16,0.0635,0.2561,1.0382,0.00,0.01,0.00,0.0336,0.9091,0.1442,-0.0040,-0.0916,0.9958,30.94,0
15.5950,CoreSystemMain,0.500,1,-0.0896,0.5150,0.1750,315.79,325.28,32.33,0.1104,0.5179,0.2534,296.53,3.58,353.06,0.0337,0.9092,0.1442,5.23,359.76,0.13,0.0647,0.2702,1.0405,0.00,0.01,0.00,0.0337,0.9092,0.1442,-0.0042,-0.0911,0.9958,30.31,0
15.6061,CoreSystemMain,0.500,1,-0.0898,0.5152,0.1751,315.70,325.22,32.35,0.1095,0.5231,0.2561,295.22,4.54,352.10,0.0338,0.9093,0.1442,5.19,359.75,0.10,0.0658,0.2833,1.0420,0.00,0.01,0.00,0.0338,0.9093,0.1442,-0.0044,-0.0904,0.9959,29.76,0
15.6172,CoreSystemMain,0.500,1,-0.0901,0.5154,0.1752,315.64,325.14,32.34,0.1087,0.5280,0.2584,294.02,5.66,351.04,0.0338,0.9094,0.1443,5.15,359.72,0.08,0.0670,0.2964,1.0430,0.00,0.01,0.00,0.0338,0.9094,0.1443,-0.0049,-0.0897,0.9960,29.22,0
15.6284,CoreSystemMain,0.500,1,-0.0903,0.5155,0.1753,315.58,325.08,32.34,0.1079,0.5329,0.2606,292.86,6.78,350.11,0.0338,0.9095,0.1443,5.13,359.68,0.06,0.0683,0.3088,1.0435,0.00,0.01,0.00,0.0338,0.9095,0.1443,-0.0055,-0.0894,0.9960,28.69,0
15.6393,CoreSystemMain,0.500,1,-0.0905,0.5157,0.1754,315.55,325.02,32.33,0.1072,0.5373,0.2625,291.75,7.67,349.39,0.0339,0.9095,0.1444,5.11,359.64,0.05,0.0702,0.3210,1.0435,0.00,0.01,0.00,0.0339,0.9095,0.1444,-0.0062,-0.0891,0.9960,28.19,0
15.6507,CoreSystemMain,0.500,1,-0.0906,0.5158,0.1754,315.52,324.97,32.36,0.1066,0.5414,0.2640,290.72,8.66,348.48,0.0338,0.9096,0.1444,5.10,359.61,0.05,0.0721,0.3322,1.0430,0.00,0.01,0.00,0.0338,0.9096,0.1444,-0.0068,-0.0889,0.9960,27.72,0
15.6618,CoreSystemMain,0.500,1,-0.0907,0.5159,0.1755,315.52,324.88,32.38,0.1061,0.5442,0.2648,290.09,8.95,347.97,0.0338,0.9096,0.1445,5.10,359.58,0.05,0.0742,0.3433,1.0421,0.00,0.01,0.00,0.0338,0.9096,0.1445,-0.0073,-0.0888,0.9960,27.27,0
15.6728,CoreSystemMain,0.500,1,-0.0909,0.5159,0.1756,315.53,324.80,32.40,0.1052,0.5489,0.2666,289.03,9.73,347.16,0.0338,0.9096,0.1446,5.11,359.54,0.02,0.0752,0.3526,1.0411,0.00,0.01,0.00,0.0338,0.9096,0.1446,-0.0081,-0.0891,0.9960,26.87,0
15.6839,CoreSystemMain,0.500,1,-0.0909,0.5160,0.1756,315.59,324.75,32.43,0.1045,0.5525,0.2679,288.34,10.75,346.04,0.0337,0.9096,0.1446,5.12,359.51,0.02,0.0760,0.3619,1.0398,0.00,0.01,0.00,0.0337,0.9096,0.1446,-0.0085,-0.0893,0.9960,26.48,0
15.6950,CoreSystemMain,0.500,1,-0.0909,0.5160,0.1756,315.63,324.74,32.49,0.1041,0.5543,0.2680,288.08,11.42,345.20,0.0336,0.9096,0.1447,5.12,359.48,0.01,0.0766,0.3707,1.0383,0.00,0.01,0.00,0.0336,0.9096,0.1447,-0.0090,-0.0892,0.9960,26.13,0
15.7060,CoreSystemMain,0.500,1,-0.0910,0.5161,0.1757,315.66,324.67,32.56,0.1032,0.5590,0.2697,287.02,12.74,343.80,0.0335,0.9096,0.1448,5.11,359.45,0.01,0.0769,0.3779,1.0370,0.00,0.01,0.00,0.0335,0.9096,0.1448,-0.0095,-0.0890,0.9960,25.85,0
15.7173,CoreSystemMain,0.500,1,-0.0909,0.5161,0.1757,315.67,324.65,32.59,0.1027,0.5618,0.2707,286.22,13.70,342.84,0.0334,0.9097,0.1449,5.10,359.44,0.00,0.0772,0.3859,1.0352,0.00,0.01,0.00,0.0334,0.9097,0.1449,-0.0098,-0.0889,0.9960,25.54,0
15.7285,CoreSystemMain,0.500,1,-0.0908,0.5160,0.1756,315.67,324.67,32.62,0.1023,0.5640,0.2708,285.45,13.96,342.72,0.0333,0.9096,0.1450,5.10,359.40,0.00,0.0775,0.3939,1.0330,0.00,0.01,0.00,0.0333,0.9096,0.1450,-0.0104,-0.0889,0.9960,25.23,0
15.7395,CoreSystemMain,0.500,1,-0.0907,0.5159,0.1755,315.63,324.65,32.63,0.1018,0.5663,0.2712,284.60,14.18,342.67,0.0332,0.9096,0.1451,5.09,359.39,0.00,0.0779,0.4014,1.0307,0.00,0.01,0.00,0.0332,0.9096,0.1451,-0.0106,-0.0887,0.9960,24.95,0
15.7505,CoreSystemMain,0.500,1,-0.0907,0.5159,0.1755,315.64,324.63,32.64,0.1013,0.5691,0.2721,283.71,14.70,342.28,0.0331,0.9096,0.1452,5.08,359.37,0.01,0.0784,0.4086,1.0281,0.00,0.01,0.00,0.0331,0.9096,0.1452,-0.0110,-0.0885,0.9960,24.69,0
15.7618,CoreSystemMain,0.500,1,-0.0905,0.5157,0.1753,315.63,324.71,32.57,0.1010,0.5704,0.2719,282.97,14.04,343.16,0.0329,0.9096,0.1453,5.08,359.37,0.01,0.0789,0.4159,1.0252,0.00,0.01,0.00,0.0329,0.9096,0.1453,-0.0110,-0.0885,0.9960,24.43,0
15.7728,CoreSystemMain,0.500,1,-0.0904,0.5155,0.1753,315.66,324.77,32.53,0.1005,0.5720,0.2721,282.34,13.22,344.00,0.0328,0.9095,0.1455,5.08,359.35,0.03,0.0794,0.4229,1.0221,0.00,0.01,0.00,0.0328,0.9095,0.1455,-0.0113,-0.0885,0.9960,24.18,0
15.7838,CoreSystemMain,0.500,1,-0.0904,0.5154,0.1753,315.70,324.80,32.51,0.1001,0.5741,0.2728,281.61,13.21,344.03,0.0326,0.9095,0.1456,5.08,359.32,0.07,0.0794,0.4291,1.0192,0.00,0.01,0.00,0.0326,0.9095,0.1456,-0.0117,-0.0885,0.9960,23.96,0
15.7950,CoreSystemMain,0.500,1,-0.0902,0.5151,0.1752,315.78,324.84,32.49,0.0997,0.5748,0.2726,281.33,11.88,345.32,0.0325,0.9094,0.1458,5.07,359.31,0.13,0.0793,0.4353,1.0161,0.00,0.01,0.00,0.0325,0.9094,0.1458,-0.0121,-0.0884,0.9960,23.74,0
15.8059,CoreSystemMain,0.500,1,-0.0902,0.5148,0.1751,315.85,324.81,32.50,0.0994,0.5758,0.2726,281.14,12.33,344.75,0.0323,0.9093,0.1459,5.09,359.29,0.18,0.0787,0.4405,1.0135,0.00,0.01,0.00,0.0323,0.9093,0.1459,-0.0124,-0.0887,0.9960,23.54,0
15.8173,CoreSystemMain,0.500,1,-0.0901,0.5145,0.1750,315.94,324.76,32.55,0.0991,0.5767,0.2725,281.10,13.80,343.23,0.0321,0.9092,0.1460,5.12,359.29,0.21,0.0781,0.4448,1.0113,0.00,0.01,0.00,0.0321,0.9092,0.1460,-0.0123,-0.0892,0.9959,23.34,0
15.8285,CoreSystemMain,0.500,1,-0.0900,0.5142,0.1749,316.01,324.75,32.59,0.0989,0.5778,0.2726,280.92,15.05,341.88,0.0320,0.9091,0.1462,5.15,359.29,0.23,0.0777,0.4486,1.0094,0.00,0.01,0.00,0.0320,0.9091,0.1462,-0.0123,-0.0898,0.9959,23.17,0
15.8395,CoreSystemMain,0.500,1,-0.0899,0.5138,0.1748,316.12,324.79,32.57,0.0987,0.5786,0.2725,280.88,16.00,340.75,0.0319,0.9090,0.1464,5.18,359.31,0.25,0.0774,0.4520,1.0076,0.00,0.01,0.00,0.0319,0.9090,0.1464,-0.0121,-0.0903,0.9958,23.01,0
15.8505,CoreSystemMain,0.500,1,-0.0899,0.5135,0.1748,316.22,324.88,32.54,0.0986,0.5791,0.2725,280.76,16.40,340.18,0.0317,0.9089,0.1465,5.20,359.32,0.26,0.0770,0.4550,1.0061,0.00,0.01,0.00,0.0317,0.9089,0.1465,-0.0119,-0.0907,0.9958,22.88,0
15.8616,CoreSystemMain,0.500,1,-0.0898,0.5132,0.1747,316.30,324.93,32.55,0.0985,0.5795,0.2724,280.65,16.18,340.25,0.0316,0.9088,0.1466,5.23,359.32,0.26,0.0765,0.4576,1.0047,0.00,0.01,0.00,0.0316,0.9088,0.1466,-0.0118,-0.0912,0.9958,22.74,0
15.8727,CoreSystemMain,0.500,1,-0.0898,0.5129,0.1747,316.37,324.96,32.57,0.0984,0.5797,0.2724,280.48,15.29,341.08,0.0315,0.9088,0.1468,5.27,359.35,0.27,0.0759,0.4601,1.0034,0.00,0.01,0.00,0.0315,0.9088,0.1468,-0.0114,-0.0919,0.9957,22.61,0
15.8839,CoreSystemMain,0.500,1,-0.0897,0.5125,0.1746,316.40,324.96,32.58,0.0983,0.5799,0.2724,280.27,14.49,342.02,0.0313,0.9086,0.1469,5.31,359.36,0.29,0.0751,0.4623,1.0022,0.00,0.01,0.00,0.0313,0.9086,0.1469,-0.0112,-0.0925,0.9957,22.48,0
15.8950,CoreSystemMain,0.500,1,-0.0897,0.5123,0.1745,316.46,325.01,32.54,0.0982,0.5802,0.2725,279.99,13.63,343.07,0.0312,0.9085,0.1471,5.34,359.37,0.31,0.0745,0.4643,1.0010,0.00,0.01,0.00,0.0312,0.9085,0.1471,-0.0110,-0.0931,0.9956,22.36,0
15.9060,CoreSystemMain,0.500,1,-0.0897,0.5120,0.1744,316.46,325.08,32.47,0.0983,0.5800,0.2724,279.90,12.15,344.86,0.0311,0.9085,0.1472,5.37,359.39,0.32,0.0739,0.4663,0.9999,0.00,0.01,0.00,0.0311,0.9085,0.1472,-0.0106,-0.0936,0.9956,22.26,0
15.9173,CoreSystemMain,0.500,1,-0.0897,0.5118,0.1744,316.44,325.12,32.39,0.0983,0.5799,0.2723,279.83,12.52,344.74,0.0310,0.9084,0.1473,5.41,359.40,0.34,0.0735,0.4681,0.9988,0.00,0.01,0.00,0.0310,0.9084,0.1473,-0.0104,-0.0943,0.9955,22.15,0
15.9284,CoreSystemMain,0.500,1,-0.0898,0.5116,0.1744,316.47,325.10,32.33,0.0984,0.5797,0.2722,279.90,13.31,344.03,0.0309,0.9082,0.1474,5.43,359.43,0.36,0.0734,0.4697,0.9978,0.00,0.01,0.00,0.0309,0.9082,0.1474,-0.0099,-0.0946,0.9955,22.07,0
15.9393,CoreSystemMain,0.500,1,-0.0898,0.5114,0.1743,316.51,325.05,32.34,0.0985,0.5798,0.2721,279.88,13.57,343.74,0.0309,0.9082,0.1476,5.46,359.45,0.38,0.0735,0.4711,0.9970,0.00,0.01,0.00,0.0309,0.9082,0.1476,-0.0095,-0.0951,0.9954,21.99,0
15.9504,CoreSystemMain,0.500,1,-0.0900,0.5112,0.1742,316.57,324.99,32.41,0.0987,0.5795,0.2719,279.93,13.58,343.56,0.0308,0.9080,0.1477,5.48,359.47,0.39,0.0735,0.4723,0.9963,0.00,0.01,0.00,0.0308,0.9080,0.1477,-0.0091,-0.0955,0.9954,21.92,0
15.9617,CoreSystemMain,0.500,1,-0.0901,0.5111,0.1742,316.66,324.98,32.48,0.0988,0.5793,0.2717,279.88,13.13,343.87,0.0307,0.9079,0.1478,5.51,359.51,0.41,0.0734,0.4733,0.9956,0.00,0.01,0.00,0.0307,0.9079,0.1478,-0.0085,-0.0959,0.9954,21.84,0
15.9728,CoreSystemMain,0.500,1,-0.0902,0.5109,0.1741,316.72,324.96,32.52,0.0989,0.5790,0.2717,279.82,12.67,344.30,0.0306,0.9078,0.1479,5.54,359.52,0.41,0.0732,0.4743,0.9951,0.00,0.01,0.00,0.0306,0.9078,0.1479,-0.0084,-0.0965,0.9953,21.77,0
15.9838,CoreSystemMain,0.500,1,-0.0905,0.5108,0.1743,316.78,324.90,32.56,0.0987,0.5789,0.2717,279.77,12.09,344.95,0.0305,0.9077,0.1479,5.56,359.53,0.43,0.0730,0.4751,0.9945,0.00,0.01,0.00,0.0305,0.9077,0.1479,-0.0081,-0.0968,0.9953,21.72,0
15.9950,CoreSystemMain,0.500,1,-0.0907,0.5106,0.1743,316.76,324.90,32.52,0.0990,0.5783,0.2717,279.82,11.66,345.50,0.0305,0.9076,0.1480,5.58,359.54,0.43,0.0728,0.4760,0.9940,0.00,0.01,0.00,0.0305,0.9076,0.1480,-0.0080,-0.0973,0.9952,21.66,0
16.0061,CoreSystemMain,0.500,1,-0.0908,0.5106,0.1742,316.72,324.85,32.45,0.0992,0.5777,0.2717,280.01,12.11,345.22,0.0304,0.9076,0.1481,5.60,359.55,0.43,0.0726,0.4767,0.9935,0.00,0.01,0.00,0.0304,0.9076,0.1481,-0.0079,-0.0976,0.9952,21.61,0
16.0172,CoreSystemMain,0.500,1,-0.0910,0.5105,0.1742,316.67,324.80,32.42,0.0994,0.5773,0.2717,280.29,12.76,344.70,0.0303,0.9075,0.1481,5.63,359.53,0.43,0.0726,0.4772,0.9932,0.00,0.01,0.00,0.0303,0.9075,0.1481,-0.0081,-0.0981,0.9951,21.56,0
16.0283,CoreSystemMain,0.500,1,-0.0912,0.5105,0.1742,316.63,324.79,32.43,0.0997,0.5768,0.2717,280.61,13.55,343.93,0.0303,0.9074,0.1482,5.64,359.54,0.45,0.0727,0.4775,0.9930,0.00,0.01,0.00,0.0303,0.9074,0.1482,-0.0080,-0.0983,0.9951,21.54,0
16.0395,CoreSystemMain,0.500,1,-0.0913,0.5105,0.1742,316.62,324.81,32.39,0.0999,0.5761,0.2717,280.99,14.07,343.26,0.0302,0.9074,0.1483,5.66,359.53,0.45,0.0729,0.4778,0.9929,0.00,0.01,0.00,0.0302,0.9074,0.1483,-0.0081,-0.0986,0.9951,21.51,0
16.0506,CoreSystemMain,0.500,1,-0.0917,0.5104,0.1742,316.65,324.86,32.34,0.1000,0.5756,0.2716,281.10,13.80,343.46,0.0301,0.9073,0.1483,5.66,359.52,0.46,0.0729,0.4779,0.9929,0.00,0.01,0.00,0.0301,0.9073,0.1483,-0.0083,-0.0987,0.9951,21.50,0
16.0615,CoreSystemMain,0.500,1,-0.0918,0.5105,0.1742,316.67,324.86,32.35,0.1002,0.5749,0.2716,281.16,13.15,344.15,0.0301,0.9073,0.1483,5.68,359.51,0.47,0.0730,0.4780,0.9929,0.00,0.01,0.00,0.0301,0.9073,0.1483,-0.0085,-0.0989,0.9951,21.48,0
16.0727,CoreSystemMain,0.500,1,-0.0920,0.5105,0.1742,316.68,324.80,32.39,0.1004,0.5742,0.2717,281.21,12.64,344.82,0.0300,0.9073,0.1484,5.69,359.51,0.48,0.0730,0.4781,0.9929,0.00,0.01,0.00,0.0300,0.9073,0.1484,-0.0084,-0.0991,0.9950,21.47,0
16.0839,CoreSystemMain,0.500,1,-0.0921,0.5104,0.1743,316.67,324.77,32.42,0.1006,0.5737,0.2717,281.28,12.84,344.77,0.0300,0.9072,0.1484,5.69,359.50,0.50,0.0730,0.4782,0.9930,0.00,0.01,0.00,0.0300,0.9072,0.1484,-0.0087,-0.0992,0.9950,21.46,0
16.0949,CoreSystemMain,0.500,1,-0.0922,0.5105,0.1743,316.67,324.75,32.43,0.1010,0.5730,0.2719,281.38,13.49,344.31,0.0300,0.9072,0.1484,5.68,359.49,0.52,0.0731,0.4782,0.9930,0.00,0.01,0.00,0.0300,0.9072,0.1484,-0.0089,-0.0990,0.9950,21.47,0
16.1060,CoreSystemMain,0.500,1,-0.0922,0.5105,0.1743,316.67,324.74,32.39,0.1009,0.5727,0.2720,281.44,14.14,343.78,0.0299,0.9072,0.1484,5.66,359.49,0.52,0.0734,0.4782,0.9930,0.00,0.01,0.00,0.0299,0.9072,0.1484,-0.0089,-0.0987,0.9951,21.49,0
16.1173,CoreSystemMain,0.500,0,-0.0922,0.5106,0.1743,316.65,324.75,32.38,0.1011,0.5719,0.2722,281.56,14.51,343.53,0.0299,0.9072,0.1485,5.66,359.48,0.49,0.0737,0.4782,0.9930,0.00,0.01,0.00,0.0299,0.9072,0.1485,-0.0090,-0.0986,0.9951,21.50,0
16.1282,CoreSystemMain,0.500,0,-0.0922,0.5106,0.1743,316.62,324.77,32.36,0.1013,0.5711,0.2724,281.61,14.81,343.75,0.0299,0.9072,0.1485,5.64,359.48,0.47,0.0736,0.4781,0.9920,0.00,0.01,0.00,0.0299,0.9072,0.1485,-0.0090,-0.0983,0.9951,21.55,0
16.1391,CoreSystemMain,0.500,0,-0.0922,0.5107,0.1743,316.59,324.77,32.39,0.1015,0.5702,0.2726,281.78,15.41,343.56,0.0299,0.9073,0.1485,5.63,359.47,0.45,0.0736,0.4781,0.9920,0.00,0.01,0.00,0.0299,0.9073,0.1485,-0.0091,-0.0982,0.9951,21.56,0
16.1505,CoreSystemMain,0.500,0,-0.0922,0.5108,0.1743,316.54,324.78,32.40,0.1017,0.5692,0.2729,282.09,16.35,342.93,0.0299,0.9073,0.1485,5.64,359.47,0.45,0.0735,0.4740,0.9909,0.00,0.01,0.00,0.0299,0.9073,0.1485,-0.0091,-0.0983,0.9951,21.80,0
16.1617,CoreSystemMain,0.500,0,-0.0922,0.5108,0.1743,316.51,324.80,32.39,0.1021,0.5681,0.2730,282.66,17.18,341.88,0.0298,0.9073,0.1485,5.65,359.47,0.46,0.0735,0.4740,0.9909,0.00,0.01,0.00,0.0298,0.9073,0.1485,-0.0092,-0.0984,0.9951,21.80,0
16.1725,CoreSystemMain,0.500,0,-0.0922,0.5108,0.1743,316.49,324.82,32.35,0.1025,0.5669,0.2730,283.43,17.73,340.76,0.0299,0.9073,0.1485,5.64,359.46,0.47,0.0734,0.4660,0.9898,0.00,0.01,0.00,0.0299,0.9073,0.1485,-0.0093,-0.0982,0.9951,22.26,0
16.1837,CoreSystemMain,0.500,0,-0.0921,0.5108,0.1742,316.49,324.79,32.33,0.1024,0.5656,0.2731,284.21,18.16,340.41,0.0299,0.9073,0.1485,5.63,359.47,0.49,0.0734,0.4660,0.9898,0.00,0.01,0.00,0.0299,0.9073,0.1485,-0.0091,-0.0980,0.9951,22.27,0
16.1949,CoreSystemMain,0.500,0,-0.0921,0.5108,0.1742,316.49,324.76,32.34,0.1027,0.5639,0.2731,284.81,17.70,340.78,0.0298,0.9073,0.1485,5.63,359.48,0.50,0.0733,0.4540,0.9887,0.00,0.01,0.00,0.0298,0.9073,0.1485,-0.0090,-0.0981,0.9951,22.92,0
16.2059,CoreSystemMain,0.500,0,-0.0921,0.5108,0.1743,316.50,324.74,32.36,0.1030,0.5626,0.2731,285.20,17.38,341.00,0.0299,0.9073,0.1485,5.64,359.49,0.51,0.0733,0.4540,0.9887,0.00,0.01,0.00,0.0299,0.9073,0.1485,-0.0089,-0.0983,0.9951,22.91,0
16.2170,CoreSystemMain,0.500,0,-0.0920,0.5108,0.1743,316.54,324.72,32.43,0.1032,0.5601,0.2730,285.46,15.36,343.22,0.0299,0.9073,0.1485,5.62,359.50,0.53,0.0732,0.4382,0.9877,0.00,0.01,0.00,0.0299,0.9073,0.1485,-0.0086,-0.0979,0.9952,23.78,0
16.2281,CoreSystemMain,0.500,0,-0.0919,0.5108,0.1744,316.58,324.69,32.47,0.1034,0.5577,0.2728,285.68,13.94,345.13,0.0299,0.9073,0.1485,5.63,359.51,0.53,0.0732,0.4382,0.9877,0.00,0.01,0.00,0.0299,0.9073,0.1485,-0.0086,-0.0981,0.9951,23.77,0
16.2394,CoreSystemMain,0.500,0,-0.0919,0.5108,0.1745,316.60,324.73,32.43,0.1038,0.5552,0.2723,285.96,12.74,346.61,0.0299,0.9073,0.1484,5.63,359.53,0.54,0.0730,0.4184,0.9866,0.00,0.01,0.00,0.0299,0.9073,0.1484,-0.0082,-0.0981,0.9951,24.81,0
16.2586,CoreSystemMain,0.500,0,-0.0917,0.5109,0.1745,316.60,324.69,32.50,0.1042,0.5504,0.2707,286.81,11.39,348.13,0.0299,0.9073,0.1484,5.64,359.54,0.51,0.0729,0.3947,0.9855,0.00,0.01,0.00,0.0299,0.9073,0.1484,-0.0080,-0.0982,0.9951,26.01,0
16.2624,CoreSystemMain,0.500,0,-0.0917,0.5109,0.1745,316.59,324.66,32.52,0.1043,0.5496,0.2705,287.00,11.14,348.38,0.0299,0.9073,0.1484,5.63,359.53,0.51,0.0729,0.3947,0.9855,0.00,0.01,0.00,0.0299,0.9073,0.1484,-0.0081,-0.0981,0.9951,26.02,0
16.2725,CoreSystemMain,0.500,0,-0.0916,0.5110,0.1745,316.60,324.59,32.62,0.1048,0.5456,0.2691,287.97,10.12,349.11,0.0298,0.9074,0.1484,5.63,359.54,0.49,0.0728,0.3670,0.9844,0.00,0.01,0.00,0.0298,0.9074,0.1484,-0.0079,-0.0981,0.9951,27.40,0
16.2835,CoreSystemMain,0.500,0,-0.0915,0.5111,0.1745,316.57,324.52,32.71,0.1051,0.5428,0.2679,288.64,9.56,349.26,0.0297,0.9074,0.1484,5.61,359.53,0.45,0.0728,0.3670,0.9844,0.00,0.01,0.00,0.0297,0.9074,0.1484,-0.0082,-0.0977,0.9952,27.42,0
16.3065,CoreSystemMain,0.500,0,-0.0914,0.5113,0.1743,316.51,324.55,32.73,0.1059,0.5358,0.2642,290.25,8.52,349.63,0.0296,0.9075,0.1484,5.56,359.48,0.38,0.0727,0.3355,0.9833,0.00,0.01,0.00,0.0296,0.9075,0.1484,-0.0090,-0.0969,0.9953,29.00,0
16.3170,CoreSystemMain,0.500,0,-0.0913,0.5116,0.1741,316.49,324.56,32.70,0.1062,0.5319,0.2621,290.96,7.65,350.39,0.0294,0.9075,0.1484,5.53,359.44,0.37,0.0726,0.3000,0.9823,0.00,0.01,0.00,0.0294,0.9075,0.1484,-0.0097,-0.0964,0.9953,30.68,0
16.3282,CoreSystemMain,0.500,0,-0.0914,0.5117,0.1740,316.45,324.54,32.71,0.1066,0.5281,0.2602,291.62,6.74,351.33,0.0293,0.9075,0.1485,5.52,359.38,0.35,0.0725,0.2606,0.9812,0.00,0.01,0.00,0.0293,0.9075,0.1485,-0.0107,-0.0962,0.9953,32.45,0
16.3392,CoreSystemMain,0.500,0,-0.0915,0.5118,0.1738,316.40,324.41,32.69,0.1071,0.5235,0.2578,292.32,5.34,352.94,0.0292,0.9075,0.1485,5.50,359.34,0.35,0.0725,0.2606,0.9812,0.00,0.01,0.00,0.0292,0.9075,0.1485,-0.0115,-0.0959,0.9953,32.47,0
16.3505,CoreSystemMain,0.500,0,-0.0917,0.5119,0.1737,316.40,324.29,32.76,0.1076,0.5194,0.2556,293.03,4.26,354.18,0.0290,0.9075,0.1485,5.51,359.29,0.36,0.0724,0.2173,0.9801,0.00,0.01,0.00,0.0290,0.9075,0.1485,-0.0124,-0.0960,0.9953,34.31,0
16.3615,CoreSystemMain,0.500,0,-0.0918,0.5119,0.1736,316.41,324.17,32.86,0.1080,0.5154,0.2534,293.80,3.39,355.15,0.0289,0.9074,0.1486,5.51,359.24,0.38,0.0724,0.2173,0.9801,0.00,0.01,0.00,0.0289,0.9074,0.1486,-0.0132,-0.0960,0.9953,34.31,0
16.3725,CoreSystemMain,0.500,0,-0.0921,0.5120,0.1734,316.43,324.10,32.93,0.1085,0.5105,0.2504,294.80,2.53,356.11,0.0288,0.9074,0.1486,5.53,359.19,0.39,0.0723,0.1700,0.9790,0.00,0.01,0.00,0.0288,0.9074,0.1486,-0.0141,-0.0963,0.9953,36.20,0
16.3836,CoreSystemMain,0.500,0,-0.0923,0.5119,0.1733,316.47,324.09,32.92,0.1090,0.5060,0.2476,295.80,1.89,356.75,0.0287,0.9073,0.1487,5.55,359.15,0.41,0.0723,0.1700,0.9790,0.00,0.01,0.00,0.0287,0.9073,0.1487,-0.0148,-0.0967,0.9952,36.18,0
16.3946,CoreSystemMain,0.500,0,-0.0925,0.5117,0.1732,316.50,324.14,32.80,0.1094,0.5011,0.2442,297.00,1.33,357.16,0.0286,0.9073,0.1487,5.59,359.10,0.43,0.0722,0.1188,0.9779,0.00,0.01,0.00,0.0286,0.9073,0.1487,-0.0156,-0.0974,0.9951,38.08,0
16.4061,CoreSystemMain,0.500,0,-0.0927,0.5115,0.1731,316.51,324.15,32.66,0.1098,0.4961,0.2407,298.48,0.88,357.43,0.0284,0.9072,0.1487,5.61,359.09,0.47,0.0722,0.1188,0.9779,0.00,0.01,0.00,0.0284,0.9072,0.1487,-0.0159,-0.0977,0.9951,38.06,0
16.4171,CoreSystemMain,0.500,0,-0.0929,0.5113,0.1730,316.53,324.09,32.63,0.1102,0.4907,0.2369,300.19,0.45,357.57,0.0283,0.9071,0.1487,5.63,359.06,0.48,0.0721,0.0637,0.9769,0.00,0.01,0.00,0.0283,0.9071,0.1487,-0.0163,-0.0981,0.9950,40.00,0
16.4282,CoreSystemMain,0.500,0,-0.0930,0.5112,0.1730,316.58,324.08,32.60,0.1106,0.4860,0.2338,301.56,359.93,357.91,0.0283,0.9070,0.1487,5.67,359.03,0.50,0.0721,0.0727,0.9766,359.84,0.03,0.00,0.0283,0.9070,0.1487,-0.0168,-0.0988,0.9950,39.67,0
16.4392,CoreSystemMain,0.500,0,-0.0932,0.5110,0.1729,316.65,324.11,32.65,0.1110,0.4801,0.2296,303.52,359.29,358.07,0.0282,0.9069,0.1487,5.68,359.02,0.50,0.0721,0.0727,0.9766,359.84,0.03,0.00,0.0282,0.9069,0.1487,-0.0171,-0.0990,0.9949,39.65,0
16.4505,CoreSystemMain,0.500,0,-0.0934,0.5109,0.1729,316.70,324.10,32.67,0.1117,0.4748,0.2261,305.23,358.42,358.43,0.0281,0.9068,0.1487,5.69,359.02,0.52,0.0720,0.0745,0.9768,359.94,0.02,0.05,0.0281,0.9068,0.1487,-0.0171,-0.0992,0.9949,39.57,0
16.4614,CoreSystemMain,0.500,0,-0.0936,0.5107,0.1729,316.72,324.15,32.63,0.1124,0.4695,0.2226,306.82,357.60,358.99,0.0281,0.9067,0.1487,5.71,359.02,0.52,0.0720,0.0745,0.9768,359.94,0.02,0.05,0.0281,0.9067,0.1487,-0.0171,-0.0994,0.9949,39.55,0
16.4724,CoreSystemMain,0.500,0,-0.0937,0.5105,0.1728,316.69,324.18,32.53,0.1134,0.4640,0.2191,308.39,356.82,359.71,0.0281,0.9067,0.1487,5.72,359.01,0.52,0.0721,0.0749,0.9769,359.99,0.01,0.02,0.0281,0.9067,0.1487,-0.0171,-0.0997,0.9949,39.52,0
16.4836,CoreSystemMain,0.500,0,-0.0938,0.5104,0.1727,316.67,324.16,32.41,0.1146,0.4587,0.2158,310.09,356.48,0.09,0.0280,0.9065,0.1487,5.74,359.02,0.53,0.0721,0.0749,0.9769,359.99,0.01,0.02,0.0280,0.9065,0.1487,-0.0170,-0.1000,0.9948,39.50,0
16.4949,CoreSystemMain,0.500,0,-0.0939,0.5103,0.1727,316.64,324.17,32.34,0.1159,0.4535,0.2126,311.81,356.45,0.28,0.0280,0.9065,0.1487,5.76,359.03,0.53,0.0721,0.0750,0.9769,0.01,0.01,0.01,0.0280,0.9065,0.1487,-0.0169,-0.1004,0.9948,39.47,0
16.5058,CoreSystemMain,0.500,0,-0.0940,0.5102,0.1726,316.60,324.19,32.35,0.1172,0.4493,0.2099,313.45,356.86,0.29,0.0281,0.9064,0.1487,5.78,359.03,0.55,0.0721,0.0750,0.9769,0.01,0.01,0.01,0.0281,0.9064,0.1487,-0.0169,-0.1007,0.9948,39.44,0
16.5168,CoreSystemMain,0.500,0,-0.0941,0.5101,0.1724,316.55,324.19,32.36,0.1187,0.4437,0.2063,315.67,357.29,0.20,0.0281,0.9063,0.1486,5.80,359.04,0.57,0.0721,0.0750,0.9769,0.00,0.01,0.00,0.0281,0.9063,0.1486,-0.0166,-0.1011,0.9947,39.42,0
16.5280,CoreSystemMain,0.500,0,-0.0942,0.5100,0.1724,316.55,324.28,32.28,0.1201,0.4390,0.2031,317.73,357.63,0.01,0.0281,0.9063,0.1486,5.82,359.07,0.58,0.0721,0.0750,0.9769,0.00,0.01,0.00,0.0281,0.9063,0.1486,-0.0162,-0.1015,0.9947,39.39,0
16.5394,CoreSystemMain,0.500,0,-0.0941,0.5099,0.1724,316.59,324.34,32.22,0.1216,0.4347,0.1997,319.76,357.72,359.75,0.0282,0.9063,0.1485,5.84,359.08,0.58,0.0721,0.0750,0.9769,0.00,0.01,0.00,0.0282,0.9063,0.1485,-0.0159,-0.1018,0.9947,39.37,0
16.5502,CoreSystemMain,0.500,0,-0.0941,0.5098,0.1724,316.59,324.38,32.18,0.1230,0.4308,0.1966,321.52,357.46,359.62,0.0282,0.9063,0.1485,5.86,359.12,0.58,0.0721,0.0750,0.9769,0.00,0.01,0.00,0.0282,0.9063,0.1485,-0.0153,-0.1020,0.9947,39.35,0
16.5613,CoreSystemMain,0.500,0,-0.0940,0.5097,0.1723,316.61,324.33,32.21,0.1245,0.4273,0.1937,323.03,357.29,359.36,0.0283,0.9063,0.1484,5.85,359.16,0.58,0.0721,0.0750,0.9769,0.00,0.01,0.00,0.0283,0.9063,0.1484,-0.0145,-0.1019,0.9947,39.35,0
16.5726,CoreSystemMain,0.500,0,-0.0940,0.5097,0.1724,316.64,324.23,32.30,0.1260,0.4241,0.1910,324.33,357.48,358.91,0.0283,0.9063,0.1483,5.83,359.19,0.59,0.0721,0.0750,0.9769,0.00,0.01,0.00,0.0283,0.9063,0.1483,-0.0140,-0.1016,0.9947,39.37,0
16.5838,CoreSystemMain,0.500,0,-0.0939,0.5097,0.1724,316.67,324.19,32.38,0.1276,0.4215,0.1887,325.52,358.08,358.15,0.0284,0.9063,0.1483,5.82,359.22,0.62,0.0721,0.0750,0.9769,0.00,0.01,0.00,0.0284,0.9063,0.1483,-0.0136,-0.1013,0.9948,39.38,0
16.5946,CoreSystemMain,0.500,0,-0.0937,0.5097,0.1724,316.68,324.23,32.36,0.1292,0.4188,0.1864,326.89,358.73,357.57,0.0285,0.9063,0.1482,5.79,359.24,0.65,0.0721,0.0750,0.9769,0.00,0.01,0.00,0.0285,0.9063,0.1482,-0.0133,-0.1009,0.9948,39.40,0
16.6059,CoreSystemMain,0.500,0,-0.0934,0.5096,0.1724,316.66,324.31,32.32,0.1308,0.4165,0.1844,328.26,359.38,357.25,0.0286,0.9063,0.1481,5.77,359.27,0.68,0.0721,0.0750,0.9769,0.00,0.01,0.00,0.0286,0.9063,0.1481,-0.0127,-0.1006,0.9948,39.41,0
16.6169,CoreSystemMain,0.500,0,-0.0932,0.5096,0.1725,316.66,324.37,32.32,0.1321,0.4146,0.1826,329.48,359.84,357.33,0.0287,0.9064,0.1480,5.76,359.29,0.71,0.0721,0.0750,0.9769,0.00,0.01,0.00,0.0287,0.9064,0.1480,-0.0124,-0.1004,0.9949,39.42,0
16.6279,CoreSystemMain,0.500,0,-0.0929,0.5096,0.1725,316.63,324.39,32.38,0.1332,0.4126,0.1808,330.56,0.14,357.49,0.0288,0.9064,0.1479,5.75,359.32,0.74,0.0721,0.0750,0.9769,0.00,0.01,0.00,0.0288,0.9064,0.1479,-0.0118,-0.1002,0.9949,39.42,0
16.6391,CoreSystemMain,0.500,0,-0.0927,0.5095,0.1725,316.63,324.42,32.40,0.1343,0.4099,0.1788,331.82,0.34,357.43,0.0289,0.9064,0.1479,5.75,359.35,0.77,0.0721,0.0750,0.9769,0.00,0.01,0.00,0.0289,0.9064,0.1479,-0.0113,-0.1002,0.9949,39.42,0
16.6504,CoreSystemMain,0.500,0,-0.0920,0.5096,0.1726,316.64,324.34,32.43,0.1346,0.4104,0.1778,331.96,0.48,357.15,0.0291,0.9065,0.1478,5.75,359.39,0.76,0.0721,0.0750,0.9769,0.00,0.01,0.00,0.0291,0.9065,0.1478,-0.0107,-0.1002,0.9949,39.42,0
16.6618,CoreSystemMain,0.500,0,-0.0917,0.5096,0.1727,316.67,324.36,32.49,0.1351,0.4099,0.1765,332.16,0.10,357.14,0.0292,0.9065,0.1477,5.74,359.43,0.76,0.0721,0.0750,0.9769,0.00,0.01,0.00,0.0292,0.9065,0.1477,-0.0099,-0.0999,0.9949,39.43,0
16.6724,CoreSystemMain,0.500,0,-0.0912,0.5095,0.1728,316.75,324.42,32.56,0.1357,0.4095,0.1754,332.41,359.84,357.08,0.0294,0.9065,0.1475,5.74,359.47,0.74,0.0721,0.0750,0.9769,0.00,0.01,0.00,0.0294,0.9065,0.1475,-0.0092,-0.1000,0.9949,39.42,0
16.6838,CoreSystemMain,0.500,0,-0.0907,0.5096,0.1729,316.81,324.49,32.63,0.1361,0.4097,0.1748,332.27,359.83,357.03,0.0295,0.9065,0.1474,5.75,359.50,0.73,0.0721,0.0750,0.9769,0.00,0.01,0.00,0.0295,0.9065,0.1474,-0.0086,-0.1002,0.9949,39.40,0
16.6947,CoreSystemMain,0.500,0,-0.0902,0.5097,0.1730,316.84,324.58,32.73,0.1366,0.4098,0.1744,332.00,0.06,356.91,0.0296,0.9066,0.1473,5.75,359.54,0.72,0.0721,0.0750,0.9769,0.00,0.01,0.00,0.0296,0.9066,0.1473,-0.0080,-0.1001,0.9949,39.40,0
16.7057,CoreSystemMain,0.500,0,-0.0898,0.5097,0.1731,316.86,324.63,32.81,0.1371,0.4094,0.1738,332.01,0.38,356.72,0.0298,0.9067,0.1472,5.72,359.57,0.73,0.0721,0.0750,0.9769,0.00,0.01,0.00,0.0298,0.9067,0.1472,-0.0074,-0.0997,0.9950,39.42,0
16.7170,CoreSystemMain,0.500,0,-0.0892,0.5098,0.1731,316.73,324.69,32.77,0.1369,0.4111,0.1748,331.00,0.59,357.19,0.0299,0.9067,0.1471,5.69,359.58,0.74,0.0721,0.0750,0.9769,0.00,0.01,0.00,0.0299,0.9067,0.1471,-0.0073,-0.0992,0.9950,39.45,0
16.7286,CoreSystemMain,0.500,0,-0.0888,0.5099,0.1731,316.65,324.71,32.72,0.1369,0.4120,0.1754,330.49,0.69,357.48,0.0300,0.9068,0.1470,5.66,359.59,0.75,0.0721,0.0750,0.9769,0.00,0.01,0.00,0.0300,0.9068,0.1470,-0.0071,-0.0986,0.9951,39.48,0
16.7394,CoreSystemMain,0.500,0,-0.0884,0.5100,0.1731,316.63,324.75,32.71,0.1368,0.4131,0.1763,329.89,0.39,358.03,0.0301,0.9069,0.1469,5.64,359.60,0.76,0.0721,0.0750,0.9769,0.00,0.01,0.00,0.0301,0.9069,0.1469,-0.0069,-0.0983,0.9951,39.49,0
16.7504,CoreSystemMain,0.500,0,-0.0880,0.5102,0.1731,316.63,324.72,32.81,0.1366,0.4142,0.1770,329.52,0.58,357.72,0.0303,0.9069,0.1468,5.63,359.61,0.75,0.0721,0.0750,0.9769,0.00,0.01,0.00,0.0303,0.9069,0.1468,-0.0067,-0.0981,0.9952,39.50,0
16.7614,CoreSystemMain,0.500,0,-0.0877,0.5104,0.1731,316.66,324.75,32.90,0.1359,0.4160,0.1784,328.97,0.53,357.61,0.0304,0.9070,0.1467,5.62,359.63,0.74,0.0721,0.0750,0.9769,0.00,0.01,0.00,0.0304,0.9070,0.1467,-0.0065,-0.0979,0.9952,39.51,0
16.7726,CoreSystemMain,0.500,0,-0.0873,0.5106,0.1731,316.67,324.70,33.04,0.1353,0.4172,0.1793,328.65,0.82,356.93,0.0305,0.9070,0.1465,5.60,359.63,0.74,0.0721,0.0750,0.9769,0.00,0.01,0.00,0.0305,0.9070,0.1465,-0.0065,-0.0976,0.9952,39.52,0
16.7837,CoreSystemMain,0.500,0,-0.0871,0.5108,0.1730,316.69,324.67,33.14,0.1344,0.4196,0.1811,328.04,0.88,355.83,0.0307,0.9071,0.1464,5.61,359.61,0.71,0.0721,0.0750,0.9769,0.00,0.01,0.00,0.0307,0.9071,0.1464,-0.0067,-0.0977,0.9952,39.51,0
16.7947,CoreSystemMain,0.500,1,-0.0869,0.5109,0.1729,316.69,324.70,33.14,0.1335,0.4214,0.1826,327.59,1.00,354.68,0.0308,0.9071,0.1463,5.59,359.62,0.70,0.0721,0.0750,0.9769,0.00,0.01,0.00,0.0308,0.9071,0.1463,-0.0066,-0.0974,0.9952,39.53,0
16.8058,CoreSystemMain,0.500,1,-0.0867,0.5111,0.1729,316.70,324.72,33.14,0.1320,0.4234,0.1848,326.84,0.90,354.58,0.0309,0.9072,0.1462,5.55,359.62,0.69,0.0721,0.0750,0.9769,0.00,0.01,0.00,0.0309,0.9072,0.1462,-0.0065,-0.0968,0.9953,39.56,0
16.8171,CoreSystemMain,0.500,1,-0.0864,0.5112,0.1729,316.69,324.76,33.19,0.1310,0.4250,0.1866,326.12,0.87,354.77,0.0311,0.9072,0.1460,5.54,359.62,0.67,0.0720,0.0751,0.9770,0.00,0.01,0.00,0.0311,0.9072,0.1460,-0.0066,-0.0966,0.9953,39.56,0
16.8280,CoreSystemMain,0.500,1,-0.0864,0.5113,0.1728,316.67,324.76,33.24,0.1294,0.4273,0.1892,325.26,1.32,354.81,0.0312,0.9073,0.1459,5.53,359.61,0.64,0.0720,0.0755,0.9773,0.00,0.01,0.00,0.0312,0.9073,0.1459,-0.0068,-0.0964,0.9953,39.55,0
16.8392,CoreSystemMain,0.500,1,-0.0862,0.5114,0.1728,316.65,324.82,33.23,0.1285,0.4296,0.1916,324.37,0.72,355.94,0.0314,0.9074,0.1458,5.52,359.62,0.61,0.0722,0.0766,0.9781,0.00,0.01,0.00,0.0314,0.9074,0.1458,-0.0067,-0.0962,0.9953,39.50,0
16.8503,CoreSystemMain,0.500,1,-0.0862,0.5115,0.1726,316.57,324.89,33.13,0.1273,0.4325,0.1944,323.61,1.08,355.43,0.0315,0.9075,0.1457,5.51,359.62,0.57,0.0730,0.0784,0.9797,0.00,0.01,0.00,0.0315,0.9075,0.1457,-0.0067,-0.0960,0.9954,39.39,0
16.8613,CoreSystemMain,0.500,1,-0.0860,0.5116,0.1726,316.57,324.96,33.08,0.1268,0.4341,0.1961,322.90,0.52,356.15,0.0316,0.9075,0.1456,5.48,359.62,0.54,0.0736,0.0810,0.9818,0.00,0.01,0.00,0.0316,0.9075,0.1456,-0.0067,-0.0954,0.9954,39.26,0
16.8851,CoreSystemMain,0.500,1,-0.0864,0.5120,0.1724,316.44,325.06,32.91,0.1235,0.4428,0.2047,319.68,0.66,354.47,0.0320,0.9078,0.1454,5.45,359.63,0.45,0.0742,0.0841,0.9843,0.00,0.01,0.00,0.0320,0.9078,0.1454,-0.0064,-0.0950,0.9955,39.09,0
16.8949,CoreSystemMain,0.500,1,-0.0866,0.5121,0.1723,316.38,325.03,32.92,0.1226,0.4460,0.2078,318.41,0.82,354.36,0.0322,0.9079,0.1453,5.40,359.61,0.41,0.0694,0.1011,0.9968,0.00,0.01,0.00,0.0322,0.9079,0.1453,-0.0067,-0.0942,0.9955,38.11,0
16.9060,CoreSystemMain,0.500,1,-0.0866,0.5123,0.1723,316.35,325.04,32.95,0.1218,0.4483,0.2101,317.45,0.50,354.76,0.0324,0.9080,0.1452,5.39,359.61,0.38,0.0680,0.1073,1.0013,0.00,0.01,0.00,0.0324,0.9080,0.1452,-0.0067,-0.0940,0.9956,37.75,0
16.9169,CoreSystemMain,0.500,1,-0.0868,0.5125,0.1722,316.29,324.97,32.95,0.1207,0.4529,0.2142,315.98,1.41,354.00,0.0325,0.9081,0.1451,5.30,359.62,0.32,0.0666,0.1147,1.0064,0.00,0.01,0.00,0.0325,0.9081,0.1451,-0.0065,-0.0924,0.9957,37.40,0
16.9392,CoreSystemMain,0.500,1,-0.0877,0.5128,0.1720,316.26,325.03,32.76,0.1191,0.4625,0.2223,312.85,1.98,355.07,0.0328,0.9084,0.1451,5.21,359.62,0.20,0.0658,0.1235,1.0123,0.00,0.01,0.00,0.0328,0.9084,0.1451,-0.0066,-0.0908,0.9958,36.99,0
16.9434,CoreSystemMain,0.500,1,-0.0879,0.5128,0.1719,316.25,324.99,32.76,0.1187,0.4644,0.2237,312.35,2.35,354.85,0.0329,0.9084,0.1451,5.19,359.61,0.19,0.0721,0.1514,1.0289,0.00,0.01,0.00,0.0329,0.9084,0.1451,-0.0068,-0.0905,0.9959,35.46,0
16.9503,CoreSystemMain,0.500,1,-0.0881,0.5129,0.1719,316.21,325.00,32.73,0.1178,0.4678,0.2264,311.41,3.18,354.01,0.0330,0.9085,0.1451,5.16,359.60,0.16,0.0727,0.1542,1.0305,0.00,0.01,0.00,0.0330,0.9085,0.1451,-0.0070,-0.0899,0.9959,35.34,0
16.9615,CoreSystemMain,0.500,1,-0.0886,0.5129,0.1718,316.19,324.92,32.73,0.1168,0.4720,0.2299,310.13,3.44,353.84,0.0331,0.9087,0.1450,5.15,359.59,0.13,0.0738,0.1597,1.0337,0.00,0.01,0.00,0.0331,0.9087,0.1450,-0.0072,-0.0898,0.9959,35.05,0
16.9725,CoreSystemMain,0.500,1,-0.0892,0.5129,0.1718,316.17,324.85,32.63,0.1154,0.4783,0.2340,308.10,2.63,354.34,0.0332,0.9087,0.1450,5.14,359.58,0.10,0.0759,0.1707,1.0395,0.00,0.01,0.00,0.0332,0.9087,0.1450,-0.0072,-0.0896,0.9960,34.47,0
16.9835,CoreSystemMain,0.500,1,-0.0895,0.5129,0.1718,316.16,324.83,32.55,0.1142,0.4825,0.2372,306.62,2.63,354.24,0.0333,0.9088,0.1450,5.12,359.58,0.09,0.0763,0.1836,1.0454,0.00,0.01,0.00,0.0333,0.9088,0.1450,-0.0073,-0.0892,0.9960,33.82,0
16.9948,CoreSystemMain,0.500,1,-0.0900,0.5127,0.1719,316.17,324.81,32.41,0.1129,0.4881,0.2406,304.88,2.75,353.88,0.0335,0.9088,0.1450,5.12,359.59,0.06,0.0762,0.1965,1.0507,0.00,0.01,0.00,0.0335,0.9088,0.1450,-0.0071,-0.0892,0.9960,33.16,0
17.0059,CoreSystemMain,0.500,1,-0.0903,0.5127,0.1719,316.18,324.79,32.36,0.1118,0.4931,0.2440,303.37,2.85,353.80,0.0336,0.9089,0.1450,5.11,359.60,0.03,0.0753,0.2106,1.0557,0.00,0.01,0.00,0.0336,0.9089,0.1450,-0.0069,-0.0891,0.9960,32.46,0
17.0171,CoreSystemMain,0.500,1,-0.0907,0.5125,0.1719,316.19,324.79,32.29,0.1109,0.4987,0.2471,301.68,3.29,353.72,0.0337,0.9089,0.1450,5.11,359.61,0.01,0.0745,0.2241,1.0599,0.00,0.01,0.00,0.0337,0.9089,0.1450,-0.0068,-0.0890,0.9960,31.80,0
17.0283,CoreSystemMain,0.500,1,-0.0911,0.5124,0.1720,316.28,324.80,32.22,0.1102,0.5047,0.2496,299.93,4.11,353.42,0.0338,0.9090,0.1450,5.10,359.61,0.00,0.0748,0.2384,1.0635,0.00,0.01,0.00,0.0338,0.9090,0.1450,-0.0068,-0.0888,0.9960,31.13,0
17.0392,CoreSystemMain,0.500,1,-0.0914,0.5123,0.1721,316.30,324.72,32.23,0.1094,0.5101,0.2524,298.26,4.37,353.54,0.0339,0.9090,0.1451,5.09,359.61,359.96,0.0765,0.2531,1.0663,0.00,0.01,0.00,0.0339,0.9090,0.1451,-0.0067,-0.0887,0.9960,30.46,0
17.0505,CoreSystemMain,0.500,1,-0.0917,0.5123,0.1722,316.33,324.71,32.20,0.1086,0.5149,0.2551,296.70,4.70,353.48,0.0340,0.9091,0.1451,5.07,359.61,359.93,0.0787,0.2675,1.0683,0.00,0.01,0.00,0.0340,0.9091,0.1451,-0.0067,-0.0884,0.9961,29.84,0
17.0614,CoreSystemMain,0.500,1,-0.0919,0.5123,0.1723,316.33,324.66,32.21,0.1079,0.5205,0.2570,294.98,4.97,353.29,0.0342,0.9091,0.1452,5.06,359.62,359.89,0.0811,0.2821,1.0696,0.00,0.01,0.00,0.0342,0.9091,0.1452,-0.0066,-0.0882,0.9961,29.21,0
17.0727,CoreSystemMain,0.500,1,-0.0921,0.5123,0.1723,316.32,324.65,32.16,0.1070,0.5258,0.2590,293.39,5.26,353.01,0.0342,0.9091,0.1453,5.04,359.63,359.84,0.0830,0.2962,1.0700,0.00,0.01,0.00,0.0342,0.9091,0.1453,-0.0064,-0.0878,0.9961,28.64,0
17.0835,CoreSystemMain,0.500,1,-0.0922,0.5123,0.1723,316.32,324.66,32.16,0.1063,0.5308,0.2603,291.82,5.31,352.85,0.0343,0.9092,0.1453,5.04,359.63,359.78,0.0844,0.3107,1.0695,0.00,0.01,0.00,0.0343,0.9092,0.1453,-0.0064,-0.0878,0.9961,28.04,0
17.0946,CoreSystemMain,0.500,1,-0.0924,0.5123,0.1723,316.29,324.68,32.11,0.1055,0.5358,0.2622,290.28,5.49,352.69,0.0344,0.9092,0.1454,5.03,359.64,359.74,0.0849,0.3243,1.0683,0.00,0.01,0.00,0.0344,0.9092,0.1454,-0.0062,-0.0876,0.9961,27.50,0
17.1059,CoreSystemMain,0.500,1,-0.0924,0.5123,0.1723,316.26,324.68,32.07,0.1049,0.5405,0.2632,288.78,5.76,352.59,0.0345,0.9093,0.1455,5.01,359.65,359.70,0.0852,0.3380,1.0664,0.00,0.01,0.00,0.0345,0.9093,0.1455,-0.0062,-0.0873,0.9962,26.97,0
17.1170,CoreSystemMain,0.500,1,-0.0924,0.5125,0.1723,316.24,324.65,32.11,0.1044,0.5444,0.2645,287.21,6.09,352.42,0.0345,0.9093,0.1455,5.00,359.66,359.66,0.0857,0.3516,1.0637,0.00,0.01,0.00,0.0345,0.9093,0.1455,-0.0059,-0.0872,0.9962,26.45,0
17.1280,CoreSystemMain,0.500,1,-0.0924,0.5125,0.1723,316.24,324.63,32.17,0.1037,0.5487,0.2653,285.77,6.08,352.58,0.0345,0.9093,0.1456,5.00,359.66,359.63,0.0864,0.3648,1.0602,0.00,0.01,0.00,0.0345,0.9093,0.1456,-0.0059,-0.0871,0.9962,25.95,0
17.1395,CoreSystemMain,0.500,1,-0.0924,0.5126,0.1722,316.25,324.59,32.20,0.1030,0.5530,0.2665,284.44,6.13,352.60,0.0346,0.9093,0.1457,4.98,359.67,359.62,0.0869,0.3774,1.0562,0.00,0.01,0.00,0.0346,0.9093,0.1457,-0.0057,-0.0868,0.9962,25.50,0
17.1508,CoreSystemMain,0.500,1,-0.0923,0.5126,0.1723,316.27,324.57,32.20,0.1023,0.5563,0.2668,283.50,6.05,352.63,0.0346,0.9094,0.1458,4.97,359.68,359.62,0.0872,0.3899,1.0517,0.00,0.01,0.00,0.0346,0.9094,0.1458,-0.0056,-0.0867,0.9962,25.05,0
17.1618,CoreSystemMain,0.500,1,-0.0923,0.5126,0.1723,316.27,324.56,32.25,0.1017,0.5595,0.2671,282.84,6.96,351.56,0.0345,0.9094,0.1459,4.98,359.70,359.63,0.0870,0.4007,1.0474,0.00,0.01,0.00,0.0345,0.9094,0.1459,-0.0053,-0.0867,0.9962,24.66,0
17.1727,CoreSystemMain,0.500,1,-0.0922,0.5126,0.1723,316.27,324.53,32.29,0.1013,0.5626,0.2675,282.42,8.93,349.45,0.0345,0.9094,0.1459,4.99,359.71,359.65,0.0866,0.4096,1.0437,0.00,0.01,0.00,0.0345,0.9094,0.1459,-0.0051,-0.0870,0.9962,24.32,0
17.1839,CoreSystemMain,0.500,1,-0.0921,0.5127,0.1724,316.29,324.48,32.35,0.1013,0.5646,0.2677,282.35,12.11,346.15,0.0345,0.9094,0.1460,5.01,359.74,359.67,0.0863,0.4171,1.0405,0.00,0.01,0.00,0.0345,0.9094,0.1460,-0.0046,-0.0873,0.9962,24.02,0
17.1951,CoreSystemMain,0.500,1,-0.0920,0.5127,0.1725,316.33,324.48,32.41,0.1009,0.5674,0.2681,281.95,14.42,343.74,0.0345,0.9094,0.1460,5.03,359.74,359.67,0.0866,0.4235,1.0378,0.00,0.01,0.00,0.0345,0.9094,0.1460,-0.0045,-0.0877,0.9961,23.76,0
17.2062,CoreSystemMain,0.500,1,-0.0918,0.5126,0.1726,316.37,324.55,32.40,0.1007,0.5696,0.2683,281.53,15.57,342.49,0.0344,0.9093,0.1461,5.01,359.77,359.69,0.0869,0.4295,1.0352,0.00,0.01,0.00,0.0344,0.9093,0.1461,-0.0041,-0.0874,0.9962,23.55,0
17.2173,CoreSystemMain,0.500,1,-0.0916,0.5126,0.1726,316.39,324.62,32.37,0.1003,0.5721,0.2687,280.90,16.28,341.67,0.0344,0.9093,0.1462,5.01,359.78,359.70,0.0872,0.4350,1.0327,0.00,0.01,0.00,0.0344,0.9093,0.1462,-0.0039,-0.0874,0.9962,23.35,0
17.2282,CoreSystemMain,0.500,1,-0.0916,0.5126,0.1726,316.39,324.64,32.36,0.1002,0.5733,0.2689,280.56,16.39,341.47,0.0343,0.9093,0.1462,4.98,359.78,359.73,0.0873,0.4406,1.0299,0.00,0.01,0.00,0.0343,0.9093,0.1462,-0.0039,-0.0869,0.9962,23.18,0
17.2397,CoreSystemMain,0.500,1,-0.0913,0.5125,0.1727,316.39,324.73,32.38,0.0997,0.5755,0.2690,279.58,13.73,343.90,0.0341,0.9094,0.1463,4.98,359.78,359.74,0.0871,0.4454,1.0274,0.00,0.01,0.00,0.0341,0.9094,0.1463,-0.0038,-0.0869,0.9962,23.01,0
17.2506,CoreSystemMain,0.500,1,-0.0911,0.5124,0.1727,316.33,324.69,32.41,0.0995,0.5763,0.2692,278.84,11.43,346.22,0.0340,0.9094,0.1463,4.97,359.78,359.74,0.0859,0.4509,1.0243,0.00,0.01,0.00,0.0340,0.9094,0.1463,-0.0038,-0.0866,0.9962,22.83,0
17.2616,CoreSystemMain,0.500,1,-0.0910,0.5124,0.1727,316.32,324.65,32.46,0.0993,0.5773,0.2692,278.12,9.16,348.68,0.0339,0.9093,0.1464,4.96,359.76,359.77,0.0844,0.4559,1.0211,0.00,0.01,0.00,0.0339,0.9093,0.1464,-0.0041,-0.0865,0.9962,22.65,0
17.2728,CoreSystemMain,0.500,1,-0.0909,0.5122,0.1728,316.35,324.63,32.49,0.0991,0.5779,0.2690,277.57,7.90,350.26,0.0338,0.9093,0.1465,4.97,359.75,359.78,0.0829,0.4610,1.0177,0.00,0.01,0.00,0.0338,0.9093,0.1465,-0.0044,-0.0866,0.9962,22.47,0
17.2838,CoreSystemMain,0.500,1,-0.0908,0.5121,0.1728,316.37,324.64,32.48,0.0990,0.5787,0.2691,277.19,7.99,350.32,0.0336,0.9093,0.1465,4.97,359.73,359.79,0.0818,0.4659,1.0142,0.00,0.01,0.00,0.0336,0.9093,0.1465,-0.0047,-0.0866,0.9962,22.31,0
17.2951,CoreSystemMain,0.500,1,-0.0907,0.5120,0.1729,316.46,324.67,32.52,0.0990,0.5787,0.2689,277.20,9.62,348.86,0.0335,0.9092,0.1466,4.97,359.71,359.81,0.0811,0.4703,1.0110,0.00,0.01,0.00,0.0335,0.9092,0.1466,-0.0050,-0.0866,0.9962,22.16,0
17.3060,CoreSystemMain,0.500,1,-0.0907,0.5118,0.1730,316.53,324.66,32.53,0.0990,0.5788,0.2687,277.43,11.08,347.31,0.0333,0.9092,0.1466,4.97,359.70,359.83,0.0808,0.4738,1.0085,0.00,0.01,0.00,0.0333,0.9092,0.1466,-0.0053,-0.0867,0.9962,22.04,0
17.3173,CoreSystemMain,0.500,1,-0.0907,0.5117,0.1731,316.59,324.64,32.58,0.0990,0.5786,0.2686,277.85,11.99,346.06,0.0331,0.9091,0.1467,4.99,359.68,359.87,0.0807,0.4763,1.0068,0.00,0.01,0.00,0.0331,0.9091,0.1467,-0.0056,-0.0870,0.9962,21.94,0
17.3282,CoreSystemMain,0.500,1,-0.0907,0.5116,0.1731,316.62,324.60,32.64,0.0990,0.5786,0.2686,278.27,12.75,345.00,0.0330,0.9091,0.1467,5.01,359.65,359.89,0.0804,0.4781,1.0057,0.00,0.01,0.00,0.0330,0.9091,0.1467,-0.0060,-0.0874,0.9962,21.85,0
17.3395,CoreSystemMain,0.500,1,-0.0907,0.5115,0.1731,316.62,324.56,32.68,0.0990,0.5782,0.2685,278.88,13.20,344.13,0.0328,0.9090,0.1468,5.03,359.65,359.92,0.0800,0.4794,1.0050,0.00,0.01,0.00,0.0328,0.9090,0.1468,-0.0061,-0.0878,0.9961,21.78,0
17.3505,CoreSystemMain,0.500,1,-0.0906,0.5114,0.1731,316.58,324.60,32.68,0.0990,0.5778,0.2684,279.41,13.67,343.34,0.0327,0.9090,0.1468,5.04,359.64,359.94,0.0796,0.4802,1.0047,0.00,0.01,0.00,0.0327,0.9090,0.1468,-0.0062,-0.0878,0.9961,21.74,0
17.3616,CoreSystemMain,0.500,1,-0.0906,0.5114,0.1731,316.55,324.62,32.62,0.0990,0.5772,0.2683,279.63,13.10,343.92,0.0325,0.9089,0.1469,5.06,359.64,359.96,0.0791,0.4808,1.0046,0.00,0.01,0.00,0.0325,0.9089,0.1469,-0.0062,-0.0882,0.9961,21.69,0
17.3728,CoreSystemMain,0.500,1,-0.0906,0.5114,0.1731,316.54,324.65,32.58,0.0990,0.5770,0.2683,279.61,12.28,344.87,0.0323,0.9088,0.1469,5.06,359.65,-0.01,0.0787,0.4813,1.0046,0.00,0.01,0.00,0.0323,0.9088,0.1469,-0.0061,-0.0881,0.9961,21.66,0
17.3839,CoreSystemMain,0.500,1,-0.0907,0.5114,0.1730,316.55,324.64,32.58,0.0991,0.5761,0.2682,279.39,10.84,346.84,0.0322,0.9088,0.1470,5.08,359.66,0.02,0.0784,0.4817,1.0045,0.00,0.01,0.00,0.0322,0.9088,0.1470,-0.0059,-0.0886,0.9960,21.61,0
17.3949,CoreSystemMain,0.500,1,-0.0907,0.5113,0.1730,316.57,324.52,32.68,0.0992,0.5754,0.2679,279.07,9.71,348.40,0.0321,0.9087,0.1470,5.10,359.67,0.05,0.0782,0.4820,1.0045,0.00,0.01,0.00,0.0321,0.9087,0.1470,-0.0057,-0.0889,0.9960,21.57,0
17.4060,CoreSystemMain,0.500,1,-0.0908,0.5112,0.1730,316.59,324.45,32.73,0.0993,0.5749,0.2676,278.87,8.89,349.35,0.0320,0.9086,0.1470,5.11,359.69,0.09,0.0782,0.4823,1.0044,0.00,0.01,0.00,0.0320,0.9086,0.1470,-0.0055,-0.0890,0.9960,21.54,0
17.4172,CoreSystemMain,0.500,1,-0.0908,0.5111,0.1730,316.65,324.39,32.79,0.0994,0.5742,0.2672,278.78,7.99,350.16,0.0319,0.9086,0.1471,5.13,359.71,0.11,0.0781,0.4827,1.0042,0.00,0.01,0.00,0.0319,0.9086,0.1471,-0.0050,-0.0894,0.9960,21.50,0
17.4284,CoreSystemMain,0.500,1,-0.0909,0.5110,0.1730,316.68,324.41,32.82,0.0994,0.5738,0.2670,278.71,6.90,351.15,0.0318,0.9085,0.1471,5.13,359.74,0.14,0.0780,0.4831,1.0039,0.00,0.01,0.00,0.0318,0.9085,0.1471,-0.0045,-0.0894,0.9960,21.48,0
17.4396,CoreSystemMain,0.500,1,-0.0909,0.5108,0.1730,316.74,324.46,32.78,0.0994,0.5728,0.2664,278.82,5.51,352.35,0.0318,0.9085,0.1472,5.15,359.75,0.15,0.0777,0.4835,1.0037,0.00,0.01,0.00,0.0318,0.9085,0.1472,-0.0044,-0.0897,0.9960,21.45,0
17.4506,CoreSystemMain,0.500,1,-0.0909,0.5107,0.1729,316.75,324.54,32.72,0.0994,0.5723,0.2661,278.96,5.19,352.54,0.0317,0.9084,0.1473,5.15,359.77,0.19,0.0774,0.4838,1.0034,0.00,0.01,0.00,0.0317,0.9084,0.1473,-0.0040,-0.0897,0.9960,21.43,0
17.4617,CoreSystemMain,0.500,1,-0.0909,0.5105,0.1728,316.75,324.60,32.67,0.0995,0.5718,0.2659,279.26,5.32,352.38,0.0316,0.9084,0.1473,5.13,359.78,0.22,0.0770,0.4840,1.0033,0.00,0.01,0.00,0.0316,0.9084,0.1473,-0.0039,-0.0894,0.9960,21.44,0
17.4726,CoreSystemMain,0.500,1,-0.0909,0.5104,0.1728,316.75,324.59,32.65,0.0996,0.5713,0.2657,279.58,6.48,351.18,0.0315,0.9085,0.1475,5.11,359.79,0.26,0.0768,0.4842,1.0032,0.00,0.01,0.00,0.0315,0.9085,0.1475,-0.0036,-0.0890,0.9960,21.46,0
17.4840,CoreSystemMain,0.500,1,-0.0910,0.5103,0.1728,316.73,324.57,32.61,0.0998,0.5706,0.2655,279.90,7.72,349.97,0.0314,0.9085,0.1476,5.08,359.80,0.27,0.0766,0.4842,1.0032,0.00,0.01,0.00,0.0314,0.9085,0.1476,-0.0035,-0.0886,0.9961,21.48,0
17.4950,CoreSystemMain,0.500,1,-0.0910,0.5102,0.1728,316.76,324.56,32.65,0.1000,0.5701,0.2654,280.12,8.25,349.63,0.0314,0.9085,0.1477,5.07,359.80,0.27,0.0765,0.4843,1.0032,0.00,0.01,0.00,0.0314,0.9085,0.1477,-0.0035,-0.0884,0.9961,21.50,0
17.5061,CoreSystemMain,0.500,1,-0.0910,0.5100,0.1728,316.79,324.55,32.67,0.1002,0.5696,0.2653,280.18,8.37,349.61,0.0314,0.9085,0.1478,5.05,359.81,0.27,0.0764,0.4843,1.0032,0.00,0.01,0.00,0.0314,0.9085,0.1478,-0.0034,-0.0880,0.9961,21.52,0
17.5170,CoreSystemMain,0.500,1,-0.0909,0.5098,0.1728,316.84,324.56,32.68,0.1003,0.5691,0.2652,280.13,8.25,349.76,0.0313,0.9085,0.1479,5.05,359.83,0.25,0.0764,0.4842,1.0032,0.00,0.01,0.00,0.0313,0.9085,0.1479,-0.0030,-0.0881,0.9961,21.51,0
17.5283,CoreSystemMain,0.500,1,-0.0909,0.5097,0.1728,316.93,324.61,32.66,0.1004,0.5685,0.2652,280.02,7.77,350.34,0.0312,0.9084,0.1479,5.08,359.84,0.23,0.0764,0.4842,1.0033,0.00,0.01,0.00,0.0312,0.9084,0.1479,-0.0027,-0.0885,0.9961,21.49,0
17.5395,CoreSystemMain,0.500,1,-0.0909,0.5096,0.1729,316.99,324.65,32.67,0.1006,0.5678,0.2652,280.02,7.57,350.67,0.0312,0.9084,0.1480,5.10,359.87,0.22,0.0764,0.4842,1.0033,0.00,0.01,0.00,0.0312,0.9084,0.1480,-0.0023,-0.0889,0.9960,21.46,0
17.5504,CoreSystemMain,0.500,1,-0.0909,0.5095,0.1729,317.04,324.69,32.64,0.1007,0.5673,0.2652,280.08,7.53,350.80,0.0312,0.9083,0.1480,5.13,359.89,0.21,0.0764,0.4841,1.0033,0.00,0.01,0.00,0.0312,0.9083,0.1480,-0.0020,-0.0894,0.9960,21.43,0
17.5617,CoreSystemMain,0.500,1,-0.0909,0.5095,0.1729,316.97,324.75,32.65,0.1009,0.5664,0.2655,280.37,8.32,350.13,0.0311,0.9082,0.1480,5.15,359.91,0.23,0.0764,0.4841,1.0034,0.00,0.01,0.00,0.0311,0.9082,0.1480,-0.0015,-0.0897,0.9960,21.40,0
17.5729,CoreSystemMain,0.500,1,-0.0910,0.5094,0.1729,316.90,324.78,32.58,0.1011,0.5656,0.2659,280.76,9.80,348.78,0.0311,0.9082,0.1481,5.18,359.92,0.24,0.0765,0.4840,1.0035,0.00,0.01,0.00,0.0311,0.9082,0.1481,-0.0014,-0.0902,0.9959,21.38,0
17.5839,CoreSystemMain,0.500,1,-0.0910,0.5093,0.1728,316.84,324.80,32.47,0.1012,0.5649,0.2663,281.22,10.64,348.14,0.0310,0.9081,0.1481,5.19,359.91,0.26,0.0768,0.4838,1.0037,0.00,0.01,0.00,0.0310,0.9081,0.1481,-0.0016,-0.0905,0.9959,21.37,0
17.5951,CoreSystemMain,0.500,1,-0.0911,0.5093,0.1728,316.81,324.85,32.39,0.1013,0.5641,0.2667,281.64,11.37,347.73,0.0310,0.9081,0.1482,5.20,359.91,0.29,0.0773,0.4835,1.0040,0.00,0.01,0.00,0.0310,0.9081,0.1482,-0.0016,-0.0906,0.9959,21.37,0
17.6060,CoreSystemMain,0.500,1,-0.0911,0.5093,0.1729,316.83,324.85,32.38,0.1014,0.5634,0.2671,281.89,11.54,347.88,0.0309,0.9080,0.1482,5.22,359.91,0.30,0.0782,0.4829,1.0047,0.00,0.01,0.00,0.0309,0.9080,0.1482,-0.0016,-0.0909,0.9959,21.37,0
17.6173,CoreSystemMain,0.500,1,-0.0912,0.5093,0.1729,316.82,324.85,32.37,0.1015,0.5627,0.2673,282.08,11.77,347.82,0.0309,0.9079,0.1482,5.23,359.90,0.30,0.0794,0.4821,1.0054,0.00,0.01,0.00,0.0309,0.9079,0.1482,-0.0018,-0.0912,0.9958,21.39,0
17.6282,CoreSystemMain,0.500,1,-0.0913,0.5094,0.1729,316.89,324.79,32.54,0.1018,0.5617,0.2676,281.99,10.70,348.93,0.0308,0.9079,0.1483,5.26,359.87,0.30,0.0808,0.4813,1.0063,0.00,0.01,0.00,0.0308,0.9079,0.1483,-0.0022,-0.0916,0.9958,21.39,0
17.6394,CoreSystemMain,0.500,1,-0.0914,0.5094,0.1729,316.89,324.71,32.61,0.1020,0.5608,0.2678,281.91,9.80,349.82,0.0307,0.9078,0.1483,5.27,359.84,0.30,0.0819,0.4807,1.0069,0.00,0.01,0.00,0.0307,0.9078,0.1483,-0.0027,-0.0919,0.9958,21.41,0
17.6505,CoreSystemMain,0.500,1,-0.0915,0.5094,0.1731,316.85,324.65,32.61,0.1024,0.5598,0.2679,281.95,7.72,352.09,0.0307,0.9078,0.1484,5.28,359.81,0.29,0.0827,0.4801,1.0075,0.00,0.01,0.00,0.0307,0.9078,0.1484,-0.0032,-0.0921,0.9957,21.42,0
17.6619,CoreSystemMain,0.500,1,-0.0916,0.5095,0.1731,316.83,324.62,32.58,0.1022,0.5589,0.2681,282.16,6.38,353.91,0.0306,0.9077,0.1484,5.29,359.77,0.29,0.0835,0.4795,1.0082,0.00,0.01,0.00,0.0306,0.9077,0.1484,-0.0039,-0.0921,0.9957,21.45,0
17.6727,CoreSystemMain,0.500,0,-0.0916,0.5095,0.1732,316.82,324.64,32.55,0.1024,0.5582,0.2681,282.38,5.36,355.28,0.0305,0.9076,0.1485,5.32,359.74,0.27,0.0847,0.4786,1.0090,0.00,0.01,0.00,0.0305,0.9076,0.1485,-0.0045,-0.0927,0.9957,21.46,0
17.6838,CoreSystemMain,0.500,0,-0.0917,0.5095,0.1732,316.78,324.65,32.53,0.1029,0.5570,0.2676,283.01,5.39,354.87,0.0304,0.9076,0.1485,5.33,359.71,0.25,0.0847,0.4786,1.0090,0.00,0.01,0.00,0.0304,0.9076,0.1485,-0.0051,-0.0930,0.9957,21.44,0
17.6949,CoreSystemMain,0.500,0,-0.0918,0.5096,0.1732,316.73,324.63,32.51,0.1035,0.5561,0.2671,283.56,6.86,352.97,0.0304,0.9075,0.1486,5.36,359.67,0.25,0.0857,0.4733,1.0097,0.00,0.01,0.00,0.0304,0.9075,0.1486,-0.0057,-0.0933,0.9956,21.69,0
17.7060,CoreSystemMain,0.500,0,-0.0919,0.5097,0.1732,316.71,324.63,32.48,0.1039,0.5552,0.2665,284.09,8.99,350.53,0.0303,0.9075,0.1486,5.37,359.66,0.25,0.0857,0.4733,1.0097,0.00,0.01,0.00,0.0303,0.9075,0.1486,-0.0060,-0.0936,0.9956,21.68,0
17.7172,CoreSystemMain,0.500,0,-0.0919,0.5098,0.1730,316.71,324.55,32.50,0.1044,0.5542,0.2657,284.47,10.76,348.42,0.0302,0.9075,0.1487,5.40,359.62,0.25,0.0866,0.4641,1.0105,0.00,0.01,0.00,0.0302,0.9075,0.1487,-0.0066,-0.0941,0.9955,22.13,0
17.7284,CoreSystemMain,0.500,0,-0.0920,0.5099,0.1730,316.72,324.43,32.59,0.1048,0.5530,0.2650,284.66,10.86,348.13,0.0301,0.9074,0.1487,5.41,359.59,0.26,0.0876,0.4509,1.0112,0.00,0.01,0.00,0.0301,0.9074,0.1487,-0.0071,-0.0943,0.9955,22.78,0
17.7395,CoreSystemMain,0.500,0,-0.0922,0.5100,0.1729,316.76,324.33,32.70,0.1052,0.5513,0.2640,284.61,8.64,350.45,0.0300,0.9074,0.1488,5.44,359.57,0.28,0.0876,0.4509,1.0112,0.00,0.01,0.00,0.0300,0.9074,0.1488,-0.0075,-0.0948,0.9955,22.76,0
17.7504,CoreSystemMain,0.500,0,-0.0923,0.5101,0.1729,316.77,324.24,32.78,0.1056,0.5492,0.2628,284.57,5.98,353.38,0.0298,0.9073,0.1488,5.44,359.55,0.31,0.0886,0.4338,1.0120,0.00,0.01,0.00,0.0298,0.9073,0.1488,-0.0079,-0.0948,0.9955,23.62,0
17.7616,CoreSystemMain,0.500,0,-0.0924,0.5102,0.1728,316.75,324.16,32.81,0.1059,0.5471,0.2618,284.54,3.93,355.65,0.0298,0.9073,0.1489,5.46,359.52,0.33,0.0886,0.4338,1.0120,0.00,0.01,0.00,0.0298,0.9073,0.1489,-0.0084,-0.0952,0.9954,23.60,0
17.7726,CoreSystemMain,0.500,0,-0.0925,0.5102,0.1727,316.73,324.12,32.79,0.1061,0.5443,0.2602,284.59,2.06,357.92,0.0296,0.9073,0.1490,5.46,359.51,0.34,0.0896,0.4128,1.0127,0.00,0.01,0.00,0.0296,0.9073,0.1490,-0.0086,-0.0952,0.9954,24.63,0
17.7838,CoreSystemMain,0.500,0,-0.0926,0.5102,0.1726,316.73,324.10,32.74,0.1064,0.5415,0.2589,284.86,1.19,358.96,0.0295,0.9072,0.1490,5.47,359.50,0.32,0.0896,0.4128,1.0127,0.00,0.01,0.00,0.0295,0.9072,0.1490,-0.0087,-0.0954,0.9954,24.62,0
17.7947,CoreSystemMain,0.500,0,-0.0926,0.5102,0.1726,316.75,324.09,32.70,0.1067,0.5383,0.2573,285.42,0.84,359.31,0.0294,0.9071,0.1490,5.48,359.49,0.32,0.0906,0.3879,1.0135,0.00,0.01,0.00,0.0294,0.9071,0.1490,-0.0089,-0.0955,0.9954,25.81,0
17.8167,CoreSystemMain,0.500,0,-0.0928,0.5100,0.1724,316.75,323.92,32.90,0.1072,0.5314,0.2540,287.13,1.23,358.55,0.0291,0.9070,0.1491,5.50,359.45,0.34,0.0916,0.3590,1.0142,0.00,0.01,0.00,0.0291,0.9070,0.1491,-0.0096,-0.0959,0.9953,27.14,0
17.8209,CoreSystemMain,0.500,0,-0.0928,0.5100,0.1723,316.77,323.90,32.91,0.1073,0.5302,0.2534,287.42,1.25,358.47,0.0291,0.9070,0.1492,5.51,359.44,0.34,0.0916,0.3590,1.0142,0.00,0.01,0.00,0.0291,0.9070,0.1492,-0.0098,-0.0961,0.9953,27.13,0
17.8281,CoreSystemMain,0.500,0,-0.0929,0.5100,0.1723,316.76,323.85,32.94,0.1075,0.5277,0.2523,288.10,1.39,358.14,0.0290,0.9070,0.1492,5.50,359.43,0.35,0.0916,0.3590,1.0142,0.00,0.01,0.00,0.0290,0.9070,0.1492,-0.0099,-0.0959,0.9953,27.14,0
17.8392,CoreSystemMain,0.500,0,-0.0929,0.5098,0.1722,316.80,323.85,32.93,0.1078,0.5234,0.2504,289.30,1.47,357.73,0.0288,0.9069,0.1492,5.52,359.40,0.39,0.0925,0.3262,1.0150,0.00,0.01,0.00,0.0288,0.9069,0.1492,-0.0104,-0.0962,0.9953,28.61,0
17.8504,CoreSystemMain,0.500,0,-0.0930,0.5097,0.1721,316.84,323.88,32.81,0.1078,0.5186,0.2482,290.50,0.81,358.21,0.0287,0.9069,0.1492,5.54,359.38,0.39,0.0935,0.2895,1.0157,0.00,0.01,0.00,0.0287,0.9069,0.1492,-0.0108,-0.0966,0.9953,30.19,0
17.8665,CoreSystemMain,0.500,0,-0.0930,0.5094,0.1720,316.89,323.92,32.76,0.1083,0.5119,0.2454,291.94,359.25,359.64,0.0284,0.9068,0.1493,5.56,359.35,0.42,0.0935,0.2895,1.0157,0.00,0.01,0.00,0.0284,0.9068,0.1493,-0.0112,-0.0968,0.9952,30.18,0
17.8724,CoreSystemMain,0.500,0,-0.0929,0.5092,0.1720,316.94,323.94,32.76,0.1085,0.5088,0.2441,292.61,358.43,0.44,0.0284,0.9067,0.1493,5.57,359.34,0.42,0.0945,0.2489,1.0164,0.00,0.01,0.00,0.0284,0.9067,0.1493,-0.0115,-0.0970,0.9952,31.87,0
17.8837,CoreSystemMain,0.500,0,-0.0929,0.5089,0.1720,317.05,323.95,32.75,0.1089,0.5036,0.2420,293.65,357.45,1.46,0.0281,0.9066,0.1493,5.59,359.30,0.45,0.0945,0.2489,1.0164,0.00,0.01,0.00,0.0281,0.9066,0.1493,-0.0122,-0.0975,0.9952,31.85,0
17.8947,CoreSystemMain,0.500,0,-0.0929,0.5087,0.1719,317.13,324.02,32.75,0.1094,0.4979,0.2394,294.77,356.83,2.38,0.0279,0.9065,0.1493,5.61,359.26,0.47,0.0955,0.2043,1.0172,0.00,0.01,0.00,0.0279,0.9065,0.1493,-0.0129,-0.0977,0.9951,33.62,0
17.9058,CoreSystemMain,0.500,0,-0.0929,0.5086,0.1718,317.20,324.05,32.72,0.1101,0.4922,0.2367,296.28,356.78,2.62,0.0277,0.9065,0.1493,5.63,359.21,0.47,0.0955,0.2043,1.0172,0.00,0.01,0.00,0.0277,0.9065,0.1493,-0.0137,-0.0981,0.9951,33.60,0
17.9171,CoreSystemMain,0.500,0,-0.0929,0.5084,0.1718,317.23,324.04,32.74,0.1111,0.4864,0.2344,297.89,356.98,2.44,0.0274,0.9064,0.1494,5.63,359.16,0.45,0.0965,0.1558,1.0179,0.00,0.01,0.00,0.0274,0.9064,0.1494,-0.0145,-0.0981,0.9951,35.44,0
17.9282,CoreSystemMain,0.500,0,-0.0930,0.5084,0.1716,317.23,324.01,32.79,0.1118,0.4813,0.2316,299.50,357.27,2.16,0.0272,0.9063,0.1494,5.63,359.13,0.45,0.0974,0.1034,1.0187,0.00,0.01,0.00,0.0272,0.9063,0.1494,-0.0152,-0.0981,0.9951,37.32,0
17.9392,CoreSystemMain,0.500,0,-0.0931,0.5083,0.1714,317.18,323.99,32.78,0.1125,0.4760,0.2288,301.11,357.39,1.89,0.0270,0.9063,0.1494,5.65,359.08,0.43,0.0974,0.1034,1.0187,0.00,0.01,0.00,0.0270,0.9063,0.1494,-0.0159,-0.0984,0.9950,37.31,0
17.9504,CoreSystemMain,0.500,0,-0.0932,0.5083,0.1713,317.11,323.99,32.70,0.1135,0.4700,0.2251,303.24,357.43,1.63,0.0268,0.9062,0.1494,5.65,359.03,0.44,0.0984,0.0471,1.0194,0.00,0.01,0.00,0.0268,0.9062,0.1494,-0.0169,-0.0984,0.9950,39.21,0
17.9615,CoreSystemMain,0.500,0,-0.0933,0.5083,0.1711,317.10,323.99,32.66,0.1142,0.4644,0.2219,305.01,357.08,2.12,0.0266,0.9061,0.1495,5.67,358.99,0.46,0.0984,0.0471,1.0194,0.00,0.01,0.00,0.0266,0.9061,0.1495,-0.0175,-0.0987,0.9950,39.20,0
17.9727,CoreSystemMain,0.500,0,-0.0934,0.5083,0.1710,317.11,323.98,32.66,0.1149,0.4588,0.2186,306.79,356.50,2.92,0.0263,0.9060,0.1495,5.68,358.94,0.46,0.0986,0.0694,1.0196,0.10,0.05,359.94,0.0263,0.9060,0.1495,-0.0183,-0.0990,0.9949,38.44,0
17.9837,CoreSystemMain,0.500,0,-0.0934,0.5083,0.1709,317.13,323.95,32.65,0.1154,0.4547,0.2165,308.14,356.15,3.46,0.0262,0.9059,0.1496,5.69,358.91,0.49,0.0986,0.0694,1.0196,0.10,0.05,359.94,0.0262,0.9059,0.1496,-0.0189,-0.0992,0.9949,38.43,0
17.9948,CoreSystemMain,0.500,0,-0.0937,0.5084,0.1708,317.16,323.88,32.72,0.1166,0.4477,0.2118,310.90,355.79,4.35,0.0261,0.9058,0.1496,5.71,358.89,0.51,0.0985,0.0739,1.0195,0.00,0.02,359.92,0.0261,0.9058,0.1496,-0.0193,-0.0996,0.9948,38.26,0
18.0059,CoreSystemMain,0.500,0,-0.0938,0.5083,0.1707,317.20,323.82,32.77,0.1175,0.4425,0.2085,312.98,356.31,4.11,0.0259,0.9057,0.1496,5.73,358.88,0.55,0.0985,0.0739,1.0195,0.00,0.02,359.92,0.0259,0.9057,0.1496,-0.0195,-0.0999,0.9948,38.24,0
18.0168,CoreSystemMain,0.500,0,-0.0939,0.5083,0.1707,317.21,323.76,32.81,0.1183,0.4377,0.2056,314.85,356.76,3.82,0.0259,0.9057,0.1496,5.77,358.88,0.57,0.0985,0.0748,1.0194,359.96,0.02,359.95,0.0259,0.9057,0.1496,-0.0194,-0.1005,0.9947,38.18,0
18.0280,CoreSystemMain,0.500,0,-0.0940,0.5082,0.1707,317.22,323.74,32.82,0.1195,0.4329,0.2018,317.25,357.74,2.48,0.0259,0.9056,0.1496,5.81,358.92,0.59,0.0985,0.0748,1.0194,359.96,0.02,359.95,0.0259,0.9056,0.1496,-0.0188,-0.1012,0.9947,38.13,0
18.0392,CoreSystemMain,0.500,0,-0.0940,0.5081,0.1707,317.21,323.80,32.77,0.1205,0.4287,0.1986,319.22,357.98,1.54,0.0259,0.9055,0.1495,5.84,358.96,0.60,0.0984,0.0750,1.0194,359.97,0.01,359.98,0.0259,0.9055,0.1495,-0.0181,-0.1018,0.9946,38.08,0
18.0504,CoreSystemMain,0.500,0,-0.0941,0.5079,0.1708,317.22,323.89,32.71,0.1214,0.4248,0.1955,320.98,358.10,0.69,0.0259,0.9054,0.1495,5.88,359.01,0.60,0.0984,0.0750,1.0194,359.99,0.02,359.99,0.0259,0.9054,0.1495,-0.0171,-0.1024,0.9946,38.03,0
18.0614,CoreSystemMain,0.500,0,-0.0941,0.5078,0.1709,317.23,324.02,32.63,0.1226,0.4217,0.1923,322.52,358.02,359.87,0.0260,0.9053,0.1494,5.89,359.08,0.61,0.0984,0.0750,1.0194,359.99,0.02,359.99,0.0260,0.9053,0.1494,-0.0159,-0.1026,0.9946,38.01,0
18.0725,CoreSystemMain,0.500,0,-0.0941,0.5077,0.1710,317.22,324.11,32.60,0.1236,0.4180,0.1897,324.04,358.00,359.54,0.0260,0.9052,0.1494,5.89,359.14,0.62,0.0984,0.0750,1.0195,0.00,0.02,0.00,0.0260,0.9052,0.1494,-0.0149,-0.1025,0.9946,38.00,0
18.0836,CoreSystemMain,0.500,0,-0.0940,0.5077,0.1711,317.22,324.16,32.54,0.1248,0.4152,0.1870,325.12,358.05,359.57,0.0261,0.9052,0.1493,5.88,359.19,0.63,0.0984,0.0750,1.0195,0.00,0.02,0.00,0.0261,0.9052,0.1493,-0.0140,-0.1025,0.9946,37.99,0
18.0946,CoreSystemMain,0.500,0,-0.0940,0.5077,0.1712,317.21,324.20,32.57,0.1260,0.4126,0.1845,326.04,358.62,359.62,0.0262,0.9052,0.1493,5.88,359.25,0.63,0.0984,0.0750,1.0195,0.00,0.02,0.00,0.0262,0.9052,0.1493,-0.0131,-0.1025,0.9947,37.98,0
18.1058,CoreSystemMain,0.500,0,-0.0940,0.5077,0.1713,317.17,324.27,32.60,0.1272,0.4101,0.1824,327.06,359.35,359.38,0.0262,0.9052,0.1492,5.88,359.28,0.64,0.0984,0.0750,1.0195,0.00,0.02,0.00,0.0262,0.9052,0.1492,-0.0125,-0.1025,0.9947,37.98,0
18.1169,CoreSystemMain,0.500,0,-0.0938,0.5078,0.1714,317.11,324.30,32.59,0.1284,0.4083,0.1804,328.08,0.20,359.05,0.0263,0.9052,0.1492,5.90,359.32,0.64,0.0984,0.0750,1.0195,0.00,0.02,0.00,0.0263,0.9052,0.1492,-0.0118,-0.1028,0.9946,37.95,0
18.1282,CoreSystemMain,0.500,0,-0.0937,0.5079,0.1715,317.07,324.36,32.57,0.1295,0.4064,0.1787,329.10,0.77,359.02,0.0265,0.9052,0.1490,5.90,359.37,0.65,0.0984,0.0750,1.0195,0.00,0.02,0.00,0.0265,0.9052,0.1490,-0.0110,-0.1029,0.9946,37.94,0
18.1391,CoreSystemMain,0.500,0,-0.0936,0.5080,0.1716,317.05,324.38,32.54,0.1303,0.4045,0.1773,329.97,1.00,359.07,0.0265,0.9051,0.1489,5.93,359.40,0.65,0.0984,0.0750,1.0195,0.00,0.02,0.00,0.0265,0.9051,0.1489,-0.0104,-0.1033,0.9946,37.91,0
18.1503,CoreSystemMain,0.500,0,-0.0935,0.5081,0.1716,316.97,324.39,32.50,0.1311,0.4032,0.1756,330.49,1.24,359.51,0.0266,0.9052,0.1488,5.94,359.44,0.66,0.0984,0.0750,1.0195,0.00,0.02,0.00,0.0266,0.9052,0.1488,-0.0098,-0.1035,0.9946,37.89,0
18.1615,CoreSystemMain,0.500,0,-0.0933,0.5083,0.1718,316.89,324.35,32.59,0.1316,0.4025,0.1743,330.71,1.20,359.33,0.0267,0.9052,0.1487,5.95,359.45,0.66,0.0984,0.0750,1.0195,0.00,0.02,0.00,0.0267,0.9052,0.1487,-0.0095,-0.1036,0.9946,37.87,0
18.1724,CoreSystemMain,0.500,0,-0.0932,0.5085,0.1719,316.90,324.39,32.62,0.1322,0.4018,0.1733,330.74,0.72,359.42,0.0268,0.9052,0.1486,5.94,359.49,0.65,0.0984,0.0750,1.0195,0.00,0.02,0.00,0.0268,0.9052,0.1486,-0.0089,-0.1035,0.9946,37.87,0
18.1836,CoreSystemMain,0.500,0,-0.0931,0.5085,0.1719,316.90,324.41,32.68,0.1326,0.4014,0.1724,330.88,1.10,358.25,0.0268,0.9053,0.1484,5.91,359.53,0.64,0.0984,0.0750,1.0195,0.00,0.02,0.00,0.0268,0.9053,0.1484,-0.0082,-0.1030,0.9947,37.90,0
18.1948,CoreSystemMain,0.500,0,-0.0930,0.5086,0.1719,316.90,324.42,32.71,0.1329,0.4016,0.1721,330.27,0.61,358.68,0.0269,0.9054,0.1483,5.88,359.55,0.64,0.0984,0.0750,1.0195,0.00,0.02,0.00,0.0269,0.9054,0.1483,-0.0078,-0.1024,0.9947,37.92,0
18.2059,CoreSystemMain,0.500,0,-0.0927,0.5089,0.1721,316.85,324.35,32.78,0.1334,0.4025,0.1724,329.20,0.17,359.47,0.0270,0.9055,0.1482,5.82,359.55,0.64,0.0984,0.0750,1.0195,0.00,0.02,0.00,0.0270,0.9055,0.1482,-0.0078,-0.1014,0.9948,37.98,0
18.2169,CoreSystemMain,0.500,0,-0.0925,0.5091,0.1721,316.84,324.31,32.82,0.1337,0.4041,0.1736,327.90,359.55,0.92,0.0270,0.9056,0.1481,5.76,359.54,0.66,0.0984,0.0750,1.0195,0.00,0.02,0.00,0.0270,0.9056,0.1481,-0.0080,-0.1004,0.9949,38.04,0
18.2283,CoreSystemMain,0.500,0,-0.0924,0.5092,0.1722,316.81,324.31,32.85,0.1344,0.4038,0.1733,327.73,359.54,1.14,0.0271,0.9057,0.1480,5.72,359.52,0.68,0.0984,0.0750,1.0195,0.00,0.02,0.00,0.0271,0.9057,0.1480,-0.0083,-0.0997,0.9950,38.08,0
18.2394,CoreSystemMain,0.500,0,-0.0921,0.5095,0.1722,316.76,324.25,32.93,0.1345,0.4061,0.1751,326.27,359.56,1.43,0.0272,0.9057,0.1479,5.69,359.51,0.69,0.0984,0.0750,1.0195,0.00,0.02,0.00,0.0272,0.9057,0.1479,-0.0085,-0.0991,0.9950,38.11,0
18.2502,CoreSystemMain,0.500,0,-0.0918,0.5096,0.1723,316.72,324.25,33.01,0.1340,0.4084,0.1770,325.40,359.83,1.27,0.0272,0.9058,0.1477,5.69,359.50,0.69,0.0984,0.0750,1.0195,0.00,0.02,0.00,0.0272,0.9058,0.1477,-0.0087,-0.0991,0.9950,38.11,0
18.2614,CoreSystemMain,0.500,0,-0.0915,0.5097,0.1723,316.71,324.27,33.03,0.1336,0.4103,0.1786,324.93,359.87,0.92,0.0273,0.9058,0.1476,5.69,359.48,0.69,0.0984,0.0750,1.0195,0.00,0.02,0.00,0.0273,0.9058,0.1476,-0.0090,-0.0992,0.9950,38.11,0
18.2727,CoreSystemMain,0.500,0,-0.0912,0.5099,0.1724,316.69,324.27,33.02,0.1334,0.4119,0.1798,324.53,359.78,0.94,0.0274,0.9059,0.1474,5.70,359.47,0.69,0.0984,0.0750,1.0195,0.00,0.02,0.00,0.0274,0.9059,0.1474,-0.0092,-0.0993,0.9950,38.10,0
18.2838,CoreSystemMain,0.500,0,-0.0909,0.5099,0.1724,316.68,324.28,33.04,0.1327,0.4148,0.1820,324.11,0.25,359.71,0.0275,0.9059,0.1473,5.69,359.47,0.69,0.0984,0.0750,1.0195,0.00,0.02,0.00,0.0275,0.9059,0.1473,-0.0092,-0.0991,0.9950,38.10,0
18.2947,CoreSystemMain,0.500,1,-0.0906,0.5100,0.1724,316.69,324.27,33.07,0.1324,0.4164,0.1832,323.85,0.73,358.15,0.0277,0.9060,0.1471,5.69,359.48,0.69,0.0984,0.0750,1.0195,0.00,0.02,0.00,0.0277,0.9060,0.1471,-0.0091,-0.0991,0.9950,38.10,0
18.3059,CoreSystemMain,0.500,1,-0.0902,0.5100,0.1725,316.72,324.31,33.11,0.1314,0.4193,0.1854,323.20,0.62,357.03,0.0278,0.9061,0.1469,5.68,359.49,0.68,0.0984,0.0750,1.0195,0.00,0.02,0.00,0.0278,0.9061,0.1469,-0.0089,-0.0989,0.9951,38.11,0
18.3171,CoreSystemMain,0.500,1,-0.0896,0.5101,0.1726,316.78,324.46,33.12,0.1295,0.4226,0.1885,321.72,0.65,357.58,0.0280,0.9062,0.1468,5.65,359.50,0.68,0.0979,0.0752,1.0196,0.00,0.02,0.00,0.0280,0.9062,0.1468,-0.0087,-0.0984,0.9951,38.12,0
18.3280,CoreSystemMain,0.500,1,-0.0892,0.5102,0.1726,316.83,324.56,33.09,0.1281,0.4250,0.1909,320.59,0.55,357.99,0.0282,0.9063,0.1467,5.62,359.52,0.66,0.0974,0.0761,1.0203,0.00,0.02,0.00,0.0282,0.9063,0.1467,-0.0084,-0.0979,0.9952,38.08,0
18.3392,CoreSystemMain,0.500,1,-0.0889,0.5102,0.1727,316.85,324.65,33.09,0.1271,0.4271,0.1929,319.75,0.46,358.05,0.0284,0.9064,0.1465,5.58,359.54,0.65,0.0970,0.0780,1.0218,0.00,0.02,0.00,0.0284,0.9064,0.1465,-0.0079,-0.0972,0.9952,38.01,0
18.3502,CoreSystemMain,0.500,1,-0.0886,0.5103,0.1727,316.86,324.72,33.05,0.1253,0.4306,0.1962,318.30,359.33,359.12,0.0286,0.9065,0.1464,5.52,359.56,0.64,0.0964,0.0807,1.0240,0.00,0.02,0.00,0.0286,0.9065,0.1464,-0.0077,-0.0962,0.9953,37.90,0
18.3615,CoreSystemMain,0.500,1,-0.0883,0.5103,0.1727,316.86,324.77,33.05,0.1246,0.4329,0.1983,317.28,358.05,0.47,0.0288,0.9067,0.1462,5.47,359.59,0.62,0.0953,0.0852,1.0275,0.00,0.02,0.00,0.0288,0.9067,0.1462,-0.0071,-0.0954,0.9954,37.67,0
18.3726,CoreSystemMain,0.500,1,-0.0880,0.5105,0.1726,316.78,324.76,33.11,0.1224,0.4371,0.2020,315.52,357.16,0.59,0.0291,0.9068,0.1461,5.42,359.62,0.60,0.0940,0.0909,1.0317,0.00,0.02,0.00,0.0291,0.9068,0.1461,-0.0066,-0.0945,0.9955,37.38,0
18.3836,CoreSystemMain,0.500,1,-0.0877,0.5106,0.1726,316.76,324.76,33.15,0.1213,0.4404,0.2047,314.29,356.67,0.67,0.0293,0.9070,0.1460,5.36,359.65,0.57,0.0905,0.0988,1.0373,0.00,0.02,0.00,0.0293,0.9070,0.1460,-0.0061,-0.0935,0.9956,36.97,0
18.3948,CoreSystemMain,0.500,1,-0.0875,0.5107,0.1726,316.75,324.81,33.17,0.1197,0.4446,0.2084,312.71,356.13,1.32,0.0296,0.9072,0.1460,5.32,359.69,0.52,0.0863,0.1071,1.0430,0.00,0.02,0.00,0.0296,0.9072,0.1460,-0.0055,-0.0927,0.9957,36.53,0
18.4060,CoreSystemMain,0.500,1,-0.0873,0.5107,0.1726,316.78,324.88,33.14,0.1182,0.4485,0.2117,311.41,356.62,0.83,0.0298,0.9073,0.1458,5.27,359.71,0.46,0.0823,0.1169,1.0493,0.00,0.02,0.00,0.0298,0.9073,0.1458,-0.0050,-0.0919,0.9958,36.01,0
18.4170,CoreSystemMain,0.500,1,-0.0871,0.5108,0.1727,316.79,325.00,33.06,0.1165,0.4529,0.2152,310.17,357.42,0.18,0.0300,0.9075,0.1457,5.25,359.75,0.39,0.0789,0.1266,1.0554,0.00,0.02,0.00,0.0300,0.9075,0.1457,-0.0043,-0.0914,0.9958,35.48,0
18.4361,CoreSystemMain,0.500,1,-0.0870,0.5111,0.1727,316.80,325.09,33.05,0.1146,0.4605,0.2210,308.06,357.48,0.37,0.0304,0.9077,0.1456,5.19,359.80,0.30,0.0764,0.1363,1.0612,0.00,0.02,0.00,0.0304,0.9077,0.1456,-0.0035,-0.0904,0.9959,35.00,0
18.4396,CoreSystemMain,0.500,1,-0.0869,0.5111,0.1727,316.78,325.09,33.06,0.1143,0.4620,0.2221,307.74,358.24,359.23,0.0305,0.9078,0.1456,5.17,359.79,0.28,0.0731,0.1563,1.0723,0.00,0.02,0.00,0.0305,0.9078,0.1456,-0.0036,-0.0901,0.9959,33.94,0
18.4504,CoreSystemMain,0.500,1,-0.0869,0.5112,0.1726,316.73,325.16,33.03,0.1131,0.4664,0.2252,306.54,357.93,359.36,0.0307,0.9080,0.1455,5.13,359.80,0.27,0.0726,0.1585,1.0735,0.00,0.02,0.00,0.0307,0.9080,0.1455,-0.0034,-0.0894,0.9960,33.86,0
18.4616,CoreSystemMain,0.500,1,-0.0868,0.5114,0.1726,316.71,325.24,32.97,0.1120,0.4703,0.2283,305.35,357.49,359.82,0.0309,0.9081,0.1454,5.09,359.81,0.25,0.0701,0.1677,1.0782,0.00,0.02,0.00,0.0309,0.9081,0.1454,-0.0033,-0.0888,0.9960,33.40,0
18.4782,CoreSystemMain,0.500,1,-0.0870,0.5116,0.1727,316.58,325.29,32.87,0.1102,0.4774,0.2332,303.47,357.33,359.89,0.0312,0.9083,0.1453,5.04,359.83,0.23,0.0676,0.1776,1.0830,0.00,0.02,0.00,0.0312,0.9083,0.1453,-0.0030,-0.0878,0.9961,32.94,0
18.4836,CoreSystemMain,0.500,1,-0.0873,0.5117,0.1728,316.53,325.25,32.76,0.1097,0.4804,0.2348,302.57,357.30,0.18,0.0313,0.9083,0.1453,5.03,359.83,0.20,0.0635,0.1946,1.0903,0.00,0.02,0.00,0.0313,0.9083,0.1453,-0.0030,-0.0877,0.9961,32.08,0
18.4949,CoreSystemMain,0.500,1,-0.0873,0.5119,0.1728,316.51,325.25,32.72,0.1088,0.4839,0.2373,301.47,357.41,0.11,0.0315,0.9084,0.1453,5.00,359.85,0.17,0.0628,0.1990,1.0921,0.00,0.02,0.00,0.0315,0.9084,0.1453,-0.0027,-0.0872,0.9962,31.88,0
18.5060,CoreSystemMain,0.500,1,-0.0876,0.5120,0.1730,316.48,325.18,32.71,0.1077,0.4900,0.2403,299.48,357.50,0.49,0.0317,0.9085,0.1453,4.97,359.84,0.11,0.0613,0.2097,1.0960,0.00,0.02,0.00,0.0317,0.9085,0.1453,-0.0028,-0.0866,0.9962,31.39,0
18.5170,CoreSystemMain,0.500,1,-0.0880,0.5123,0.1733,316.49,325.12,32.78,0.1068,0.4948,0.2431,297.85,357.47,0.64,0.0318,0.9086,0.1453,4.92,359.84,0.06,0.0611,0.2227,1.0998,0.00,0.02,0.00,0.0318,0.9086,0.1453,-0.0028,-0.0857,0.9963,30.82,0
18.5281,CoreSystemMain,0.500,1,-0.0884,0.5125,0.1734,316.51,325.02,32.85,0.1058,0.5000,0.2451,296.08,356.81,1.24,0.0319,0.9087,0.1453,4.89,359.85,0.02,0.0610,0.2356,1.1029,0.00,0.02,0.00,0.0319,0.9087,0.1453,-0.0026,-0.0852,0.9964,30.25,0
18.5393,CoreSystemMain,0.500,1,-0.0886,0.5127,0.1735,316.49,324.99,32.88,0.1047,0.5048,0.2473,294.57,356.05,1.89,0.0321,0.9088,0.1453,4.85,359.87,359.99,0.0602,0.2495,1.1053,0.00,0.02,0.00,0.0321,0.9088,0.1453,-0.0023,-0.0846,0.9964,29.66,0
18.5502,CoreSystemMain,0.500,1,-0.0889,0.5128,0.1736,316.44,324.94,32.89,0.1036,0.5094,0.2489,293.21,355.14,2.44,0.0322,0.9088,0.1454,4.84,359.88,359.97,0.0588,0.2631,1.1070,0.00,0.02,0.00,0.0322,0.9088,0.1454,-0.0021,-0.0844,0.9964,29.07,0
18.5614,CoreSystemMain,0.500,1,-0.0892,0.5130,0.1737,316.31,324.93,32.78,0.1025,0.5141,0.2504,292.02,354.91,2.41,0.0323,0.9089,0.1454,4.82,359.88,359.94,0.0564,0.2756,1.1079,0.00,0.02,0.00,0.0323,0.9089,0.1454,-0.0020,-0.0840,0.9965,28.55,0
18.5727,CoreSystemMain,0.500,1,-0.0896,0.5132,0.1738,316.21,324.95,32.66,0.1015,0.5183,0.2518,291.02,355.39,1.71,0.0324,0.9090,0.1455,4.83,359.87,359.90,0.0535,0.2877,1.1083,0.00,0.02,0.00,0.0324,0.9090,0.1455,-0.0023,-0.0842,0.9964,28.03,0
18.5837,CoreSystemMain,0.500,1,-0.0899,0.5134,0.1737,316.12,324.92,32.60,0.1007,0.5221,0.2531,290.13,356.18,0.77,0.0325,0.9091,0.1455,4.81,359.87,359.89,0.0508,0.2987,1.1083,0.00,0.02,0.00,0.0325,0.9091,0.1455,-0.0023,-0.0838,0.9965,27.59,0
18.5947,CoreSystemMain,0.500,1,-0.0902,0.5134,0.1738,316.07,324.86,32.55,0.1000,0.5261,0.2542,289.50,357.78,359.15,0.0326,0.9092,0.1456,4.80,359.86,359.87,0.0486,0.3084,1.1081,0.00,0.02,0.00,0.0326,0.9092,0.1456,-0.0025,-0.0837,0.9965,27.18,0
18.6059,CoreSystemMain,0.500,1,-0.0905,0.5135,0.1739,316.08,324.81,32.53,0.0993,0.5298,0.2554,288.82,359.17,357.79,0.0326,0.9092,0.1456,4.79,359.85,359.88,0.0471,0.3170,1.1077,0.00,0.02,0.00,0.0326,0.9092,0.1456,-0.0027,-0.0836,0.9965,26.84,0
18.6170,CoreSystemMain,0.500,1,-0.0907,0.5135,0.1740,316.17,324.71,32.57,0.0989,0.5331,0.2560,288.30,0.16,356.79,0.0327,0.9092,0.1457,4.81,359.85,359.87,0.0463,0.3252,1.1073,0.00,0.02,0.00,0.0327,0.9092,0.1457,-0.0027,-0.0839,0.9965,26.47,0
18.6280,CoreSystemMain,0.500,1,-0.0909,0.5136,0.1741,316.24,324.61,32.69,0.0985,0.5362,0.2566,287.46,0.10,356.91,0.0327,0.9092,0.1457,4.82,359.86,359.87,0.0458,0.3324,1.1068,0.00,0.02,0.00,0.0327,0.9092,0.1457,-0.0025,-0.0840,0.9965,26.16,0
18.6391,CoreSystemMain,0.500,1,-0.0911,0.5136,0.1741,316.26,324.56,32.74,0.0980,0.5395,0.2576,286.51,359.67,357.22,0.0327,0.9093,0.1458,4.82,359.85,359.85,0.0454,0.3396,1.1059,0.00,0.02,0.00,0.0327,0.9093,0.1458,-0.0026,-0.0840,0.9965,25.87,0
18.6503,CoreSystemMain,0.500,1,-0.0913,0.5136,0.1743,316.29,324.58,32.77,0.0976,0.5418,0.2580,285.64,358.55,358.20,0.0327,0.9093,0.1458,4.81,359.87,359.82,0.0447,0.3472,1.1047,0.00,0.02,0.00,0.0327,0.9093,0.1458,-0.0022,-0.0838,0.9965,25.58,0
18.6615,CoreSystemMain,0.500,1,-0.0914,0.5135,0.1743,316.26,324.69,32.67,0.0972,0.5443,0.2583,284.69,357.61,359.12,0.0327,0.9093,0.1459,4.80,359.89,359.78,0.0435,0.3546,1.1032,0.00,0.02,0.00,0.0327,0.9093,0.1459,-0.0019,-0.0836,0.9965,25.30,0
18.6724,CoreSystemMain,0.500,1,-0.0914,0.5135,0.1744,316.25,324.72,32.62,0.0967,0.5470,0.2590,283.80,357.24,359.44,0.0326,0.9093,0.1460,4.78,359.88,359.75,0.0422,0.3621,1.1012,0.00,0.02,0.00,0.0326,0.9093,0.1460,-0.0021,-0.0833,0.9965,25.04,0
18.6837,CoreSystemMain,0.500,1,-0.0914,0.5135,0.1744,316.19,324.77,32.55,0.0965,0.5484,0.2589,283.20,357.03,359.69,0.0326,0.9094,0.1461,4.75,359.88,359.76,0.0410,0.3694,1.0991,0.00,0.02,0.00,0.0326,0.9094,0.1461,-0.0020,-0.0828,0.9966,24.79,0
18.6947,CoreSystemMain,0.500,1,-0.0914,0.5134,0.1744,316.13,324.76,32.54,0.0961,0.5504,0.2593,282.55,357.39,359.33,0.0325,0.9094,0.1461,4.72,359.87,359.79,0.0399,0.3762,1.0968,0.00,0.02,0.00,0.0325,0.9094,0.1461,-0.0023,-0.0823,0.9966,24.57,0
18.7057,CoreSystemMain,0.500,1,-0.0913,0.5132,0.1744,316.13,324.72,32.56,0.0960,0.5504,0.2588,282.40,359.24,357.63,0.0324,0.9094,0.1462,4.71,359.84,359.81,0.0391,0.3824,1.0946,0.00,0.02,0.00,0.0324,0.9094,0.1462,-0.0028,-0.0822,0.9966,24.35,0
18.7169,CoreSystemMain,0.500,1,-0.0915,0.5132,0.1746,316.13,324.71,32.54,0.0956,0.5526,0.2594,281.80,359.80,357.07,0.0323,0.9094,0.1463,4.70,359.83,359.84,0.0389,0.3874,1.0928,0.00,0.02,0.00,0.0323,0.9094,0.1463,-0.0030,-0.0819,0.9966,24.18,0
18.7280,CoreSystemMain,0.500,1,-0.0913,0.5130,0.1745,316.28,324.78,32.58,0.0958,0.5517,0.2587,282.17,1.43,355.33,0.0321,0.9094,0.1463,4.70,359.77,359.86,0.0388,0.3926,1.0908,0.00,0.02,0.00,0.0321,0.9094,0.1463,-0.0041,-0.0820,0.9966,24.00,0
18.7395,CoreSystemMain,0.500,1,-0.0913,0.5129,0.1746,316.31,324.77,32.58,0.0955,0.5531,0.2590,281.86,2.20,354.48,0.0319,0.9094,0.1464,4.69,359.72,359.88,0.0389,0.3960,1.0896,0.00,0.02,0.00,0.0319,0.9094,0.1464,-0.0049,-0.0818,0.9966,23.88,0
18.7506,CoreSystemMain,0.500,1,-0.0913,0.5128,0.1745,316.42,324.78,32.67,0.0956,0.5527,0.2587,282.27,2.37,353.91,0.0317,0.9094,0.1464,4.69,359.66,359.88,0.0388,0.3994,1.0883,0.00,0.02,0.00,0.0317,0.9094,0.1464,-0.0059,-0.0818,0.9966,23.75,0
18.7618,CoreSystemMain,0.500,1,-0.0912,0.5127,0.1745,316.48,324.75,32.74,0.0955,0.5525,0.2585,282.66,1.84,354.32,0.0314,0.9094,0.1465,4.69,359.62,359.89,0.0385,0.4017,1.0875,0.00,0.02,0.00,0.0314,0.9094,0.1465,-0.0066,-0.0817,0.9966,23.68,0
18.7728,CoreSystemMain,0.500,1,-0.0911,0.5126,0.1745,316.51,324.74,32.78,0.0957,0.5518,0.2583,283.05,0.99,355.18,0.0312,0.9094,0.1466,4.66,359.56,359.91,0.0380,0.4033,1.0870,0.00,0.02,0.00,0.0312,0.9094,0.1466,-0.0076,-0.0813,0.9967,23.64,0
18.7840,CoreSystemMain,0.500,1,-0.0910,0.5124,0.1746,316.51,324.77,32.67,0.0960,0.5500,0.2578,283.12,0.92,355.64,0.0310,0.9094,0.1467,4.64,359.50,359.93,0.0376,0.4043,1.0868,0.00,0.02,0.00,0.0310,0.9094,0.1467,-0.0087,-0.0809,0.9967,23.62,0
18.7950,CoreSystemMain,0.500,1,-0.0909,0.5123,0.1746,316.50,324.77,32.66,0.0960,0.5504,0.2579,282.91,1.06,355.62,0.0307,0.9093,0.1468,4.61,359.45,359.96,0.0375,0.4051,1.0867,0.00,0.02,0.00,0.0307,0.9093,0.1468,-0.0096,-0.0805,0.9967,23.61,0
18.8061,CoreSystemMain,0.500,1,-0.0909,0.5122,0.1744,316.51,324.79,32.65,0.0962,0.5499,0.2577,282.69,0.75,356.27,0.0305,0.9093,0.1469,4.61,359.38,359.98,0.0375,0.4060,1.0864,0.00,0.02,0.00,0.0305,0.9093,0.1469,-0.0107,-0.0804,0.9967,23.59,0
18.8174,CoreSystemMain,0.500,1,-0.0908,0.5120,0.1743,316.48,324.79,32.69,0.0967,0.5483,0.2573,282.57,358.82,358.71,0.0302,0.9093,0.1470,4.61,359.33,0.00,0.0376,0.4069,1.0861,0.00,0.02,0.00,0.0302,0.9093,0.1470,-0.0116,-0.0803,0.9967,23.56,0
18.8282,CoreSystemMain,0.500,1,-0.0907,0.5119,0.1743,316.51,324.80,32.71,0.0968,0.5476,0.2571,282.49,357.11,0.67,0.0300,0.9092,0.1471,4.63,359.29,0.03,0.0380,0.4078,1.0858,0.00,0.02,0.00,0.0300,0.9092,0.1471,-0.0124,-0.0806,0.9967,23.51,0
18.8394,CoreSystemMain,0.500,1,-0.0907,0.5117,0.1742,316.56,324.85,32.69,0.0970,0.5469,0.2569,282.57,355.37,2.36,0.0298,0.9090,0.1472,4.67,359.26,0.08,0.0385,0.4086,1.0854,0.00,0.02,0.00,0.0298,0.9090,0.1472,-0.0128,-0.0814,0.9966,23.44,0
18.8506,CoreSystemMain,0.500,1,-0.0907,0.5113,0.1742,316.66,324.91,32.65,0.0969,0.5459,0.2566,282.72,354.57,3.07,0.0297,0.9089,0.1473,4.70,359.26,0.11,0.0387,0.4093,1.0850,0.00,0.02,0.00,0.0297,0.9089,0.1473,-0.0128,-0.0820,0.9966,23.37,0
18.8615,CoreSystemMain,0.500,1,-0.0906,0.5111,0.1742,316.73,324.93,32.67,0.0969,0.5453,0.2565,282.98,355.13,2.43,0.0296,0.9088,0.1474,4.76,359.27,0.15,0.0388,0.4099,1.0848,0.00,0.02,0.00,0.0296,0.9088,0.1474,-0.0128,-0.0829,0.9965,23.30,0
18.8728,CoreSystemMain,0.500,1,-0.0905,0.5108,0.1742,316.79,324.95,32.68,0.0970,0.5450,0.2564,283.22,355.79,1.68,0.0295,0.9087,0.1475,4.79,359.28,0.19,0.0388,0.4103,1.0846,0.00,0.02,0.00,0.0295,0.9087,0.1475,-0.0125,-0.0834,0.9964,23.25,0
18.8840,CoreSystemMain,0.500,1,-0.0904,0.5105,0.1742,316.86,325.01,32.68,0.0971,0.5447,0.2563,283.61,357.18,0.22,0.0295,0.9086,0.1476,4.80,359.32,0.23,0.0389,0.4105,1.0845,0.00,0.02,0.00,0.0295,0.9086,0.1476,-0.0118,-0.0836,0.9964,23.23,0
18.8950,CoreSystemMain,0.500,1,-0.0903,0.5103,0.1742,316.89,325.10,32.63,0.0973,0.5444,0.2562,283.94,358.68,358.66,0.0295,0.9085,0.1477,4.81,359.36,0.25,0.0389,0.4106,1.0845,0.00,0.02,0.00,0.0295,0.9085,0.1477,-0.0112,-0.0838,0.9964,23.21,0
18.9061,CoreSystemMain,0.500,1,-0.0901,0.5100,0.1743,316.91,325.15,32.62,0.0977,0.5443,0.2561,284.11,359.35,357.94,0.0295,0.9085,0.1478,4.83,359.40,0.28,0.0389,0.4107,1.0845,0.00,0.02,0.00,0.0295,0.9085,0.1478,-0.0104,-0.0842,0.9964,23.18,0
18.9173,CoreSystemMain,0.500,1,-0.0901,0.5098,0.1743,316.94,325.23,32.57,0.0975,0.5444,0.2564,284.18,359.56,357.75,0.0295,0.9084,0.1479,4.85,359.47,0.29,0.0390,0.4107,1.0846,0.00,0.02,0.00,0.0295,0.9084,0.1479,-0.0093,-0.0845,0.9964,23.16,0
18.9284,CoreSystemMain,0.500,1,-0.0899,0.5095,0.1744,316.93,325.33,32.47,0.0979,0.5443,0.2563,284.04,358.86,358.46,0.0296,0.9083,0.1479,4.88,359.52,0.31,0.0390,0.4107,1.0846,0.00,0.02,0.00,0.0296,0.9083,0.1479,-0.0083,-0.0851,0.9963,23.12,0
18.9393,CoreSystemMain,0.500,1,-0.0897,0.5094,0.1745,316.94,325.45,32.39,0.0981,0.5442,0.2563,283.83,357.56,359.83,0.0296,0.9083,0.1480,4.91,359.60,0.33,0.0391,0.4107,1.0847,0.00,0.02,0.00,0.0296,0.9083,0.1480,-0.0070,-0.0856,0.9963,23.08,0
18.9505,CoreSystemMain,0.500,1,-0.0896,0.5093,0.1746,316.96,325.52,32.38,0.0982,0.5442,0.2563,283.65,356.28,1.30,0.0297,0.9082,0.1481,4.94,359.66,0.34,0.0391,0.4108,1.0847,0.00,0.02,0.00,0.0297,0.9082,0.1481,-0.0060,-0.0860,0.9963,23.05,0
18.9617,CoreSystemMain,0.500,1,-0.0895,0.5093,0.1746,316.99,325.56,32.43,0.0984,0.5442,0.2563,283.62,355.72,2.04,0.0297,0.9082,0.1481,4.95,359.70,0.35,0.0392,0.4109,1.0846,0.00,0.02,0.00,0.0297,0.9082,0.1481,-0.0053,-0.0863,0.9963,23.03,0
18.9732,CoreSystemMain,0.500,1,-0.0895,0.5093,0.1746,316.98,325.57,32.47,0.0986,0.5442,0.2564,283.63,356.06,1.88,0.0297,0.9082,0.1482,4.95,359.72,0.36,0.0393,0.4110,1.0846,0.00,0.02,0.00,0.0297,0.9082,0.1482,-0.0048,-0.0863,0.9963,23.03,0
18.9839,CoreSystemMain,0.500,1,-0.0894,0.5092,0.1747,316.99,325.60,32.47,0.0986,0.5442,0.2563,283.64,356.03,1.96,0.0298,0.9081,0.1483,4.96,359.76,0.38,0.0395,0.4111,1.0846,0.00,0.02,0.00,0.0298,0.9081,0.1483,-0.0042,-0.0864,0.9963,23.02,0
18.9952,CoreSystemMain,0.500,1,-0.0894,0.5094,0.1746,316.92,325.43,32.51,0.0991,0.5445,0.2564,283.74,357.40,0.62,0.0297,0.9082,0.1483,4.89,359.70,0.43,0.0398,0.4112,1.0846,0.00,0.02,0.00,0.0297,0.9082,0.1483,-0.0052,-0.0852,0.9963,23.08,0
19.0061,CoreSystemMain,0.500,1,-0.0895,0.5095,0.1747,316.87,325.37,32.51,0.0993,0.5448,0.2565,283.76,358.12,359.94,0.0296,0.9082,0.1484,4.85,359.66,0.46,0.0400,0.4113,1.0846,0.00,0.02,0.00,0.0296,0.9082,0.1484,-0.0060,-0.0846,0.9964,23.12,0
19.0171,CoreSystemMain,0.500,1,-0.0895,0.5094,0.1747,316.88,325.33,32.51,0.0996,0.5449,0.2566,283.75,358.50,359.56,0.0295,0.9083,0.1484,4.80,359.60,0.48,0.0403,0.4114,1.0846,0.00,0.02,0.00,0.0295,0.9083,0.1484,-0.0070,-0.0836,0.9965,23.18,0
19.0282,CoreSystemMain,0.500,1,-0.0896,0.5094,0.1748,316.92,325.27,32.55,0.0999,0.5452,0.2567,283.74,358.89,359.14,0.0293,0.9084,0.1485,4.76,359.52,0.48,0.0406,0.4115,1.0846,0.00,0.02,0.00,0.0293,0.9084,0.1485,-0.0083,-0.0829,0.9965,23.23,0
19.0395,CoreSystemMain,0.500,1,-0.0896,0.5094,0.1749,316.97,325.21,32.62,0.1002,0.5453,0.2568,283.73,359.09,358.96,0.0293,0.9084,0.1485,4.74,359.49,0.49,0.0409,0.4115,1.0846,0.00,0.02,0.00,0.0293,0.9084,0.1485,-0.0088,-0.0827,0.9965,23.24,0
19.0506,CoreSystemMain,0.500,1,-0.0898,0.5092,0.1750,317.05,325.17,32.74,0.1003,0.5457,0.2569,283.57,359.33,358.81,0.0291,0.9085,0.1485,4.72,359.41,0.47,0.0412,0.4116,1.0846,0.00,0.02,0.00,0.0291,0.9085,0.1485,-0.0103,-0.0822,0.9966,23.27,0
19.0617,CoreSystemMain,0.500,1,-0.0898,0.5092,0.1750,317.09,325.12,32.78,0.1006,0.5457,0.2569,283.52,359.46,358.76,0.0289,0.9086,0.1486,4.71,359.35,0.49,0.0416,0.4118,1.0846,0.00,0.02,0.00,0.0289,0.9086,0.1486,-0.0112,-0.0820,0.9966,23.29,0
19.0728,CoreSystemMain,0.500,0,-0.0898,0.5093,0.1751,317.11,325.07,32.81,0.1009,0.5456,0.2571,283.44,0.00,358.35,0.0288,0.9085,0.1486,4.69,359.29,0.49,0.0420,0.4119,1.0846,0.00,0.02,0.00,0.0288,0.9085,0.1486,-0.0123,-0.0818,0.9966,23.30,0
19.0838,CoreSystemMain,0.500,0,-0.0898,0.5093,0.1752,317.06,325.08,32.78,0.1010,0.5455,0.2574,283.53,0.40,358.43,0.0286,0.9086,0.1486,4.70,359.22,0.51,0.0420,0.4119,1.0846,0.00,0.02,0.00,0.0286,0.9086,0.1486,-0.0135,-0.0819,0.9965,23.30,0
19.0949,CoreSystemMain,0.500,0,-0.0898,0.5094,0.1752,317.00,325.12,32.74,0.1013,0.5453,0.2576,283.63,0.72,358.67,0.0285,0.9085,0.1486,4.70,359.16,0.53,0.0425,0.4087,1.0846,0.00,0.02,0.00,0.0285,0.9085,0.1486,-0.0146,-0.0820,0.9965,23.46,0
19.1061,CoreSystemMain,0.500,0,-0.0897,0.5094,0.1752,316.95,325.19,32.65,0.1020,0.5449,0.2576,283.95,0.29,359.14,0.0283,0.9085,0.1486,4.71,359.09,0.54,0.0425,0.4087,1.0846,0.00,0.02,0.00,0.0283,0.9085,0.1486,-0.0158,-0.0821,0.9965,23.45,0
19.1173,CoreSystemMain,0.500,0,-0.0896,0.5097,0.1752,316.93,325.20,32.63,0.1028,0.5444,0.2577,284.44,357.91,1.55,0.0282,0.9084,0.1486,4.74,359.03,0.53,0.0429,0.4015,1.0845,0.00,0.02,0.00,0.0282,0.9084,0.1486,-0.0168,-0.0827,0.9964,23.76,0
19.1284,CoreSystemMain,0.500,0,-0.0896,0.5099,0.1751,316.88,325.18,32.69,0.1031,0.5438,0.2580,284.90,354.01,6.41,0.0281,0.9084,0.1486,4.78,359.00,0.52,0.0434,0.3904,1.0845,0.00,0.02,0.00,0.0281,0.9084,0.1486,-0.0174,-0.0834,0.9964,24.25,0
19.1394,CoreSystemMain,0.500,0,-0.0896,0.5100,0.1750,316.85,325.18,32.75,0.1035,0.5431,0.2582,285.30,348.41,13.61,0.0280,0.9083,0.1486,4.82,358.97,0.53,0.0434,0.3904,1.0845,0.00,0.02,0.00,0.0280,0.9083,0.1486,-0.0180,-0.0841,0.9963,24.21,0
19.1508,CoreSystemMain,0.500,0,-0.0896,0.5102,0.1749,316.82,325.18,32.79,0.1039,0.5423,0.2587,285.33,342.37,20.81,0.0280,0.9082,0.1487,4.84,358.96,0.56,0.0438,0.3754,1.0844,0.00,0.02,0.00,0.0280,0.9082,0.1487,-0.0182,-0.0844,0.9963,24.88,0
19.1619,CoreSystemMain,0.500,0,-0.0896,0.5103,0.1748,316.80,325.16,32.78,0.1043,0.5417,0.2589,285.01,339.51,24.03,0.0279,0.9081,0.1487,4.88,358.95,0.57,0.0438,0.3754,1.0844,0.00,0.02,0.00,0.0279,0.9081,0.1487,-0.0183,-0.0850,0.9962,24.85,0
19.1728,CoreSystemMain,0.500,0,-0.0897,0.5104,0.1747,316.76,325.15,32.74,0.1047,0.5412,0.2589,284.21,339.01,24.53,0.0279,0.9081,0.1487,4.91,358.95,0.58,0.0442,0.3565,1.0843,0.00,0.02,0.00,0.0279,0.9081,0.1487,-0.0183,-0.0856,0.9962,25.68,0
19.1838,CoreSystemMain,0.500,0,-0.0897,0.5106,0.1746,316.72,325.01,32.79,0.1050,0.5408,0.2587,283.55,341.63,21.49,0.0279,0.9080,0.1487,4.95,358.98,0.58,0.0442,0.3565,1.0843,0.00,0.02,0.00,0.0279,0.9080,0.1487,-0.0178,-0.0863,0.9961,25.63,0
19.1950,CoreSystemMain,0.500,0,-0.0897,0.5106,0.1745,316.71,324.91,32.87,0.1055,0.5404,0.2584,283.39,344.49,18.19,0.0280,0.9079,0.1488,4.96,359.00,0.59,0.0447,0.3336,1.0843,0.00,0.02,0.00,0.0280,0.9079,0.1488,-0.0173,-0.0864,0.9961,26.65,0
19.2131,CoreSystemMain,0.500,0,-0.0898,0.5106,0.1743,316.79,324.83,32.97,0.1061,0.5396,0.2576,284.04,349.48,12.59,0.0280,0.9079,0.1488,4.99,359.06,0.59,0.0451,0.3068,1.0842,0.00,0.02,0.00,0.0280,0.9079,0.1488,-0.0163,-0.0870,0.9961,27.79,0
19.2169,CoreSystemMain,0.500,0,-0.0898,0.5106,0.1742,316.80,324.81,33.00,0.1063,0.5394,0.2574,284.26,350.31,11.61,0.0280,0.9078,0.1489,4.99,359.08,0.60,0.0451,0.3068,1.0842,0.00,0.02,0.00,0.0280,0.9078,0.1489,-0.0160,-0.0870,0.9961,27.79,0
19.2283,CoreSystemMain,0.500,0,-0.0899,0.5106,0.1741,316.84,324.78,33.01,0.1065,0.5387,0.2569,284.84,352.03,9.53,0.0280,0.9078,0.1489,5.00,359.10,0.61,0.0456,0.2761,1.0842,0.00,0.02,0.00,0.0280,0.9078,0.1489,-0.0156,-0.0871,0.9961,29.09,0
19.2396,CoreSystemMain,0.500,0,-0.0900,0.5104,0.1740,316.89,324.78,33.01,0.1067,0.5377,0.2562,285.34,353.42,7.71,0.0281,0.9078,0.1489,5.02,359.12,0.62,0.0456,0.2761,1.0842,0.00,0.02,0.00,0.0281,0.9078,0.1489,-0.0153,-0.0874,0.9961,29.07,0
19.2610,CoreSystemMain,0.500,0,-0.0900,0.5101,0.1738,316.91,324.84,32.85,0.1070,0.5347,0.2545,286.06,353.69,6.87,0.0280,0.9078,0.1490,5.05,359.12,0.66,0.0460,0.2415,1.0841,0.00,0.02,0.00,0.0280,0.9078,0.1490,-0.0153,-0.0880,0.9960,30.47,0
19.2650,CoreSystemMain,0.500,0,-0.0900,0.5100,0.1737,316.91,324.83,32.85,0.1071,0.5344,0.2544,286.16,353.84,6.68,0.0280,0.9078,0.1491,5.05,359.12,0.66,0.0460,0.2415,1.0841,0.00,0.02,0.00,0.0280,0.9078,0.1491,-0.0153,-0.0881,0.9960,30.47,0
19.2729,CoreSystemMain,0.500,0,-0.0900,0.5099,0.1736,316.96,324.85,32.77,0.1072,0.5327,0.2537,286.53,352.98,7.44,0.0280,0.9077,0.1491,5.08,359.13,0.67,0.0465,0.2030,1.0841,0.00,0.02,0.00,0.0280,0.9077,0.1491,-0.0151,-0.0885,0.9960,31.98,0
19.2839,CoreSystemMain,0.500,0,-0.0901,0.5096,0.1736,317.02,324.88,32.73,0.1074,0.5302,0.2528,287.14,351.46,9.12,0.0280,0.9077,0.1491,5.11,359.12,0.67,0.0465,0.2030,1.0841,0.00,0.02,0.00,0.0280,0.9077,0.1491,-0.0152,-0.0890,0.9959,31.95,0
19.2951,CoreSystemMain,0.500,0,-0.0902,0.5095,0.1735,317.09,324.86,32.73,0.1077,0.5277,0.2519,287.75,350.60,10.31,0.0279,0.9076,0.1491,5.12,359.13,0.67,0.0469,0.1605,1.0840,0.00,0.02,0.00,0.0279,0.9076,0.1491,-0.0152,-0.0893,0.9959,33.55,0
19.3062,CoreSystemMain,0.500,0,-0.0903,0.5093,0.1734,317.16,324.82,32.72,0.1079,0.5249,0.2508,288.43,350.82,10.30,0.0278,0.9075,0.1491,5.16,359.12,0.66,0.0469,0.1605,1.0840,0.00,0.02,0.00,0.0278,0.9075,0.1491,-0.0153,-0.0899,0.9958,33.51,0
19.3174,CoreSystemMain,0.500,0,-0.0903,0.5091,0.1733,317.22,324.78,32.77,0.1083,0.5217,0.2494,289.43,352.19,8.90,0.0278,0.9075,0.1491,5.19,359.11,0.64,0.0474,0.1141,1.0839,0.00,0.02,0.00,0.0278,0.9075,0.1491,-0.0155,-0.0905,0.9958,35.17,0
19.3282,CoreSystemMain,0.500,0,-0.0904,0.5089,0.1732,317.29,324.73,32.79,0.1086,0.5180,0.2477,290.73,354.13,6.73,0.0277,0.9074,0.1491,5.22,359.09,0.63,0.0478,0.0638,1.0839,0.00,0.02,0.00,0.0277,0.9074,0.1491,-0.0158,-0.0910,0.9957,36.89,0
19.3394,CoreSystemMain,0.500,0,-0.0905,0.5088,0.1731,317.31,324.75,32.78,0.1088,0.5142,0.2460,292.28,355.81,4.77,0.0276,0.9073,0.1490,5.24,359.08,0.63,0.0478,0.0638,1.0839,0.00,0.02,0.00,0.0276,0.9073,0.1490,-0.0160,-0.0913,0.9957,36.87,0
19.3506,CoreSystemMain,0.500,0,-0.0906,0.5088,0.1730,317.28,324.77,32.80,0.1090,0.5095,0.2439,294.53,357.45,2.45,0.0274,0.9073,0.1491,5.25,359.07,0.62,0.0479,0.0728,1.0839,-0.01,0.01,359.94,0.0274,0.9073,0.1491,-0.0162,-0.0914,0.9957,36.55,0
19.3613,CoreSystemMain,0.500,0,-0.0907,0.5087,0.1728,317.21,324.79,32.73,0.1092,0.5046,0.2418,296.96,358.71,0.47,0.0273,0.9073,0.1491,5.25,359.05,0.61,0.0479,0.0728,1.0839,-0.01,0.01,359.94,0.0273,0.9073,0.1491,-0.0165,-0.0915,0.9957,36.55,0
19.3726,CoreSystemMain,0.500,0,-0.0909,0.5087,0.1727,317.16,324.80,32.65,0.1094,0.5001,0.2400,299.15,359.79,358.81,0.0271,0.9072,0.1491,5.25,359.04,0.62,0.0479,0.0746,1.0839,0.00,0.01,359.94,0.0271,0.9072,0.1491,-0.0167,-0.0916,0.9957,36.49,0
19.3837,CoreSystemMain,0.500,0,-0.0911,0.5085,0.1725,317.07,324.76,32.59,0.1095,0.4943,0.2378,302.19,1.39,356.28,0.0270,0.9072,0.1491,5.27,359.02,0.63,0.0479,0.0746,1.0839,0.00,0.01,359.94,0.0270,0.9072,0.1491,-0.0170,-0.0919,0.9956,36.47,0
19.3946,CoreSystemMain,0.500,0,-0.0912,0.5085,0.1724,317.06,324.66,32.58,0.1099,0.4881,0.2354,305.42,2.57,354.21,0.0268,0.9072,0.1491,5.28,359.01,0.66,0.0479,0.0749,1.0839,0.00,0.02,359.98,0.0268,0.9072,0.1491,-0.0172,-0.0920,0.9956,36.45,0
19.4059,CoreSystemMain,0.500,0,-0.0915,0.5085,0.1723,317.05,324.50,32.67,0.1102,0.4815,0.2329,308.47,3.08,353.23,0.0267,0.9072,0.1491,5.29,359.00,0.68,0.0479,0.0749,1.0839,0.00,0.02,359.98,0.0267,0.9072,0.1491,-0.0173,-0.0922,0.9956,36.44,0
19.4170,CoreSystemMain,0.500,0,-0.0916,0.5085,0.1722,317.06,324.44,32.71,0.1106,0.4769,0.2313,310.64,3.29,352.67,0.0265,0.9071,0.1491,5.30,359.02,0.71,0.0478,0.0750,1.0839,0.00,0.02,-0.01,0.0265,0.9071,0.1491,-0.0170,-0.0924,0.9956,36.42,0
19.4282,CoreSystemMain,0.500,0,-0.0918,0.5085,0.1721,317.17,324.31,32.85,0.1108,0.4681,0.2274,313.56,2.32,353.83,0.0264,0.9070,0.1490,5.32,359.01,0.77,0.0478,0.0750,1.0839,0.00,0.02,0.00,0.0264,0.9070,0.1490,-0.0172,-0.0928,0.9955,36.40,0
19.4391,CoreSystemMain,0.500,0,-0.0920,0.5085,0.1721,317.24,324.23,32.93,0.1110,0.4612,0.2243,315.53,1.49,354.83,0.0262,0.9069,0.1490,5.33,359.00,0.83,0.0478,0.0750,1.0839,0.00,0.02,0.00,0.0262,0.9069,0.1490,-0.0173,-0.0928,0.9955,36.39,0
19.4503,CoreSystemMain,0.500,0,-0.0922,0.5083,0.1720,317.26,324.12,32.99,0.1114,0.4563,0.2222,317.13,1.17,355.12,0.0261,0.9068,0.1490,5.32,358.99,0.90,0.0478,0.0750,1.0839,0.00,0.02,0.00,0.0261,0.9068,0.1490,-0.0176,-0.0926,0.9955,36.40,0
19.4614,CoreSystemMain,0.500,0,-0.0922,0.5082,0.1719,317.23,324.02,33.04,0.1121,0.4489,0.2186,319.27,0.85,355.53,0.0260,0.9067,0.1491,5.30,358.98,0.94,0.0478,0.0750,1.0839,0.00,0.02,0.00,0.0260,0.9067,0.1491,-0.0178,-0.0924,0.9956,36.41,0
19.4724,CoreSystemMain,0.500,0,-0.0923,0.5081,0.1719,317.21,323.98,33.05,0.1127,0.4435,0.2158,320.91,0.76,355.63,0.0259,0.9066,0.1491,5.30,358.95,0.98,0.0478,0.0750,1.0839,0.00,0.02,0.00,0.0259,0.9066,0.1491,-0.0182,-0.0923,0.9956,36.42,0
19.4837,CoreSystemMain,0.500,0,-0.0922,0.5079,0.1718,317.21,324.01,33.02,0.1135,0.4373,0.2118,322.69,0.71,356.25,0.0257,0.9065,0.1491,5.29,358.94,1.04,0.0478,0.0750,1.0839,0.00,0.02,0.00,0.0257,0.9065,0.1491,-0.0185,-0.0923,0.9956,36.42,0
19.4949,CoreSystemMain,0.500,0,-0.0923,0.5078,0.1718,317.22,323.99,33.03,0.1140,0.4322,0.2097,324.53,0.69,356.29,0.0256,0.9065,0.1492,5.28,358.91,1.11,0.0478,0.0750,1.0839,0.00,0.02,0.00,0.0256,0.9065,0.1492,-0.0189,-0.0920,0.9956,36.44,0
19.5061,CoreSystemMain,0.500,0,-0.0921,0.5074,0.1718,317.23,324.04,33.00,0.1145,0.4280,0.2057,325.62,0.77,356.90,0.0255,0.9065,0.1492,5.26,358.84,1.21,0.0478,0.0750,1.0839,0.00,0.02,0.00,0.0255,0.9065,0.1492,-0.0201,-0.0916,0.9956,36.46,0
19.5169,CoreSystemMain,0.500,0,-0.0919,0.5072,0.1718,317.31,324.03,33.01,0.1152,0.4243,0.2028,326.89,0.99,356.61,0.0254,0.9065,0.1493,5.23,358.79,1.29,0.0478,0.0750,1.0839,0.00,0.02,0.00,0.0254,0.9065,0.1493,-0.0211,-0.0912,0.9956,36.49,0
19.5280,CoreSystemMain,0.500,0,-0.0917,0.5068,0.1719,317.37,324.08,32.99,0.1157,0.4211,0.2002,327.75,1.20,356.07,0.0253,0.9065,0.1493,5.21,358.75,1.35,0.0478,0.0750,1.0839,0.00,0.02,0.00,0.0253,0.9065,0.1493,-0.0217,-0.0908,0.9956,36.52,0
19.5395,CoreSystemMain,0.500,0,-0.0914,0.5064,0.1720,317.53,324.21,32.88,0.1161,0.4176,0.1972,328.50,1.09,355.82,0.0252,0.9065,0.1493,5.21,358.71,1.40,0.0478,0.0750,1.0839,0.00,0.02,0.00,0.0252,0.9065,0.1493,-0.0224,-0.0909,0.9956,36.51,0
19.5503,CoreSystemMain,0.500,0,-0.0910,0.5060,0.1722,317.68,324.41,32.81,0.1164,0.4149,0.1946,329.19,0.72,355.98,0.0251,0.9064,0.1493,5.21,358.69,1.46,0.0478,0.0750,1.0839,0.00,0.02,0.00,0.0251,0.9064,0.1493,-0.0228,-0.0908,0.9956,36.52,0
19.5615,CoreSystemMain,0.500,0,-0.0908,0.5058,0.1723,317.76,324.50,32.76,0.1168,0.4117,0.1923,330.17,0.51,356.01,0.0251,0.9064,0.1493,5.27,358.67,1.49,0.0478,0.0750,1.0839,0.00,0.02,0.00,0.0251,0.9064,0.1493,-0.0231,-0.0919,0.9955,36.46,0
19.5728,CoreSystemMain,0.500,0,-0.0904,0.5055,0.1725,317.88,324.67,32.73,0.1170,0.4103,0.1900,330.23,359.97,356.20,0.0251,0.9063,0.1492,5.25,358.65,1.54,0.0478,0.0750,1.0839,0.00,0.02,0.00,0.0251,0.9063,0.1492,-0.0235,-0.0914,0.9955,36.48,0
19.5839,CoreSystemMain,0.500,0,-0.0899,0.5053,0.1726,317.94,324.80,32.77,0.1172,0.4088,0.1882,330.45,359.64,356.46,0.0251,0.9064,0.1492,5.27,358.65,1.54,0.0478,0.0750,1.0839,0.00,0.02,0.00,0.0251,0.9064,0.1492,-0.0235,-0.0919,0.9955,36.45,0
19.5948,CoreSystemMain,0.500,0,-0.0893,0.5053,0.1727,317.94,324.99,32.73,0.1173,0.4080,0.1867,330.40,0.00,356.28,0.0252,0.9063,0.1491,5.28,358.65,1.54,0.0478,0.0750,1.0839,0.00,0.02,0.00,0.0252,0.9063,0.1491,-0.0234,-0.0921,0.9955,36.44,0
19.6058,CoreSystemMain,0.500,0,-0.0889,0.5052,0.1728,317.93,325.13,32.68,0.1176,0.4060,0.1851,330.77,359.81,356.64,0.0253,0.9063,0.1491,5.30,358.66,1.52,0.0478,0.0750,1.0839,0.00,0.02,0.00,0.0253,0.9063,0.1491,-0.0232,-0.0925,0.9954,36.41,0
19.6170,CoreSystemMain,0.500,0,-0.0883,0.5053,0.1729,317.79,325.37,32.60,0.1177,0.4054,0.1843,330.64,359.50,357.51,0.0254,0.9063,0.1490,5.29,358.69,1.50,0.0478,0.0750,1.0839,0.00,0.02,0.00,0.0254,0.9063,0.1490,-0.0228,-0.0923,0.9955,36.42,0
19.6280,CoreSystemMain,0.500,0,-0.0879,0.5054,0.1730,317.70,325.56,32.52,0.1178,0.4048,0.1836,330.97,359.65,357.52,0.0255,0.9062,0.1490,5.28,358.72,1.47,0.0478,0.0750,1.0839,0.00,0.02,0.00,0.0255,0.9062,0.1490,-0.0222,-0.0921,0.9955,36.43,0
19.6391,CoreSystemMain,0.500,0,-0.0874,0.5057,0.1731,317.59,325.78,32.46,0.1178,0.4051,0.1836,331.19,0.04,357.02,0.0256,0.9062,0.1490,5.29,358.76,1.45,0.0478,0.0750,1.0839,0.00,0.02,0.00,0.0256,0.9062,0.1490,-0.0215,-0.0921,0.9955,36.42,0
19.6503,CoreSystemMain,0.500,0,-0.0869,0.5062,0.1733,317.54,325.92,32.50,0.1177,0.4062,0.1843,331.25,0.39,356.49,0.0258,0.9062,0.1489,5.28,358.81,1.40,0.0478,0.0750,1.0839,0.00,0.02,0.00,0.0258,0.9062,0.1489,-0.0207,-0.0920,0.9955,36.43,0
19.6617,CoreSystemMain,0.500,0,-0.0866,0.5066,0.1733,317.46,325.91,32.72,0.1174,0.4072,0.1849,331.08,0.58,356.10,0.0261,0.9062,0.1488,5.28,358.87,1.36,0.0478,0.0750,1.0839,0.00,0.02,0.00,0.0261,0.9062,0.1488,-0.0196,-0.0920,0.9956,36.42,0
19.6724,CoreSystemMain,0.500,0,-0.0863,0.5068,0.1734,317.44,325.96,32.78,0.1174,0.4071,0.1848,331.23,0.58,355.95,0.0263,0.9062,0.1488,5.28,358.95,1.33,0.0478,0.0750,1.0839,0.00,0.02,0.00,0.0263,0.9062,0.1488,-0.0182,-0.0920,0.9956,36.41,0
19.6838,CoreSystemMain,0.500,0,-0.0861,0.5074,0.1734,317.29,325.89,32.89,0.1167,0.4107,0.1873,330.13,0.53,355.21,0.0265,0.9063,0.1487,5.28,359.03,1.31,0.0478,0.0750,1.0839,0.00,0.02,0.00,0.0265,0.9063,0.1487,-0.0168,-0.0921,0.9956,36.40,0
19.6949,CoreSystemMain,0.500,0,-0.0860,0.5078,0.1735,317.23,325.86,32.99,0.1163,0.4132,0.1893,329.15,0.59,355.07,0.0268,0.9063,0.1486,5.29,359.11,1.28,0.0478,0.0750,1.0839,0.00,0.02,0.00,0.0268,0.9063,0.1486,-0.0155,-0.0922,0.9956,36.39,0
19.7058,CoreSystemMain,0.500,0,-0.0859,0.5082,0.1736,317.15,325.81,33.06,0.1163,0.4156,0.1913,328.24,0.63,354.71,0.0271,0.9063,0.1486,5.28,359.17,1.27,0.0478,0.0750,1.0839,0.00,0.02,0.00,0.0271,0.9063,0.1486,-0.0144,-0.0920,0.9957,36.39,0
19.7169,CoreSystemMain,0.500,1,-0.0858,0.5085,0.1736,317.07,325.81,33.02,0.1160,0.4181,0.1931,327.35,0.65,354.11,0.0273,0.9064,0.1485,5.28,359.24,1.25,0.0478,0.0750,1.0839,0.00,0.02,0.00,0.0273,0.9064,0.1485,-0.0133,-0.0920,0.9957,36.39,0
19.7282,CoreSystemMain,0.500,1,-0.0859,0.5089,0.1736,316.98,325.68,33.02,0.1148,0.4226,0.1971,324.92,0.12,355.00,0.0276,0.9064,0.1484,5.26,359.28,1.26,0.0478,0.0750,1.0839,0.00,0.02,0.00,0.0276,0.9064,0.1484,-0.0125,-0.0917,0.9957,36.41,0
19.7394,CoreSystemMain,0.500,1,-0.0859,0.5091,0.1737,316.92,325.67,33.04,0.1143,0.4249,0.1991,323.74,359.97,355.31,0.0278,0.9065,0.1484,5.25,359.34,1.25,0.0480,0.0762,1.0848,0.00,0.02,0.00,0.0278,0.9065,0.1484,-0.0115,-0.0916,0.9957,36.34,0
19.7505,CoreSystemMain,0.500,1,-0.0861,0.5094,0.1738,316.87,325.56,33.05,0.1132,0.4302,0.2034,321.58,359.95,355.50,0.0280,0.9066,0.1483,5.23,359.34,1.25,0.0484,0.0785,1.0865,0.00,0.02,0.00,0.0280,0.9066,0.1483,-0.0114,-0.0912,0.9958,36.23,0
19.7616,CoreSystemMain,0.500,1,-0.0863,0.5096,0.1738,316.88,325.43,33.12,0.1123,0.4349,0.2068,320.01,0.82,354.53,0.0282,0.9067,0.1482,5.22,359.35,1.22,0.0492,0.0841,1.0905,0.00,0.02,0.00,0.0282,0.9067,0.1482,-0.0113,-0.0909,0.9958,35.94,0
19.7726,CoreSystemMain,0.500,1,-0.0865,0.5099,0.1739,316.94,325.29,33.22,0.1117,0.4398,0.2100,318.34,1.32,353.48,0.0284,0.9068,0.1482,5.20,359.35,1.18,0.0499,0.0915,1.0956,0.00,0.02,0.00,0.0284,0.9068,0.1482,-0.0112,-0.0906,0.9958,35.55,0
19.7836,CoreSystemMain,0.500,1,-0.0867,0.5099,0.1738,316.97,325.13,33.32,0.1107,0.4452,0.2135,316.25,0.87,353.80,0.0285,0.9070,0.1481,5.16,359.34,1.14,0.0496,0.1009,1.1018,0.00,0.02,0.00,0.0285,0.9070,0.1481,-0.0115,-0.0899,0.9959,35.08,0
19.7947,CoreSystemMain,0.500,1,-0.0869,0.5101,0.1738,317.00,324.99,33.42,0.1100,0.4502,0.2169,314.24,0.71,354.00,0.0287,0.9071,0.1481,5.12,359.32,1.10,0.0486,0.1131,1.1092,0.00,0.02,0.00,0.0287,0.9071,0.1481,-0.0118,-0.0892,0.9959,34.48,0
19.8059,CoreSystemMain,0.500,1,-0.0872,0.5101,0.1738,316.98,324.89,33.43,0.1090,0.4554,0.2204,312.16,0.62,354.40,0.0288,0.9073,0.1481,5.07,359.28,1.06,0.0477,0.1270,1.1169,0.00,0.02,0.00,0.0288,0.9073,0.1481,-0.0125,-0.0883,0.9960,33.82,0
19.8171,CoreSystemMain,0.500,1,-0.0874,0.5101,0.1738,316.95,324.84,33.35,0.1084,0.4612,0.2240,309.64,359.68,356.15,0.0290,0.9074,0.1480,5.00,359.25,1.02,0.0476,0.1423,1.1245,0.00,0.02,0.00,0.0290,0.9074,0.1480,-0.0130,-0.0871,0.9961,33.12,0
19.8358,CoreSystemMain,0.500,1,-0.0877,0.5102,0.1738,316.92,324.86,33.21,0.1073,0.4702,0.2296,306.07,359.28,357.42,0.0293,0.9077,0.1480,4.93,359.20,0.93,0.0492,0.1602,1.1323,0.00,0.02,0.00,0.0293,0.9077,0.1480,-0.0139,-0.0859,0.9962,32.33,0
19.8400,CoreSystemMain,0.500,1,-0.0878,0.5101,0.1738,316.95,324.87,33.14,0.1070,0.4724,0.2307,305.34,359.33,357.48,0.0293,0.9077,0.1480,4.91,359.18,0.92,0.0545,0.1962,1.1445,0.00,0.02,0.00,0.0293,0.9077,0.1480,-0.0142,-0.0856,0.9962,30.68,0
19.8503,CoreSystemMain,0.500,1,-0.0880,0.5101,0.1737,316.98,324.86,33.09,0.1063,0.4777,0.2337,303.62,359.10,357.88,0.0295,0.9078,0.1479,4.90,359.16,0.85,0.0550,0.2003,1.1458,0.00,0.02,0.00,0.0295,0.9078,0.1479,-0.0147,-0.0855,0.9962,30.50,0
19.8613,CoreSystemMain,0.500,1,-0.0882,0.5100,0.1737,317.00,324.81,33.09,0.1054,0.4835,0.2365,301.99,359.80,357.18,0.0297,0.9079,0.1478,4.88,359.14,0.79,0.0565,0.2142,1.1495,0.00,0.02,0.00,0.0297,0.9079,0.1478,-0.0150,-0.0850,0.9963,29.90,0
19.8798,CoreSystemMain,0.500,1,-0.0885,0.5099,0.1735,317.05,324.81,33.02,0.1046,0.4917,0.2407,299.65,0.68,356.61,0.0299,0.9080,0.1477,4.82,359.12,0.72,0.0580,0.2295,1.1528,0.00,0.02,0.00,0.0299,0.9080,0.1477,-0.0154,-0.0841,0.9963,29.28,0
19.8836,CoreSystemMain,0.500,1,-0.0886,0.5099,0.1734,317.05,324.81,33.03,0.1044,0.4944,0.2422,298.80,1.02,356.47,0.0300,0.9081,0.1477,4.81,359.09,0.69,0.0617,0.2566,1.1569,0.00,0.02,0.00,0.0300,0.9081,0.1477,-0.0158,-0.0838,0.9964,28.14,0
19.8950,CoreSystemMain,0.500,1,-0.0888,0.5099,0.1733,317.03,324.85,32.99,0.1038,0.4998,0.2450,297.22,2.18,355.48,0.0302,0.9082,0.1477,4.75,359.09,0.65,0.0623,0.2603,1.1574,0.00,0.02,0.00,0.0302,0.9082,0.1477,-0.0159,-0.0828,0.9964,28.05,0
19.9059,CoreSystemMain,0.500,1,-0.0889,0.5099,0.1732,317.00,324.85,32.96,0.1034,0.5050,0.2476,295.69,3.07,354.79,0.0303,0.9084,0.1477,4.73,359.07,0.62,0.0652,0.2750,1.1586,0.00,0.02,0.00,0.0303,0.9084,0.1477,-0.0161,-0.0824,0.9965,27.46,0
19.9171,CoreSystemMain,0.500,1,-0.0889,0.5100,0.1730,316.93,324.97,32.75,0.1028,0.5105,0.2493,294.30,2.97,355.06,0.0305,0.9085,0.1477,4.65,359.07,0.59,0.0682,0.2889,1.1591,0.00,0.02,0.00,0.0305,0.9085,0.1477,-0.0163,-0.0811,0.9966,26.97,0
19.9281,CoreSystemMain,0.500,1,-0.0891,0.5099,0.1729,316.90,325.04,32.63,0.1023,0.5157,0.2514,292.84,2.93,355.13,0.0306,0.9086,0.1477,4.61,359.06,0.56,0.0708,0.3027,1.1589,0.00,0.02,0.00,0.0306,0.9086,0.1477,-0.0163,-0.0804,0.9966,26.47,0
19.9392,CoreSystemMain,0.500,1,-0.0892,0.5098,0.1728,316.88,325.04,32.54,0.1019,0.5209,0.2536,291.43,3.11,355.01,0.0308,0.9087,0.1476,4.57,359.06,0.52,0.0728,0.3161,1.1581,0.00,0.02,0.00,0.0308,0.9087,0.1476,-0.0164,-0.0797,0.9967,25.99,0
19.9503,CoreSystemMain,0.500,1,-0.0894,0.5097,0.1727,316.90,325.08,32.45,0.1016,0.5257,0.2544,290.46,4.15,353.94,0.0309,0.9088,0.1476,4.55,359.06,0.48,0.0744,0.3294,1.1567,0.00,0.02,0.00,0.0309,0.9088,0.1476,-0.0164,-0.0793,0.9967,25.50,0
19.9614,CoreSystemMain,0.500,1,-0.0895,0.5097,0.1726,316.93,325.08,32.44,0.1012,0.5307,0.2564,289.22,5.37,352.80,0.0311,0.9089,0.1476,4.54,359.04,0.46,0.0759,0.3413,1.1551,0.00,0.02,0.00,0.0311,0.9089,0.1476,-0.0166,-0.0791,0.9967,25.06,0
19.9726,CoreSystemMain,0.500,1,-0.0897,0.5096,0.1725,316.98,325.08,32.42,0.1009,0.5355,0.2577,288.23,7.32,350.81,0.0312,0.9090,0.1476,4.52,359.03,0.44,0.0776,0.3531,1.1530,0.00,0.02,0.00,0.0312,0.9090,0.1476,-0.0169,-0.0788,0.9967,24.64,0
19.9836,CoreSystemMain,0.500,1,-0.0900,0.5094,0.1724,317.02,325.06,32.39,0.1003,0.5397,0.2582,287.47,9.12,348.98,0.0312,0.9090,0.1476,4.49,359.02,0.43,0.0796,0.3644,1.1506,0.00,0.02,0.00,0.0312,0.9090,0.1476,-0.0171,-0.0783,0.9968,24.25,0
19.9950,CoreSystemMain,0.500,1,-0.0902,0.5094,0.1723,317.06,324.98,32.42,0.1002,0.5439,0.2587,286.43,10.35,347.83,0.0313,0.9091,0.1476,4.48,358.99,0.41,0.0815,0.3745,1.1481,0.00,0.02,0.00,0.0313,0.9091,0.1476,-0.0176,-0.0781,0.9968,23.89,0
20.0059,CoreSystemMain,0.500,1,-0.0903,0.5094,0.1723,317.07,324.92,32.46,0.1002,0.5475,0.2593,285.31,11.14,347.32,0.0314,0.9091,0.1476,4.46,358.98,0.39,0.0836,0.3848,1.1451,0.00,0.02,0.00,0.0314,0.9091,0.1476,-0.0178,-0.0777,0.9968,23.55,0
20.0168,CoreSystemMain,0.500,1,-0.0905,0.5093,0.1722,317.05,324.89,32.44,0.1002,0.5509,0.2595,284.21,11.67,346.91,0.0314,0.9092,0.1476,4.43,358.95,0.35,0.0858,0.3945,1.1417,0.00,0.02,0.00,0.0314,0.9092,0.1476,-0.0183,-0.0773,0.9968,23.25,0
20.0280,CoreSystemMain,0.500,1,-0.0907,0.5093,0.1722,317.05,324.85,32.45,0.1000,0.5556,0.2611,282.97,13.16,345.53,0.0314,0.9092,0.1477,4.39,358.92,0.32,0.0880,0.4042,1.1378,0.00,0.02,0.00,0.0314,0.9092,0.1477,-0.0188,-0.0766,0.9969,22.97,0
20.0392,CoreSystemMain,0.500,1,-0.0908,0.5092,0.1722,317.08,324.81,32.40,0.1000,0.5584,0.2613,282.17,13.83,344.93,0.0314,0.9093,0.1477,4.37,358.89,0.28,0.0902,0.4146,1.1332,0.00,0.02,0.00,0.0314,0.9093,0.1477,-0.0193,-0.0763,0.9969,22.66,0
20.0504,CoreSystemMain,0.500,1,-0.0909,0.5092,0.1722,317.13,324.79,32.38,0.0998,0.5606,0.2613,281.73,14.63,344.21,0.0314,0.9093,0.1478,4.34,358.86,0.29,0.0921,0.4239,1.1288,0.00,0.02,0.00,0.0314,0.9093,0.1478,-0.0198,-0.0757,0.9969,22.39,0
20.0613,CoreSystemMain,0.500,1,-0.0910,0.5092,0.1722,317.16,324.70,32.46,0.0996,0.5622,0.2609,281.60,15.03,343.83,0.0313,0.9094,0.1478,4.33,358.82,0.27,0.0937,0.4316,1.1250,0.00,0.02,0.00,0.0313,0.9094,0.1478,-0.0206,-0.0754,0.9969,22.17,0
20.0726,CoreSystemMain,0.500,1,-0.0911,0.5091,0.1722,317.17,324.66,32.50,0.0994,0.5657,0.2617,280.88,16.55,342.36,0.0313,0.9094,0.1479,4.28,358.78,0.27,0.0949,0.4377,1.1221,0.00,0.02,0.00,0.0313,0.9094,0.1479,-0.0213,-0.0745,0.9970,22.03,0
20.0836,CoreSystemMain,0.500,1,-0.0912,0.5091,0.1722,317.15,324.60,32.56,0.0994,0.5668,0.2610,280.99,17.25,341.40,0.0312,0.9095,0.1479,4.27,358.74,0.25,0.0962,0.4441,1.1187,0.00,0.02,0.00,0.0312,0.9095,0.1479,-0.0219,-0.0745,0.9970,21.85,0
20.0946,CoreSystemMain,0.500,1,-0.0912,0.5090,0.1723,317.12,324.60,32.51,0.0995,0.5682,0.2607,280.75,18.53,339.99,0.0311,0.9096,0.1480,4.26,358.71,0.26,0.0969,0.4489,1.1163,0.00,0.02,0.00,0.0311,0.9096,0.1480,-0.0224,-0.0743,0.9970,21.71,0
20.1058,CoreSystemMain,0.500,1,-0.0912,0.5089,0.1723,317.13,324.63,32.41,0.0995,0.5699,0.2606,280.29,19.57,338.86,0.0310,0.9095,0.1480,4.26,358.69,0.27,0.0975,0.4533,1.1140,0.00,0.02,0.00,0.0310,0.9095,0.1480,-0.0228,-0.0743,0.9970,21.56,0
20.1170,CoreSystemMain,0.500,1,-0.0909,0.5093,0.1725,317.17,324.66,32.34,0.0995,0.5711,0.2606,279.83,19.96,338.23,0.0310,0.9095,0.1480,4.27,358.68,0.28,0.0980,0.4577,1.1114,0.00,0.02,0.00,0.0310,0.9095,0.1480,-0.0230,-0.0744,0.9970,21.42,0
20.1281,CoreSystemMain,0.500,1,-0.0909,0.5093,0.1726,317.26,324.64,32.42,0.0995,0.5716,0.2603,279.53,19.09,339.02,0.0309,0.9095,0.1480,4.27,358.67,0.29,0.0980,0.4620,1.1088,0.00,0.02,0.00,0.0309,0.9095,0.1480,-0.0231,-0.0745,0.9970,21.27,0
20.1391,CoreSystemMain,0.500,1,-0.0909,0.5093,0.1727,317.31,324.61,32.58,0.0995,0.5724,0.2603,279.25,19.02,339.10,0.0308,0.9094,0.1480,4.28,358.66,0.30,0.0977,0.4658,1.1064,0.00,0.02,0.00,0.0308,0.9094,0.1480,-0.0233,-0.0746,0.9969,21.14,0
20.1503,CoreSystemMain,0.500,1,-0.0908,0.5094,0.1727,317.31,324.58,32.72,0.0996,0.5727,0.2602,279.21,19.31,338.93,0.0307,0.9094,0.1480,4.28,358.67,0.32,0.0974,0.4693,1.1042,0.00,0.02,0.00,0.0307,0.9094,0.1480,-0.0232,-0.0746,0.9969,21.02,0
20.1617,CoreSystemMain,0.500,1,-0.0907,0.5094,0.1728,317.28,324.63,32.70,0.0996,0.5733,0.2602,279.15,19.96,338.47,0.0306,0.9093,0.1481,4.29,358.67,0.32,0.0974,0.4723,1.1023,0.00,0.02,0.00,0.0306,0.9093,0.1481,-0.0232,-0.0748,0.9969,20.91,0
20.1724,CoreSystemMain,0.500,1,-0.0907,0.5095,0.1728,317.24,324.64,32.67,0.0997,0.5737,0.2603,279.14,20.23,338.31,0.0306,0.9093,0.1481,4.29,358.67,0.34,0.0976,0.4749,1.1006,0.00,0.02,0.00,0.0306,0.9093,0.1481,-0.0232,-0.0748,0.9969,20.82,0
20.1836,CoreSystemMain,0.500,1,-0.0906,0.5094,0.1728,317.09,324.72,32.59,0.0996,0.5733,0.2604,279.42,19.39,338.88,0.0305,0.9092,0.1481,4.29,358.68,0.36,0.0978,0.4771,1.0992,0.00,0.02,0.00,0.0305,0.9092,0.1481,-0.0229,-0.0747,0.9969,20.75,0
20.1947,CoreSystemMain,0.500,1,-0.0905,0.5094,0.1729,317.00,324.73,32.54,0.0995,0.5734,0.2605,279.58,18.96,339.10,0.0304,0.9092,0.1482,4.30,358.68,0.38,0.0978,0.4787,1.0983,0.00,0.02,0.00,0.0304,0.9092,0.1482,-0.0229,-0.0750,0.9969,20.67,0
20.2058,CoreSystemMain,0.500,1,-0.0904,0.5094,0.1729,316.96,324.74,32.54,0.0995,0.5737,0.2606,279.61,19.01,338.83,0.0303,0.9091,0.1482,4.32,358.71,0.41,0.0976,0.4800,1.0976,0.00,0.02,0.00,0.0303,0.9091,0.1482,-0.0224,-0.0752,0.9969,20.61,0
20.2169,CoreSystemMain,0.500,1,-0.0903,0.5094,0.1730,316.98,324.78,32.55,0.0995,0.5735,0.2608,279.70,18.95,338.72,0.0303,0.9091,0.1482,4.34,358.73,0.45,0.0974,0.4812,1.0970,0.00,0.02,0.00,0.0303,0.9091,0.1482,-0.0221,-0.0756,0.9969,20.53,0
20.2281,CoreSystemMain,0.500,1,-0.0902,0.5093,0.1730,317.01,324.80,32.59,0.0996,0.5737,0.2610,279.60,19.15,338.54,0.0302,0.9091,0.1482,4.37,358.75,0.47,0.0970,0.4823,1.0965,0.00,0.02,0.00,0.0302,0.9091,0.1482,-0.0218,-0.0761,0.9969,20.46,0
20.2393,CoreSystemMain,0.500,1,-0.0900,0.5093,0.1731,317.08,324.85,32.63,0.0998,0.5733,0.2611,279.58,19.23,338.73,0.0302,0.9090,0.1482,4.39,358.78,0.50,0.0967,0.4833,1.0960,0.00,0.02,0.00,0.0302,0.9090,0.1482,-0.0212,-0.0766,0.9968,20.38,0
20.2508,CoreSystemMain,0.500,1,-0.0900,0.5091,0.1733,317.14,324.88,32.67,0.0999,0.5730,0.2611,279.59,19.22,339.09,0.0301,0.9090,0.1482,4.42,358.80,0.53,0.0966,0.4842,1.0955,0.00,0.02,0.00,0.0301,0.9090,0.1482,-0.0209,-0.0771,0.9968,20.31,0
20.2616,CoreSystemMain,0.500,1,-0.0898,0.5090,0.1733,317.21,324.91,32.71,0.1000,0.5725,0.2612,279.75,18.68,339.92,0.0300,0.9090,0.1482,4.44,358.82,0.56,0.0966,0.4850,1.0951,0.00,0.02,0.00,0.0300,0.9090,0.1482,-0.0204,-0.0774,0.9968,20.26,0
20.2726,CoreSystemMain,0.500,1,-0.0897,0.5089,0.1734,317.21,324.91,32.70,0.1001,0.5720,0.2612,280.11,18.47,340.06,0.0300,0.9090,0.1482,4.44,358.84,0.60,0.0968,0.4855,1.0949,0.00,0.02,0.00,0.0300,0.9090,0.1482,-0.0201,-0.0774,0.9968,20.23,0
20.2837,CoreSystemMain,0.500,1,-0.0896,0.5088,0.1734,317.22,324.89,32.68,0.1001,0.5717,0.2611,280.74,19.16,338.88,0.0299,0.9090,0.1482,4.43,358.87,0.61,0.0969,0.4859,1.0948,0.00,0.02,0.00,0.0299,0.9090,0.1482,-0.0196,-0.0773,0.9968,20.22,0
20.2947,CoreSystemMain,0.500,1,-0.0895,0.5087,0.1735,317.23,324.89,32.68,0.1001,0.5717,0.2609,281.26,20.06,337.49,0.0298,0.9090,0.1482,4.43,358.87,0.62,0.0970,0.4862,1.0948,0.00,0.02,0.00,0.0298,0.9090,0.1482,-0.0196,-0.0772,0.9968,20.22,0
20.3059,CoreSystemMain,0.500,1,-0.0894,0.5086,0.1735,317.20,324.92,32.69,0.1002,0.5716,0.2606,282.24,22.61,334.16,0.0298,0.9090,0.1482,4.40,358.90,0.62,0.0969,0.4862,1.0950,0.00,0.02,0.00,0.0298,0.9090,0.1482,-0.0191,-0.0768,0.9969,20.23,0
20.3170,CoreSystemMain,0.500,1,-0.0894,0.5086,0.1735,317.20,324.99,32.73,0.1001,0.5715,0.2602,282.82,24.40,332.12,0.0296,0.9091,0.1482,4.37,358.90,0.61,0.0966,0.4859,1.0955,0.00,0.02,0.00,0.0296,0.9091,0.1482,-0.0192,-0.0761,0.9969,20.27,0
20.3282,CoreSystemMain,0.500,1,-0.0893,0.5086,0.1735,317.23,325.00,32.76,0.1001,0.5715,0.2600,283.05,25.16,331.28,0.0295,0.9091,0.1483,4.33,358.90,0.62,0.0964,0.4854,1.0962,0.00,0.02,0.00,0.0295,0.9091,0.1483,-0.0191,-0.0755,0.9970,20.31,0
20.3391,CoreSystemMain,0.500,1,-0.0893,0.5085,0.1735,317.23,324.99,32.81,0.1001,0.5714,0.2597,282.89,25.04,331.69,0.0294,0.9092,0.1483,4.29,358.89,0.62,0.0963,0.4849,1.0969,0.00,0.02,0.00,0.0294,0.9092,0.1483,-0.0193,-0.0748,0.9970,20.37,0
20.3502,CoreSystemMain,0.500,1,-0.0893,0.5084,0.1736,317.22,324.95,32.78,0.1000,0.5711,0.2594,282.10,23.29,333.96,0.0293,0.9093,0.1483,4.26,358.88,0.63,0.0963,0.4845,1.0974,0.00,0.02,0.00,0.0293,0.9093,0.1483,-0.0195,-0.0743,0.9970,20.41,0
20.3616,CoreSystemMain,0.500,1,-0.0893,0.5083,0.1736,317.24,325.00,32.73,0.0999,0.5709,0.2592,281.41,21.84,335.68,0.0293,0.9093,0.1484,4.24,358.88,0.63,0.0964,0.4845,1.0976,0.00,0.02,0.00,0.0293,0.9093,0.1484,-0.0195,-0.0739,0.9971,20.43,0
20.3728,CoreSystemMain,0.500,1,-0.0893,0.5083,0.1737,317.28,325.06,32.70,0.0999,0.5707,0.2591,280.96,20.91,336.74,0.0292,0.9093,0.1484,4.23,358.87,0.64,0.0964,0.4846,1.0976,0.00,0.02,0.00,0.0292,0.9093,0.1484,-0.0197,-0.0737,0.9971,20.44,0
20.3839,CoreSystemMain,0.500,1,-0.0892,0.5084,0.1736,317.32,325.05,32.74,0.0998,0.5705,0.2589,280.55,19.36,338.36,0.0291,0.9093,0.1484,4.24,358.86,0.65,0.0964,0.4848,1.0975,0.00,0.02,0.00,0.0291,0.9093,0.1484,-0.0199,-0.0739,0.9971,20.43,0
20.3950,CoreSystemMain,0.500,1,-0.0893,0.5084,0.1736,317.39,325.00,32.77,0.0996,0.5702,0.2590,280.50,18.79,338.94,0.0290,0.9093,0.1484,4.26,358.84,0.67,0.0964,0.4851,1.0973,0.00,0.02,0.00,0.0290,0.9093,0.1484,-0.0202,-0.0743,0.9970,20.40,0
20.4061,CoreSystemMain,0.500,1,-0.0893,0.5083,0.1736,317.41,324.93,32.83,0.0996,0.5698,0.2591,280.57,18.51,339.24,0.0290,0.9092,0.1484,4.26,358.83,0.70,0.0963,0.4853,1.0971,0.00,0.02,0.00,0.0290,0.9092,0.1484,-0.0204,-0.0743,0.9970,20.39,0
20.4173,CoreSystemMain,0.500,1,-0.0893,0.5083,0.1737,317.43,324.87,32.88,0.0996,0.5695,0.2593,280.64,18.54,339.28,0.0289,0.9091,0.1484,4.27,358.81,0.69,0.0962,0.4856,1.0970,0.00,0.02,0.00,0.0289,0.9091,0.1484,-0.0207,-0.0745,0.9970,20.38,0
20.4283,CoreSystemMain,0.500,1,-0.0894,0.5084,0.1736,317.39,324.79,32.91,0.0996,0.5688,0.2599,281.11,19.27,339.08,0.0289,0.9091,0.1484,4.29,358.82,0.71,0.0961,0.4857,1.0969,0.00,0.02,0.00,0.0289,0.9091,0.1484,-0.0205,-0.0748,0.9970,20.35,0
20.4396,CoreSystemMain,0.500,1,-0.0895,0.5084,0.1736,317.36,324.81,32.89,0.0997,0.5682,0.2604,281.38,19.68,339.09,0.0288,0.9090,0.1484,4.31,358.82,0.72,0.0963,0.4858,1.0969,0.00,0.02,0.00,0.0288,0.9090,0.1484,-0.0205,-0.0751,0.9970,20.32,0
20.4505,CoreSystemMain,0.500,1,-0.0896,0.5083,0.1736,317.35,324.83,32.88,0.1001,0.5672,0.2610,281.60,20.15,338.79,0.0288,0.9089,0.1485,4.34,358.83,0.71,0.0966,0.4859,1.0969,0.00,0.02,0.00,0.0288,0.9089,0.1485,-0.0203,-0.0757,0.9969,20.29,0
20.4616,CoreSystemMain,0.500,1,-0.0896,0.5084,0.1737,317.30,324.94,32.83,0.1001,0.5663,0.2618,281.65,19.64,340.08,0.0288,0.9088,0.1485,4.38,358.85,0.72,0.0970,0.4858,1.0969,0.00,0.02,0.00,0.0288,0.9088,0.1485,-0.0200,-0.0764,0.9969,20.25,0
20.4728,CoreSystemMain,0.500,1,-0.0896,0.5084,0.1737,317.24,325.03,32.76,0.1005,0.5654,0.2623,281.76,18.97,340.86,0.0288,0.9088,0.1485,4.42,358.86,0.74,0.0982,0.4858,1.0970,0.00,0.02,0.00,0.0288,0.9088,0.1485,-0.0198,-0.0771,0.9968,20.22,0
20.4839,CoreSystemMain,0.500,1,-0.0896,0.5084,0.1737,317.19,325.07,32.72,0.1008,0.5646,0.2627,281.95,18.61,340.96,0.0288,0.9087,0.1485,4.46,358.88,0.74,0.0994,0.4856,1.0972,0.00,0.02,0.00,0.0288,0.9087,0.1485,-0.0195,-0.0778,0.9968,20.19,0
20.4949,CoreSystemMain,0.500,1,-0.0896,0.5085,0.1737,317.16,325.11,32.68,0.1011,0.5636,0.2630,282.31,18.14,340.96,0.0288,0.9087,0.1486,4.48,358.90,0.75,0.1002,0.4855,1.0974,0.00,0.02,0.00,0.0288,0.9087,0.1486,-0.0192,-0.0781,0.9968,20.18,0
20.5062,CoreSystemMain,0.500,1,-0.0896,0.5085,0.1737,317.14,325.08,32.64,0.1010,0.5627,0.2633,282.83,18.03,341.08,0.0287,0.9086,0.1486,4.50,358.91,0.76,0.1006,0.4853,1.0976,0.00,0.02,0.00,0.0287,0.9086,0.1486,-0.0189,-0.0785,0.9967,20.16,0
20.5174,CoreSystemMain,0.500,0,-0.0898,0.5084,0.1737,317.12,325.02,32.64,0.1014,0.5618,0.2631,283.72,18.15,341.27,0.0287,0.9086,0.1486,4.52,358.93,0.79,0.1012,0.4848,1.0981,0.00,0.02,0.00,0.0287,0.9086,0.1486,-0.0187,-0.0788,0.9967,20.16,0
20.5283,CoreSystemMain,0.500,0,-0.0898,0.5084,0.1737,317.12,325.03,32.62,0.1018,0.5609,0.2632,284.23,18.70,340.56,0.0286,0.9085,0.1487,4.54,358.93,0.80,0.1017,0.4806,1.0985,0.00,0.02,0.00,0.0286,0.9085,0.1487,-0.0186,-0.0792,0.9967,20.34,0
20.5394,CoreSystemMain,0.500,0,-0.0899,0.5083,0.1736,317.19,324.94,32.49,0.1025,0.5596,0.2630,285.30,20.02,338.60,0.0286,0.9085,0.1487,4.56,358.94,0.81,0.1017,0.4806,1.0985,0.00,0.02,0.00,0.0286,0.9085,0.1487,-0.0185,-0.0796,0.9967,20.32,0
20.5506,CoreSystemMain,0.500,0,-0.0901,0.5083,0.1736,317.25,324.86,32.55,0.1031,0.5585,0.2629,286.00,20.40,337.88,0.0285,0.9085,0.1487,4.58,358.92,0.81,0.1023,0.4724,1.0990,0.00,0.02,0.00,0.0285,0.9085,0.1487,-0.0187,-0.0799,0.9966,20.70,0
20.5615,CoreSystemMain,0.500,0,-0.0902,0.5082,0.1736,317.29,324.77,32.72,0.1036,0.5570,0.2628,286.48,20.34,337.62,0.0284,0.9084,0.1488,4.58,358.90,0.81,0.1023,0.4724,1.0990,0.00,0.02,0.00,0.0284,0.9084,0.1488,-0.0191,-0.0798,0.9966,20.70,0
20.5729,CoreSystemMain,0.500,0,-0.0903,0.5081,0.1735,317.33,324.77,32.81,0.1041,0.5554,0.2627,286.82,19.79,337.93,0.0283,0.9084,0.1488,4.59,358.88,0.82,0.1029,0.4602,1.0994,0.00,0.02,0.00,0.0283,0.9084,0.1488,-0.0194,-0.0801,0.9966,21.27,0
20.5839,CoreSystemMain,0.500,0,-0.0903,0.5081,0.1735,317.34,324.79,32.80,0.1052,0.5530,0.2625,287.18,18.48,338.95,0.0282,0.9084,0.1488,4.60,358.85,0.83,0.1029,0.4602,1.0994,0.00,0.02,0.00,0.0282,0.9084,0.1488,-0.0201,-0.0802,0.9966,21.28,0
20.5951,CoreSystemMain,0.500,0,-0.0904,0.5080,0.1734,317.37,324.78,32.72,0.1057,0.5508,0.2622,287.59,17.18,339.94,0.0282,0.9084,0.1489,4.62,358.81,0.83,0.1034,0.4442,1.0999,0.00,0.02,0.00,0.0282,0.9084,0.1489,-0.0207,-0.0805,0.9965,22.02,0
20.6156,CoreSystemMain,0.500,0,-0.0906,0.5080,0.1733,317.33,324.66,32.74,0.1067,0.5471,0.2615,288.58,15.83,341.17,0.0279,0.9083,0.1490,4.62,358.75,0.85,0.1040,0.4242,1.1003,0.00,0.02,0.00,0.0279,0.9083,0.1490,-0.0218,-0.0806,0.9965,22.96,0
20.6195,CoreSystemMain,0.500,0,-0.0906,0.5079,0.1732,317.31,324.59,32.79,0.1071,0.5455,0.2610,289.02,15.63,341.39,0.0279,0.9083,0.1490,4.62,358.74,0.84,0.1040,0.4242,1.1003,0.00,0.02,0.00,0.0279,0.9083,0.1490,-0.0220,-0.0805,0.9965,22.97,0
20.6284,CoreSystemMain,0.500,0,-0.0906,0.5079,0.1732,317.31,324.56,32.80,0.1078,0.5432,0.2604,289.64,15.62,341.54,0.0278,0.9083,0.1490,4.63,358.71,0.83,0.1045,0.4003,1.1007,0.00,0.02,0.00,0.0278,0.9083,0.1490,-0.0224,-0.0808,0.9965,24.04,0
20.6394,CoreSystemMain,0.500,0,-0.0906,0.5079,0.1731,317.32,324.61,32.77,0.1087,0.5402,0.2594,290.48,15.69,341.86,0.0276,0.9083,0.1491,4.63,358.69,0.84,0.1045,0.4003,1.1007,0.00,0.02,0.00,0.0276,0.9083,0.1491,-0.0228,-0.0808,0.9965,24.05,0
20.6578,CoreSystemMain,0.500,0,-0.0907,0.5078,0.1731,317.39,324.63,32.74,0.1100,0.5353,0.2580,291.74,15.61,342.34,0.0274,0.9082,0.1492,4.64,358.64,0.85,0.1051,0.3725,1.1012,0.00,0.02,0.00,0.0274,0.9082,0.1492,-0.0237,-0.0809,0.9964,25.30,0
20.6614,CoreSystemMain,0.500,0,-0.0907,0.5078,0.1731,317.41,324.62,32.74,0.1104,0.5333,0.2572,292.09,15.39,342.65,0.0273,0.9082,0.1492,4.63,358.64,0.86,0.1051,0.3725,1.1012,0.00,0.02,0.00,0.0273,0.9082,0.1492,-0.0236,-0.0807,0.9965,25.31,0
20.6731,CoreSystemMain,0.500,0,-0.0908,0.5077,0.1730,317.43,324.60,32.77,0.1109,0.5296,0.2559,292.93,14.69,343.43,0.0272,0.9082,0.1493,4.65,358.60,0.87,0.1057,0.3407,1.1016,0.00,0.02,0.00,0.0272,0.9082,0.1493,-0.0244,-0.0811,0.9964,26.68,0
20.6840,CoreSystemMain,0.500,0,-0.0908,0.5077,0.1730,317.46,324.48,32.87,0.1113,0.5255,0.2545,293.90,13.54,344.62,0.0270,0.9082,0.1494,4.66,358.57,0.88,0.1057,0.3407,1.1016,0.00,0.02,0.00,0.0270,0.9082,0.1494,-0.0248,-0.0812,0.9964,26.68,0
20.6950,CoreSystemMain,0.500,0,-0.0909,0.5078,0.1729,317.48,324.43,32.96,0.1115,0.5206,0.2528,295.10,11.95,346.24,0.0269,0.9081,0.1494,4.67,358.55,0.91,0.1062,0.3050,1.1021,0.00,0.02,0.00,0.0269,0.9081,0.1494,-0.0253,-0.0814,0.9964,28.18,0
20.7061,CoreSystemMain,0.500,0,-0.0909,0.5078,0.1728,317.47,324.39,32.98,0.1117,0.5159,0.2512,296.35,10.64,347.50,0.0267,0.9081,0.1495,4.69,358.52,0.93,0.1062,0.3050,1.1021,0.00,0.02,0.00,0.0267,0.9081,0.1495,-0.0258,-0.0817,0.9963,28.17,0
20.7173,CoreSystemMain,0.500,0,-0.0909,0.5077,0.1728,317.44,324.41,32.91,0.1118,0.5098,0.2490,298.17,9.54,348.45,0.0266,0.9080,0.1495,4.72,358.48,0.95,0.1068,0.2654,1.1025,0.00,0.02,0.00,0.0266,0.9080,0.1495,-0.0264,-0.0823,0.9963,29.76,0
20.7285,CoreSystemMain,0.500,0,-0.0909,0.5077,0.1728,317.43,324.40,32.90,0.1120,0.5068,0.2480,299.10,9.19,348.72,0.0265,0.9079,0.1495,4.76,358.47,0.98,0.1074,0.2219,1.1030,0.00,0.02,0.00,0.0265,0.9079,0.1495,-0.0266,-0.0830,0.9962,31.43,0
20.7394,CoreSystemMain,0.500,0,-0.0909,0.5076,0.1728,317.42,324.42,32.83,0.1124,0.4997,0.2454,301.57,8.65,348.86,0.0263,0.9077,0.1496,4.79,358.44,1.00,0.1074,0.2219,1.1030,0.00,0.02,0.00,0.0263,0.9077,0.1496,-0.0271,-0.0835,0.9961,31.40,0
20.7509,CoreSystemMain,0.500,0,-0.0909,0.5076,0.1728,317.39,324.41,32.82,0.1128,0.4933,0.2427,303.93,8.47,348.63,0.0262,0.9076,0.1495,4.84,358.44,1.02,0.1079,0.1745,1.1034,0.00,0.02,0.00,0.0262,0.9076,0.1495,-0.0272,-0.0843,0.9961,33.14,0
20.7617,CoreSystemMain,0.500,0,-0.0909,0.5075,0.1728,317.41,324.38,32.88,0.1134,0.4871,0.2399,306.16,8.04,348.58,0.0261,0.9075,0.1495,4.86,358.44,1.04,0.1079,0.1745,1.1034,0.00,0.02,0.00,0.0261,0.9075,0.1495,-0.0271,-0.0847,0.9960,33.11,0
20.7730,CoreSystemMain,0.500,0,-0.0909,0.5074,0.1728,317.49,324.38,32.92,0.1139,0.4815,0.2375,307.81,7.27,349.01,0.0260,0.9074,0.1496,4.91,358.44,1.04,0.1085,0.1231,1.1039,0.00,0.02,0.00,0.0260,0.9074,0.1496,-0.0272,-0.0855,0.9960,34.90,0
20.7839,CoreSystemMain,0.500,0,-0.0909,0.5075,0.1728,317.53,324.40,32.98,0.1143,0.4751,0.2342,309.03,5.84,350.30,0.0258,0.9073,0.1496,4.92,358.43,1.04,0.1085,0.1231,1.1039,0.00,0.02,0.00,0.0258,0.9073,0.1496,-0.0273,-0.0858,0.9959,34.89,0
20.7951,CoreSystemMain,0.500,0,-0.0909,0.5075,0.1728,317.54,324.44,33.03,0.1147,0.4688,0.2307,309.81,3.60,352.55,0.0257,0.9072,0.1496,4.93,358.41,1.05,0.1091,0.0678,1.1043,0.00,0.02,0.00,0.0257,0.9072,0.1496,-0.0277,-0.0859,0.9959,36.76,0
20.8061,CoreSystemMain,0.500,0,-0.0909,0.5075,0.1728,317.52,324.50,32.98,0.1152,0.4622,0.2272,310.94,1.73,354.64,0.0256,0.9071,0.1496,4.93,358.38,1.06,0.1091,0.0678,1.1043,0.00,0.02,0.00,0.0256,0.9071,0.1496,-0.0281,-0.0859,0.9959,36.76,0
20.8173,CoreSystemMain,0.500,0,-0.0909,0.5075,0.1728,317.46,324.56,32.88,0.1159,0.4565,0.2243,312.11,0.69,355.91,0.0255,0.9070,0.1496,4.94,358.35,1.08,0.1092,0.0735,1.1045,0.08,0.03,359.94,0.0255,0.9070,0.1496,-0.0287,-0.0862,0.9959,36.56,0
20.8286,CoreSystemMain,0.500,0,-0.0909,0.5075,0.1727,317.37,324.60,32.82,0.1169,0.4503,0.2208,313.82,0.48,356.57,0.0254,0.9069,0.1497,4.94,358.31,1.09,0.1092,0.0747,1.1044,0.03,0.02,359.93,0.0254,0.9069,0.1497,-0.0293,-0.0861,0.9959,36.53,0
20.8395,CoreSystemMain,0.500,0,-0.0910,0.5075,0.1726,317.27,324.56,32.74,0.1182,0.4445,0.2173,316.10,1.06,356.46,0.0253,0.9069,0.1497,4.98,358.28,1.10,0.1092,0.0747,1.1044,0.03,0.02,359.93,0.0253,0.9069,0.1497,-0.0299,-0.0867,0.9958,36.50,0
20.8506,CoreSystemMain,0.500,0,-0.0910,0.5074,0.1725,317.25,324.54,32.72,0.1193,0.4395,0.2143,317.95,1.20,356.62,0.0252,0.9068,0.1497,5.01,358.25,1.09,0.1091,0.0749,1.1043,0.00,0.02,359.97,0.0252,0.9068,0.1497,-0.0304,-0.0874,0.9957,36.46,0
20.8617,CoreSystemMain,0.500,0,-0.0910,0.5074,0.1725,317.24,324.54,32.70,0.1197,0.4366,0.2129,318.83,1.07,356.79,0.0251,0.9067,0.1498,5.01,358.25,1.13,0.1091,0.0749,1.1043,0.00,0.02,359.97,0.0251,0.9067,0.1498,-0.0305,-0.0873,0.9957,36.46,0
20.8728,CoreSystemMain,0.500,0,-0.0911,0.5073,0.1725,317.32,324.47,32.75,0.1210,0.4298,0.2085,320.74,0.50,356.85,0.0251,0.9066,0.1498,5.08,358.23,1.07,0.1091,0.0750,1.1043,359.99,0.01,359.99,0.0251,0.9066,0.1498,-0.0307,-0.0885,0.9956,36.39,0
20.8839,CoreSystemMain,0.500,0,-0.0912,0.5073,0.1725,317.40,324.50,32.75,0.1219,0.4255,0.2053,321.54,359.49,357.07,0.0250,0.9066,0.1497,5.12,358.22,1.05,0.1091,0.0750,1.1043,359.99,0.01,359.99,0.0250,0.9066,0.1497,-0.0309,-0.0892,0.9955,36.35,0
20.8950,CoreSystemMain,0.500,0,-0.0912,0.5072,0.1725,317.47,324.51,32.77,0.1226,0.4218,0.2027,322.14,358.64,357.39,0.0250,0.9065,0.1498,5.15,358.23,1.05,0.1091,0.0750,1.1043,0.00,0.02,0.00,0.0250,0.9065,0.1498,-0.0308,-0.0898,0.9955,36.31,0
20.9060,CoreSystemMain,0.500,0,-0.0913,0.5071,0.1725,317.48,324.58,32.81,0.1235,0.4184,0.1996,322.54,358.02,358.07,0.0251,0.9064,0.1497,5.18,358.23,1.05,0.1091,0.0750,1.1043,0.00,0.02,0.00,0.0251,0.9064,0.1497,-0.0307,-0.0902,0.9954,36.29,0
20.9171,CoreSystemMain,0.500,0,-0.0913,0.5070,0.1725,317.43,324.61,32.75,0.1245,0.4155,0.1974,323.43,358.31,358.33,0.0252,0.9064,0.1497,5.19,358.25,1.06,0.1091,0.0750,1.1043,0.00,0.02,0.00,0.0252,0.9064,0.1497,-0.0305,-0.0904,0.9954,36.27,0
20.9282,CoreSystemMain,0.500,0,-0.0913,0.5069,0.1724,317.37,324.71,32.61,0.1255,0.4127,0.1953,324.45,358.99,358.40,0.0253,0.9063,0.1497,5.20,358.29,1.08,0.1091,0.0750,1.1043,0.00,0.02,0.00,0.0253,0.9063,0.1497,-0.0297,-0.0907,0.9954,36.24,0
20.9394,CoreSystemMain,0.500,0,-0.0913,0.5067,0.1724,317.30,324.78,32.42,0.1262,0.4107,0.1938,325.38,359.70,358.50,0.0254,0.9063,0.1497,5.20,358.33,1.09,0.1091,0.0750,1.1043,0.00,0.02,0.00,0.0254,0.9063,0.1497,-0.0290,-0.0907,0.9955,36.24,0
20.9505,CoreSystemMain,0.500,0,-0.0913,0.5067,0.1724,317.29,324.82,32.34,0.1269,0.4076,0.1920,326.40,359.80,358.70,0.0256,0.9063,0.1497,5.20,358.37,1.11,0.1091,0.0750,1.1043,0.00,0.02,0.00,0.0256,0.9063,0.1497,-0.0283,-0.0906,0.9955,36.23,0
20.9616,CoreSystemMain,0.500,0,-0.0912,0.5066,0.1724,317.35,324.81,32.38,0.1273,0.4067,0.1912,327.04,0.13,358.57,0.0258,0.9063,0.1496,5.22,358.43,1.11,0.1091,0.0750,1.1043,0.00,0.02,0.00,0.0258,0.9063,0.1496,-0.0273,-0.0909,0.9955,36.20,0
20.9728,CoreSystemMain,0.500,0,-0.0912,0.5065,0.1724,317.37,324.78,32.44,0.1278,0.4044,0.1899,327.84,0.26,358.52,0.0260,0.9062,0.1496,5.23,358.48,1.11,0.1091,0.0750,1.1043,0.00,0.02,0.00,0.0260,0.9062,0.1496,-0.0264,-0.0912,0.9955,36.17,0
20.9837,CoreSystemMain,0.500,0,-0.0912,0.5064,0.1724,317.47,324.71,32.63,0.1279,0.4045,0.1898,327.97,0.63,358.00,0.0262,0.9062,0.1495,5.23,358.54,1.12,0.1091,0.0750,1.1043,0.00,0.02,0.00,0.0262,0.9062,0.1495,-0.0254,-0.0912,0.9955,36.16,0
20.9949,CoreSystemMain,0.500,0,-0.0911,0.5064,0.1725,317.50,324.70,32.68,0.1282,0.4031,0.1890,328.39,0.56,358.32,0.0264,0.9062,0.1494,5.25,358.59,1.11,0.1091,0.0750,1.1043,0.00,0.02,0.00,0.0264,0.9062,0.1494,-0.0244,-0.0915,0.9955,36.13,0
21.0060,CoreSystemMain,0.500,0,-0.0909,0.5064,0.1725,317.50,324.78,32.63,0.1282,0.4029,0.1888,328.72,1.02,357.92,0.0265,0.9062,0.1493,5.24,358.65,1.10,0.1091,0.0750,1.1043,0.00,0.02,0.00,0.0265,0.9062,0.1493,-0.0235,-0.0913,0.9955,36.13,0
21.0170,CoreSystemMain,0.500,0,-0.0907,0.5064,0.1725,317.47,324.90,32.53,0.1283,0.4033,0.1891,328.76,1.11,358.19,0.0268,0.9063,0.1492,5.23,358.68,1.07,0.1091,0.0750,1.1043,0.00,0.02,0.00,0.0268,0.9063,0.1492,-0.0229,-0.0911,0.9956,36.14,0
21.0281,CoreSystemMain,0.500,0,-0.0904,0.5065,0.1726,317.41,325.04,32.38,0.1281,0.4037,0.1896,328.67,1.53,357.89,0.0270,0.9063,0.1491,5.21,358.72,1.04,0.1091,0.0750,1.1043,0.00,0.02,0.00,0.0270,0.9063,0.1491,-0.0223,-0.0909,0.9956,36.14,0
21.0391,CoreSystemMain,0.500,0,-0.0901,0.5068,0.1726,317.38,325.05,32.35,0.1278,0.4047,0.1905,328.28,1.81,357.54,0.0272,0.9064,0.1490,5.18,358.74,1.02,0.1091,0.0750,1.1043,0.00,0.02,0.00,0.0272,0.9064,0.1490,-0.0219,-0.0902,0.9957,36.18,0
21.0505,CoreSystemMain,0.500,0,-0.0898,0.5070,0.1726,317.38,325.00,32.42,0.1273,0.4054,0.1912,327.61,1.57,357.84,0.0274,0.9066,0.1489,5.13,358.76,1.00,0.1091,0.0750,1.1043,0.00,0.02,0.00,0.0274,0.9066,0.1489,-0.0215,-0.0895,0.9958,36.22,0
21.0615,CoreSystemMain,0.500,0,-0.0896,0.5072,0.1726,317.38,324.95,32.53,0.1268,0.4064,0.1922,326.83,1.13,358.19,0.0276,0.9067,0.1488,5.10,358.79,0.97,0.1091,0.0750,1.1043,0.00,0.02,0.00,0.0276,0.9067,0.1488,-0.0211,-0.0888,0.9958,36.25,0
21.0726,CoreSystemMain,0.500,0,-0.0895,0.5075,0.1726,317.40,324.94,32.70,0.1261,0.4083,0.1937,325.99,0.76,358.17,0.0278,0.9068,0.1486,5.06,358.80,0.95,0.1091,0.0750,1.1043,0.00,0.02,0.00,0.0278,0.9068,0.1486,-0.0208,-0.0881,0.9959,36.29,0
21.0836,CoreSystemMain,0.500,0,-0.0893,0.5078,0.1726,317.41,324.94,32.76,0.1255,0.4105,0.1954,325.32,0.26,358.14,0.0280,0.9069,0.1485,5.02,358.81,0.92,0.1091,0.0750,1.1043,0.00,0.02,0.00,0.0280,0.9069,0.1485,-0.0207,-0.0875,0.9959,36.32,0
21.0947,CoreSystemMain,0.500,0,-0.0891,0.5080,0.1727,317.37,324.93,32.82,0.1248,0.4123,0.1967,325.04,0.69,357.17,0.0282,0.9070,0.1484,4.99,358.82,0.90,0.1091,0.0750,1.1043,0.00,0.02,0.00,0.0282,0.9070,0.1484,-0.0206,-0.0870,0.9960,36.35,0
21.1058,CoreSystemMain,0.500,0,-0.0889,0.5083,0.1727,317.30,324.98,32.77,0.1241,0.4158,0.1994,324.33,0.83,357.07,0.0284,0.9072,0.1482,4.95,358.82,0.85,0.1091,0.0750,1.1043,0.00,0.02,0.00,0.0284,0.9072,0.1482,-0.0205,-0.0863,0.9961,36.39,0
21.1169,CoreSystemMain,0.500,0,-0.0887,0.5086,0.1727,317.19,325.02,32.69,0.1232,0.4190,0.2021,323.52,1.43,356.86,0.0287,0.9073,0.1481,4.91,358.82,0.80,0.1091,0.0750,1.1043,0.00,0.02,0.00,0.0287,0.9073,0.1481,-0.0205,-0.0855,0.9961,36.43,0
21.1282,CoreSystemMain,0.500,1,-0.0885,0.5089,0.1727,317.13,325.06,32.65,0.1222,0.4219,0.2045,322.72,1.84,355.99,0.0289,0.9075,0.1480,4.86,358.83,0.74,0.1091,0.0750,1.1043,0.00,0.02,0.00,0.0289,0.9075,0.1480,-0.0203,-0.0847,0.9962,36.48,0
21.1392,CoreSystemMain,0.500,1,-0.0883,0.5092,0.1728,317.09,325.11,32.67,0.1210,0.4254,0.2073,321.52,1.57,355.94,0.0290,0.9077,0.1479,4.82,358.84,0.70,0.1091,0.0750,1.1043,0.00,0.02,0.00,0.0290,0.9077,0.1479,-0.0201,-0.0840,0.9963,36.52,0
21.1504,CoreSystemMain,0.500,1,-0.0882,0.5094,0.1728,317.05,325.15,32.74,0.1197,0.4287,0.2099,320.33,1.14,356.12,0.0293,0.9079,0.1478,4.77,358.83,0.64,0.1089,0.0753,1.1045,0.00,0.02,0.00,0.0293,0.9079,0.1478,-0.0204,-0.0832,0.9963,36.55,0
21.1615,CoreSystemMain,0.500,1,-0.0881,0.5097,0.1729,317.03,325.18,32.81,0.1184,0.4323,0.2127,319.08,0.44,356.58,0.0295,0.9080,0.1476,4.73,358.83,0.61,0.1083,0.0765,1.1054,0.00,0.02,0.00,0.0295,0.9080,0.1476,-0.0203,-0.0825,0.9964,36.52,0
21.1726,CoreSystemMain,0.500,1,-0.0880,0.5099,0.1730,317.03,325.19,32.83,0.1174,0.4351,0.2149,318.21,0.25,356.63,0.0298,0.9082,0.1475,4.71,358.83,0.58,0.1071,0.0790,1.1073,0.00,0.02,0.00,0.0298,0.9082,0.1475,-0.0203,-0.0821,0.9964,36.39,0
21.1838,CoreSystemMain,0.500,1,-0.0879,0.5103,0.1731,317.00,325.20,32.77,0.1157,0.4415,0.2189,316.25,0.18,355.95,0.0300,0.9083,0.1473,4.66,358.85,0.54,0.1055,0.0824,1.1098,0.00,0.02,0.00,0.0300,0.9083,0.1473,-0.0200,-0.0812,0.9965,36.24,0
21.1947,CoreSystemMain,0.500,1,-0.0878,0.5105,0.1732,316.98,325.22,32.77,0.1148,0.4441,0.2209,315.49,0.58,355.25,0.0303,0.9084,0.1472,4.63,358.88,0.51,0.1019,0.0891,1.1143,0.00,0.02,0.00,0.0303,0.9084,0.1472,-0.0195,-0.0807,0.9966,35.89,0
21.2059,CoreSystemMain,0.500,1,-0.0878,0.5108,0.1733,316.95,325.19,32.75,0.1132,0.4499,0.2247,313.58,0.28,355.76,0.0306,0.9086,0.1471,4.58,358.90,0.47,0.0984,0.0955,1.1186,0.00,0.02,0.00,0.0306,0.9086,0.1471,-0.0191,-0.0798,0.9966,35.58,0
21.2170,CoreSystemMain,0.500,1,-0.0879,0.5110,0.1735,316.85,325.17,32.75,0.1114,0.4563,0.2285,311.69,0.79,354.98,0.0308,0.9087,0.1470,4.53,358.93,0.45,0.0950,0.1049,1.1247,0.00,0.02,0.00,0.0308,0.9087,0.1470,-0.0186,-0.0789,0.9967,35.11,0
21.2356,CoreSystemMain,0.500,1,-0.0880,0.5113,0.1737,316.77,325.23,32.67,0.1091,0.4653,0.2339,308.68,0.05,355.78,0.0313,0.9090,0.1468,4.44,358.97,0.42,0.0912,0.1167,1.1317,0.00,0.02,0.00,0.0313,0.9090,0.1468,-0.0180,-0.0774,0.9968,34.57,0
21.2395,CoreSystemMain,0.500,1,-0.0880,0.5114,0.1737,316.76,325.24,32.63,0.1084,0.4678,0.2352,307.94,0.05,355.79,0.0314,0.9091,0.1468,4.41,358.98,0.41,0.0846,0.1433,1.1455,0.00,0.02,0.00,0.0314,0.9091,0.1468,-0.0177,-0.0769,0.9969,33.24,0
21.2504,CoreSystemMain,0.500,1,-0.0880,0.5116,0.1738,316.71,325.29,32.59,0.1067,0.4736,0.2383,306.44,0.60,354.79,0.0316,0.9092,0.1467,4.38,359.01,0.39,0.0838,0.1467,1.1472,0.00,0.02,0.00,0.0316,0.9092,0.1467,-0.0172,-0.0763,0.9969,33.10,0
21.2614,CoreSystemMain,0.500,1,-0.0880,0.5118,0.1739,316.66,325.31,32.59,0.1055,0.4785,0.2413,304.94,359.90,355.53,0.0320,0.9094,0.1466,4.32,359.02,0.36,0.0801,0.1599,1.1532,0.00,0.02,0.00,0.0320,0.9094,0.1466,-0.0170,-0.0754,0.9970,32.49,0
21.2840,CoreSystemMain,0.500,1,-0.0881,0.5119,0.1743,316.60,325.35,32.49,0.1025,0.4908,0.2469,302.17,0.39,354.75,0.0325,0.9097,0.1464,4.25,359.12,0.28,0.0767,0.1733,1.1587,0.00,0.02,0.00,0.0325,0.9097,0.1464,-0.0154,-0.0741,0.9971,31.91,0
21.2873,CoreSystemMain,0.500,1,-0.0882,0.5120,0.1744,316.60,325.37,32.48,0.1019,0.4929,0.2477,301.69,0.75,354.42,0.0326,0.9097,0.1464,4.24,359.12,0.26,0.0687,0.2068,1.1698,0.00,0.02,0.00,0.0326,0.9097,0.1464,-0.0153,-0.0739,0.9971,30.34,0
21.2950,CoreSystemMain,0.500,1,-0.0882,0.5121,0.1745,316.61,325.40,32.46,0.1009,0.4964,0.2497,300.86,1.53,353.34,0.0328,0.9098,0.1463,4.21,359.15,0.24,0.0681,0.2093,1.1706,0.00,0.02,0.00,0.0328,0.9098,0.1463,-0.0148,-0.0734,0.9972,30.26,0
21.3059,CoreSystemMain,0.500,1,-0.0882,0.5122,0.1746,316.59,325.38,32.46,0.0997,0.5024,0.2521,299.33,1.87,353.32,0.0331,0.9100,0.1463,4.19,359.18,0.20,0.0664,0.2163,1.1727,0.00,0.02,0.00,0.0331,0.9100,0.1463,-0.0143,-0.0731,0.9972,29.95,0
21.3170,CoreSystemMain,0.500,1,-0.0881,0.5123,0.1747,316.59,325.39,32.48,0.0985,0.5080,0.2547,297.88,2.31,352.88,0.0333,0.9100,0.1461,4.15,359.18,0.17,0.0648,0.2287,1.1757,0.00,0.02,0.00,0.0333,0.9100,0.1461,-0.0142,-0.0724,0.9973,29.43,0
21.3282,CoreSystemMain,0.500,1,-0.0881,0.5125,0.1748,316.60,325.44,32.49,0.0974,0.5140,0.2563,296.33,3.16,352.08,0.0335,0.9102,0.1461,4.13,359.23,0.13,0.0635,0.2418,1.1784,0.00,0.02,0.00,0.0335,0.9102,0.1461,-0.0134,-0.0720,0.9973,28.88,0
21.3391,CoreSystemMain,0.500,1,-0.0881,0.5126,0.1749,316.58,325.48,32.48,0.0962,0.5194,0.2582,294.90,3.64,351.38,0.0337,0.9103,0.1461,4.09,359.24,0.08,0.0626,0.2556,1.1805,0.00,0.02,0.00,0.0337,0.9103,0.1461,-0.0131,-0.0714,0.9974,28.31,0
21.3503,CoreSystemMain,0.500,1,-0.0880,0.5128,0.1750,316.53,325.51,32.48,0.0951,0.5249,0.2600,293.51,3.77,351.16,0.0339,0.9105,0.1460,4.06,359.26,0.03,0.0614,0.2690,1.1818,0.00,0.02,0.00,0.0339,0.9105,0.1460,-0.0130,-0.0708,0.9974,27.78,0
21.3614,CoreSystemMain,0.500,1,-0.0880,0.5130,0.1750,316.48,325.50,32.47,0.0940,0.5297,0.2613,292.28,4.42,350.22,0.0340,0.9106,0.1460,4.03,359.26,0.00,0.0599,0.2827,1.1826,0.00,0.02,0.00,0.0340,0.9106,0.1460,-0.0128,-0.0702,0.9974,27.25,0
21.3725,CoreSystemMain,0.500,1,-0.0880,0.5133,0.1750,316.42,325.44,32.47,0.0930,0.5348,0.2623,291.08,5.38,348.94,0.0342,0.9107,0.1459,3.98,359.25,359.96,0.0581,0.2955,1.1826,0.00,0.02,0.00,0.0342,0.9107,0.1459,-0.0131,-0.0694,0.9975,26.77,0
21.3835,CoreSystemMain,0.500,1,-0.0879,0.5133,0.1750,316.38,325.43,32.48,0.0920,0.5390,0.2633,290.14,6.32,347.78,0.0343,0.9108,0.1459,3.94,359.25,359.92,0.0560,0.3081,1.1821,0.00,0.02,0.00,0.0343,0.9108,0.1459,-0.0130,-0.0687,0.9976,26.31,0
21.3948,CoreSystemMain,0.500,1,-0.0879,0.5135,0.1751,316.32,325.48,32.48,0.0912,0.5433,0.2640,289.42,7.15,346.77,0.0343,0.9109,0.1459,3.90,359.25,359.89,0.0540,0.3196,1.1812,0.00,0.02,0.00,0.0343,0.9109,0.1459,-0.0131,-0.0680,0.9976,25.89,0
21.4060,CoreSystemMain,0.500,1,-0.0878,0.5137,0.1751,316.32,325.44,32.50,0.0908,0.5467,0.2642,289.14,8.81,345.02,0.0344,0.9110,0.1459,3.87,359.23,359.84,0.0521,0.3300,1.1801,0.00,0.02,0.00,0.0344,0.9110,0.1459,-0.0135,-0.0675,0.9976,25.51,0
21.4169,CoreSystemMain,0.500,1,-0.0878,0.5138,0.1751,316.31,325.48,32.47,0.0898,0.5518,0.2658,288.18,10.41,343.32,0.0344,0.9110,0.1458,3.85,359.22,359.83,0.0509,0.3387,1.1791,0.00,0.02,0.00,0.0344,0.9110,0.1458,-0.0136,-0.0671,0.9977,25.18,0
21.4280,CoreSystemMain,0.500,1,-0.0879,0.5139,0.1751,316.32,325.42,32.51,0.0896,0.5545,0.2658,288.02,11.82,342.00,0.0344,0.9111,0.1459,3.81,359.20,359.82,0.0499,0.3476,1.1778,0.00,0.02,0.00,0.0344,0.9111,0.1459,-0.0139,-0.0664,0.9977,24.88,0
21.4391,CoreSystemMain,0.500,1,-0.0880,0.5140,0.1750,316.30,325.30,32.58,0.0891,0.5577,0.2660,287.24,12.04,341.79,0.0344,0.9112,0.1459,3.79,359.18,359.81,0.0496,0.3551,1.1767,0.00,0.02,0.00,0.0344,0.9112,0.1459,-0.0144,-0.0661,0.9977,24.61,0
21.4503,CoreSystemMain,0.500,1,-0.0880,0.5141,0.1751,316.30,325.26,32.62,0.0883,0.5618,0.2671,286.31,13.10,340.66,0.0344,0.9112,0.1460,3.74,359.13,359.82,0.0493,0.3625,1.1753,0.00,0.02,0.00,0.0344,0.9112,0.1460,-0.0151,-0.0653,0.9978,24.37,0
21.4613,CoreSystemMain,0.500,1,-0.0881,0.5139,0.1751,316.29,325.20,32.65,0.0882,0.5636,0.2670,285.34,12.53,341.24,0.0344,0.9113,0.1461,3.76,359.12,359.81,0.0490,0.3704,1.1735,0.00,0.02,0.00,0.0344,0.9113,0.1461,-0.0153,-0.0656,0.9977,24.06,0
21.4725,CoreSystemMain,0.500,1,-0.0882,0.5139,0.1751,316.29,325.19,32.61,0.0877,0.5664,0.2672,284.41,12.77,340.94,0.0343,0.9113,0.1461,3.76,359.11,359.81,0.0485,0.3781,1.1714,0.00,0.02,0.00,0.0343,0.9113,0.1461,-0.0155,-0.0656,0.9977,23.77,0
21.4837,CoreSystemMain,0.500,1,-0.0882,0.5139,0.1751,316.31,325.19,32.59,0.0872,0.5693,0.2675,283.55,13.29,340.33,0.0342,0.9112,0.1461,3.77,359.10,359.82,0.0477,0.3859,1.1688,0.00,0.02,0.00,0.0342,0.9112,0.1461,-0.0157,-0.0657,0.9977,23.47,0
21.4946,CoreSystemMain,0.500,1,-0.0883,0.5138,0.1751,316.40,325.17,32.60,0.0871,0.5708,0.2671,282.90,13.76,339.86,0.0342,0.9112,0.1461,3.78,359.09,359.81,0.0469,0.3938,1.1660,0.00,0.02,0.00,0.0342,0.9112,0.1461,-0.0158,-0.0659,0.9977,23.18,0
21.5058,CoreSystemMain,0.500,1,-0.0884,0.5137,0.1751,316.46,325.13,32.68,0.0870,0.5725,0.2669,282.46,14.67,339.11,0.0340,0.9112,0.1462,3.77,359.09,359.81,0.0462,0.4008,1.1632,0.00,0.02,0.00,0.0340,0.9112,0.1462,-0.0159,-0.0657,0.9977,22.93,0
21.5169,CoreSystemMain,0.500,1,-0.0886,0.5135,0.1752,316.52,325.08,32.74,0.0870,0.5733,0.2667,282.16,15.30,338.63,0.0339,0.9112,0.1463,3.77,359.07,359.81,0.0459,0.4073,1.1605,0.00,0.02,0.00,0.0339,0.9112,0.1463,-0.0163,-0.0657,0.9977,22.71,0
21.5280,CoreSystemMain,0.500,1,-0.0887,0.5134,0.1752,316.53,325.06,32.76,0.0867,0.5753,0.2667,281.75,16.31,337.63,0.0338,0.9112,0.1463,3.76,359.05,359.81,0.0460,0.4128,1.1581,0.00,0.02,0.00,0.0338,0.9112,0.1463,-0.0166,-0.0655,0.9977,22.52,0
21.5391,CoreSystemMain,0.500,1,-0.0887,0.5133,0.1751,316.55,325.05,32.73,0.0867,0.5763,0.2665,281.66,16.80,336.94,0.0337,0.9112,0.1464,3.74,359.04,359.83,0.0461,0.4180,1.1557,0.00,0.02,0.00,0.0337,0.9112,0.1464,-0.0168,-0.0653,0.9977,22.35,0
21.5505,CoreSystemMain,0.500,1,-0.0888,0.5130,0.1750,316.51,325.09,32.61,0.0869,0.5761,0.2658,281.93,16.22,337.19,0.0335,0.9111,0.1465,3.74,359.02,359.84,0.0460,0.4223,1.1537,0.00,0.02,0.00,0.0335,0.9111,0.1465,-0.0170,-0.0653,0.9977,22.20,0
21.5615,CoreSystemMain,0.500,1,-0.0889,0.5129,0.1750,316.51,325.10,32.59,0.0867,0.5775,0.2659,281.63,16.51,336.76,0.0333,0.9111,0.1466,3.75,359.01,359.86,0.0454,0.4256,1.1522,0.00,0.02,0.00,0.0333,0.9111,0.1466,-0.0172,-0.0654,0.9977,22.08,0
21.5724,CoreSystemMain,0.500,1,-0.0890,0.5126,0.1749,316.52,325.11,32.56,0.0868,0.5776,0.2655,281.58,16.02,337.12,0.0332,0.9111,0.1466,3.77,359.00,359.88,0.0447,0.4286,1.1507,0.00,0.02,0.00,0.0332,0.9111,0.1466,-0.0174,-0.0657,0.9977,21.95,0
21.5839,CoreSystemMain,0.500,1,-0.0892,0.5124,0.1749,316.59,325.09,32.60,0.0870,0.5769,0.2654,281.61,16.41,336.83,0.0330,0.9110,0.1467,3.79,358.99,359.89,0.0440,0.4312,1.1495,0.00,0.02,0.00,0.0330,0.9110,0.1467,-0.0176,-0.0661,0.9977,21.84,0
21.5950,CoreSystemMain,0.500,1,-0.0892,0.5122,0.1749,316.65,325.11,32.58,0.0870,0.5777,0.2654,281.41,17.03,336.30,0.0328,0.9109,0.1468,3.81,358.99,359.92,0.0435,0.4335,1.1483,0.00,0.02,0.00,0.0328,0.9109,0.1468,-0.0175,-0.0664,0.9976,21.73,0
21.6059,CoreSystemMain,0.500,1,-0.0893,0.5121,0.1749,316.70,325.11,32.59,0.0870,0.5781,0.2653,281.24,17.52,336.00,0.0327,0.9109,0.1469,3.83,358.98,359.94,0.0432,0.4357,1.1472,0.00,0.02,0.00,0.0327,0.9109,0.1469,-0.0178,-0.0668,0.9976,21.63,0
21.6170,CoreSystemMain,0.500,1,-0.0893,0.5119,0.1749,316.78,325.11,32.59,0.0871,0.5781,0.2652,281.09,17.11,336.69,0.0324,0.9108,0.1469,3.85,358.99,359.97,0.0431,0.4377,1.1462,0.00,0.02,0.00,0.0324,0.9108,0.1469,-0.0177,-0.0671,0.9976,21.55,0
21.6281,CoreSystemMain,0.500,1,-0.0894,0.5117,0.1748,316.85,325.12,32.56,0.0871,0.5785,0.2651,280.85,16.85,337.09,0.0322,0.9107,0.1470,3.86,358.97,0.03,0.0432,0.4395,1.1452,0.00,0.02,0.00,0.0322,0.9107,0.1470,-0.0180,-0.0674,0.9976,21.46,0
21.6393,CoreSystemMain,0.500,1,-0.0894,0.5114,0.1747,316.88,325.06,32.61,0.0872,0.5769,0.2646,280.86,13.96,339.81,0.0321,0.9106,0.1471,3.88,358.97,0.06,0.0434,0.4414,1.1441,0.00,0.02,0.00,0.0321,0.9106,0.1471,-0.0179,-0.0676,0.9976,21.39,0
21.6503,CoreSystemMain,0.500,1,-0.0895,0.5113,0.1748,316.88,325.03,32.63,0.0872,0.5761,0.2642,280.82,12.25,341.27,0.0319,0.9106,0.1472,3.88,358.98,0.08,0.0432,0.4428,1.1433,0.00,0.02,0.00,0.0319,0.9106,0.1472,-0.0178,-0.0678,0.9975,21.33,0
21.6615,CoreSystemMain,0.500,1,-0.0895,0.5112,0.1747,316.91,325.07,32.61,0.0871,0.5760,0.2640,280.72,11.49,341.96,0.0317,0.9105,0.1473,3.89,358.98,0.10,0.0427,0.4441,1.1426,0.00,0.02,0.00,0.0317,0.9105,0.1473,-0.0177,-0.0679,0.9975,21.27,0
21.6726,CoreSystemMain,0.500,1,-0.0894,0.5110,0.1747,316.90,325.15,32.57,0.0873,0.5753,0.2638,280.71,11.09,342.45,0.0315,0.9104,0.1474,3.92,358.98,0.11,0.0421,0.4452,1.1418,0.00,0.02,0.00,0.0315,0.9104,0.1474,-0.0178,-0.0684,0.9975,21.20,0
21.6839,CoreSystemMain,0.500,1,-0.0894,0.5108,0.1747,316.92,325.22,32.48,0.0875,0.5747,0.2635,280.71,11.41,342.35,0.0313,0.9103,0.1475,3.95,358.98,0.13,0.0415,0.4462,1.1411,0.00,0.02,0.00,0.0313,0.9103,0.1475,-0.0177,-0.0688,0.9975,21.15,0
21.6952,CoreSystemMain,0.500,1,-0.0893,0.5106,0.1747,316.97,325.29,32.42,0.0877,0.5738,0.2634,280.87,11.61,342.46,0.0311,0.9103,0.1476,3.98,358.97,0.13,0.0413,0.4471,1.1405,0.00,0.02,0.00,0.0311,0.9103,0.1476,-0.0179,-0.0693,0.9974,21.09,0
21.7061,CoreSystemMain,0.500,1,-0.0893,0.5104,0.1747,317.00,325.31,32.43,0.0878,0.5735,0.2633,280.92,11.55,342.59,0.0310,0.9102,0.1477,4.02,358.97,0.14,0.0413,0.4478,1.1401,0.00,0.02,0.00,0.0310,0.9102,0.1477,-0.0180,-0.0701,0.9974,21.02,0
21.7173,CoreSystemMain,0.500,1,-0.0893,0.5103,0.1748,317.07,325.32,32.48,0.0878,0.5727,0.2630,281.16,11.17,342.92,0.0308,0.9101,0.1477,4.05,358.96,0.18,0.0413,0.4484,1.1397,0.00,0.02,0.00,0.0308,0.9101,0.1477,-0.0180,-0.0706,0.9973,20.97,0
21.7285,CoreSystemMain,0.500,1,-0.0893,0.5102,0.1748,317.09,325.33,32.50,0.0879,0.5722,0.2629,281.33,10.71,343.29,0.0306,0.9101,0.1478,4.09,358.94,0.21,0.0413,0.4488,1.1394,0.00,0.02,0.00,0.0306,0.9101,0.1478,-0.0185,-0.0713,0.9973,20.92,0
21.7398,CoreSystemMain,0.500,1,-0.0894,0.5102,0.1748,317.08,325.34,32.51,0.0881,0.5712,0.2627,281.79,10.47,343.33,0.0304,0.9100,0.1479,4.10,358.93,0.25,0.0412,0.4491,1.1391,0.00,0.02,0.00,0.0304,0.9100,0.1479,-0.0186,-0.0716,0.9973,20.90,0
21.7507,CoreSystemMain,0.500,1,-0.0894,0.5101,0.1748,317.06,325.39,32.46,0.0882,0.5706,0.2627,282.01,10.77,342.98,0.0302,0.9099,0.1480,4.12,358.90,0.30,0.0411,0.4492,1.1390,0.00,0.02,0.00,0.0302,0.9099,0.1480,-0.0191,-0.0718,0.9972,20.88,0
21.7619,CoreSystemMain,0.500,1,-0.0895,0.5101,0.1748,317.02,325.38,32.39,0.0884,0.5700,0.2626,282.33,11.52,342.28,0.0300,0.9099,0.1481,4.13,358.88,0.33,0.0410,0.4493,1.1390,0.00,0.02,0.00,0.0300,0.9099,0.1481,-0.0196,-0.0720,0.9972,20.87,0
21.7731,CoreSystemMain,0.500,1,-0.0896,0.5102,0.1748,317.00,325.35,32.39,0.0886,0.5694,0.2626,282.42,12.09,341.94,0.0299,0.9098,0.1481,4.15,358.85,0.35,0.0410,0.4493,1.1390,0.00,0.02,0.00,0.0299,0.9098,0.1481,-0.0199,-0.0723,0.9972,20.85,0
21.7841,CoreSystemMain,0.500,0,-0.0896,0.5102,0.1748,317.00,325.33,32.39,0.0887,0.5690,0.2624,282.46,12.13,341.92,0.0297,0.9097,0.1482,4.14,358.85,0.37,0.0411,0.4493,1.1390,0.00,0.02,0.00,0.0297,0.9097,0.1482,-0.0199,-0.0721,0.9972,20.86,0
21.7950,CoreSystemMain,0.500,0,-0.0899,0.5102,0.1749,317.00,325.22,32.56,0.0887,0.5683,0.2623,282.14,10.58,343.86,0.0296,0.9097,0.1483,4.17,358.81,0.37,0.0405,0.4517,1.1372,0.00,0.02,0.00,0.0296,0.9097,0.1483,-0.0207,-0.0727,0.9971,20.75,0
21.8060,CoreSystemMain,0.500,0,-0.0899,0.5102,0.1749,317.03,325.20,32.57,0.0889,0.5679,0.2623,282.17,11.29,342.89,0.0294,0.9096,0.1484,4.17,358.80,0.38,0.0405,0.4517,1.1372,0.00,0.02,0.00,0.0294,0.9096,0.1484,-0.0209,-0.0728,0.9971,20.75,0
21.8169,CoreSystemMain,0.500,0,-0.0900,0.5103,0.1750,317.02,325.14,32.65,0.0888,0.5672,0.2623,282.12,10.43,344.08,0.0293,0.9096,0.1484,4.18,358.78,0.38,0.0399,0.4503,1.1355,0.00,0.02,0.00,0.0293,0.9096,0.1484,-0.0213,-0.0729,0.9971,20.85,0
21.8282,CoreSystemMain,0.500,0,-0.0901,0.5102,0.1751,317.00,325.12,32.65,0.0889,0.5668,0.2623,282.25,10.58,343.95,0.0292,0.9095,0.1485,4.19,358.76,0.39,0.0393,0.4449,1.1337,0.00,0.02,0.00,0.0292,0.9095,0.1485,-0.0216,-0.0730,0.9971,21.13,0
21.8392,CoreSystemMain,0.500,0,-0.0902,0.5102,0.1752,317.00,325.12,32.62,0.0890,0.5663,0.2623,282.49,10.69,343.77,0.0291,0.9095,0.1486,4.20,358.75,0.39,0.0393,0.4449,1.1337,0.00,0.02,0.00,0.0291,0.9095,0.1486,-0.0217,-0.0732,0.9971,21.12,0
21.8619,CoreSystemMain,0.500,0,-0.0902,0.5101,0.1754,316.96,325.16,32.51,0.0890,0.5656,0.2626,282.92,11.49,343.24,0.0290,0.9094,0.1487,4.21,358.76,0.41,0.0387,0.4356,1.1319,0.00,0.02,0.00,0.0290,0.9094,0.1487,-0.0216,-0.0734,0.9971,21.59,0
21.8728,CoreSystemMain,0.500,0,-0.0903,0.5101,0.1754,316.97,325.17,32.56,0.0892,0.5650,0.2627,283.05,11.39,343.24,0.0289,0.9094,0.1488,4.23,358.76,0.43,0.0381,0.4224,1.1301,0.00,0.02,0.00,0.0289,0.9094,0.1488,-0.0216,-0.0738,0.9970,22.22,0
21.8837,CoreSystemMain,0.500,0,-0.0902,0.5101,0.1755,317.00,325.17,32.60,0.0895,0.5644,0.2629,283.14,11.31,343.07,0.0288,0.9094,0.1488,4.25,358.78,0.45,0.0381,0.4224,1.1301,0.00,0.02,0.00,0.0288,0.9094,0.1488,-0.0213,-0.0741,0.9970,22.21,0
21.8948,CoreSystemMain,0.500,0,-0.0902,0.5100,0.1756,317.04,325.19,32.61,0.0894,0.5639,0.2631,283.26,11.63,342.87,0.0288,0.9093,0.1489,4.27,358.79,0.47,0.0375,0.4053,1.1283,0.00,0.02,0.00,0.0288,0.9093,0.1489,-0.0210,-0.0744,0.9970,23.02,0
21.9108,CoreSystemMain,0.500,0,-0.0902,0.5099,0.1756,317.02,325.18,32.61,0.0903,0.5628,0.2633,283.62,12.12,343.02,0.0288,0.9093,0.1489,4.28,358.80,0.51,0.0369,0.3842,1.1265,0.00,0.02,0.00,0.0288,0.9093,0.1489,-0.0208,-0.0746,0.9970,24.01,0
21.9169,CoreSystemMain,0.500,0,-0.0902,0.5098,0.1756,317.01,325.18,32.59,0.0907,0.5622,0.2634,283.79,12.55,342.51,0.0288,0.9093,0.1489,4.28,358.82,0.53,0.0369,0.3842,1.1265,0.00,0.02,0.00,0.0288,0.9093,0.1489,-0.0206,-0.0747,0.9970,24.01,0
21.9282,CoreSystemMain,0.500,0,-0.0901,0.5098,0.1756,316.99,325.17,32.59,0.0912,0.5613,0.2634,283.81,12.69,342.44,0.0287,0.9092,0.1490,4.28,358.83,0.54,0.0364,0.3592,1.1248,0.00,0.02,0.00,0.0287,0.9092,0.1490,-0.0203,-0.0746,0.9970,25.18,0
21.9393,CoreSystemMain,0.500,0,-0.0900,0.5097,0.1756,316.99,325.18,32.58,0.0917,0.5603,0.2634,283.80,12.33,342.99,0.0287,0.9092,0.1490,4.28,358.84,0.52,0.0364,0.3592,1.1248,0.00,0.02,0.00,0.0287,0.9092,0.1490,-0.0201,-0.0746,0.9970,25.17,0
21.9503,CoreSystemMain,0.500,0,-0.0900,0.5097,0.1756,317.01,325.21,32.60,0.0922,0.5590,0.2634,283.72,11.89,343.55,0.0286,0.9092,0.1491,4.28,358.86,0.51,0.0358,0.3303,1.1230,0.00,0.02,0.00,0.0286,0.9092,0.1491,-0.0198,-0.0747,0.9970,26.48,0
21.9616,CoreSystemMain,0.500,0,-0.0899,0.5097,0.1755,317.05,325.25,32.61,0.0928,0.5578,0.2634,283.74,11.42,344.10,0.0286,0.9092,0.1491,4.29,358.86,0.50,0.0358,0.3303,1.1230,0.00,0.02,0.00,0.0286,0.9092,0.1491,-0.0199,-0.0749,0.9970,26.47,0
21.9726,CoreSystemMain,0.500,0,-0.0898,0.5097,0.1754,317.06,325.22,32.71,0.0933,0.5564,0.2634,283.77,11.18,344.37,0.0285,0.9092,0.1492,4.32,358.85,0.50,0.0352,0.2975,1.1212,0.00,0.02,0.00,0.0285,0.9092,0.1492,-0.0201,-0.0753,0.9970,27.90,0
21.9838,CoreSystemMain,0.500,0,-0.0899,0.5097,0.1752,317.04,325.16,32.78,0.0941,0.5539,0.2635,283.97,10.84,344.73,0.0284,0.9091,0.1492,4.32,358.83,0.50,0.0352,0.2975,1.1212,0.00,0.02,0.00,0.0284,0.9091,0.1492,-0.0204,-0.0753,0.9969,27.90,0
21.9950,CoreSystemMain,0.500,0,-0.0898,0.5097,0.1751,317.00,325.10,32.79,0.0950,0.5511,0.2635,284.51,10.10,345.61,0.0282,0.9091,0.1492,4.32,358.81,0.51,0.0346,0.2607,1.1194,0.00,0.02,0.00,0.0282,0.9091,0.1492,-0.0207,-0.0754,0.9969,29.47,0
22.0064,CoreSystemMain,0.500,0,-0.0899,0.5098,0.1749,317.01,325.11,32.73,0.0959,0.5483,0.2633,285.27,9.51,346.36,0.0281,0.9091,0.1492,4.33,358.78,0.51,0.0346,0.2607,1.1194,0.00,0.02,0.00,0.0281,0.9091,0.1492,-0.0212,-0.0755,0.9969,29.46,0
22.0172,CoreSystemMain,0.500,0,-0.0899,0.5098,0.1748,317.01,325.11,32.67,0.0968,0.5445,0.2629,286.76,9.17,347.18,0.0280,0.9091,0.1492,4.35,358.74,0.51,0.0340,0.2201,1.1176,0.00,0.02,0.00,0.0280,0.9091,0.1492,-0.0220,-0.0758,0.9969,31.12,0
22.0282,CoreSystemMain,0.500,0,-0.0900,0.5098,0.1747,317.02,325.07,32.67,0.0975,0.5416,0.2626,287.72,8.90,347.71,0.0278,0.9091,0.1492,4.35,358.70,0.51,0.0334,0.1754,1.1158,0.00,0.02,0.00,0.0278,0.9091,0.1492,-0.0226,-0.0758,0.9969,32.88,0
22.0394,CoreSystemMain,0.500,0,-0.0902,0.5098,0.1746,317.11,324.98,32.74,0.0981,0.5371,0.2618,289.46,8.48,348.22,0.0277,0.9090,0.1492,4.35,358.66,0.51,0.0334,0.1754,1.1158,0.00,0.02,0.00,0.0277,0.9090,0.1492,-0.0234,-0.0758,0.9969,32.89,0
22.0507,CoreSystemMain,0.500,0,-0.0901,0.5098,0.1744,317.13,324.91,32.80,0.0988,0.5338,0.2612,290.52,8.25,348.41,0.0276,0.9090,0.1492,4.33,358.65,0.52,0.0328,0.1269,1.1141,0.00,0.02,0.00,0.0276,0.9090,0.1492,-0.0236,-0.0755,0.9969,34.73,0
22.0618,CoreSystemMain,0.500,0,-0.0905,0.5099,0.1742,317.21,324.70,32.99,0.0992,0.5271,0.2596,292.44,7.18,349.18,0.0273,0.9090,0.1492,4.33,358.57,0.50,0.0328,0.1269,1.1141,0.00,0.02,0.00,0.0273,0.9090,0.1492,-0.0249,-0.0755,0.9968,34.73,0
22.0728,CoreSystemMain,0.500,0,-0.0907,0.5099,0.1740,317.23,324.59,33.06,0.0996,0.5225,0.2585,293.68,6.34,350.09,0.0271,0.9090,0.1492,4.33,358.52,0.50,0.0322,0.0745,1.1123,0.00,0.02,0.00,0.0271,0.9090,0.1492,-0.0257,-0.0755,0.9968,36.62,0
22.0838,CoreSystemMain,0.500,0,-0.0909,0.5099,0.1738,317.21,324.52,33.06,0.1000,0.5170,0.2572,295.10,5.34,351.19,0.0269,0.9090,0.1493,4.33,358.47,0.49,0.0322,0.0745,1.1123,0.00,0.02,0.00,0.0269,0.9090,0.1493,-0.0266,-0.0755,0.9968,36.62,0
22.0950,CoreSystemMain,0.500,0,-0.0913,0.5098,0.1735,317.13,324.45,33.00,0.1003,0.5099,0.2550,296.91,3.86,352.55,0.0267,0.9089,0.1493,4.33,358.42,0.50,0.0320,0.0749,1.1117,359.70,0.05,0.08,0.0267,0.9089,0.1493,-0.0274,-0.0755,0.9968,36.62,0
22.1061,CoreSystemMain,0.500,0,-0.0914,0.5097,0.1734,317.12,324.39,33.02,0.1007,0.5063,0.2542,297.93,3.39,353.04,0.0266,0.9089,0.1493,4.36,358.40,0.51,0.0320,0.0749,1.1117,359.70,0.05,0.08,0.0266,0.9089,0.1493,-0.0279,-0.0759,0.9967,36.60,0
22.1173,CoreSystemMain,0.500,0,-0.0917,0.5096,0.1733,317.08,324.38,32.88,0.1015,0.4994,0.2516,300.15,2.48,353.87,0.0263,0.9088,0.1493,4.35,358.36,0.52,0.0321,0.0750,1.1119,359.80,0.03,0.06,0.0263,0.9088,0.1493,-0.0285,-0.0759,0.9967,36.59,0
22.1283,CoreSystemMain,0.500,0,-0.0921,0.5094,0.1731,317.08,324.42,32.79,0.1024,0.4927,0.2491,302.81,1.92,354.22,0.0262,0.9087,0.1493,4.37,358.33,0.53,0.0322,0.0750,1.1122,359.94,0.02,0.02,0.0262,0.9087,0.1493,-0.0291,-0.0763,0.9967,36.56,0
22.1396,CoreSystemMain,0.500,0,-0.0924,0.5092,0.1730,317.12,324.40,32.76,0.1032,0.4872,0.2472,304.80,1.55,354.54,0.0259,0.9086,0.1492,4.39,358.29,0.55,0.0322,0.0750,1.1122,359.94,0.02,0.02,0.0259,0.9086,0.1492,-0.0298,-0.0765,0.9966,36.54,0
22.1506,CoreSystemMain,0.500,0,-0.0927,0.5091,0.1729,317.16,324.37,32.77,0.1041,0.4815,0.2450,306.73,1.27,354.97,0.0258,0.9085,0.1492,4.38,358.27,0.58,0.0323,0.0750,1.1123,0.01,0.01,359.99,0.0258,0.9085,0.1492,-0.0300,-0.0765,0.9966,36.54,0
22.1618,CoreSystemMain,0.500,0,-0.0930,0.5088,0.1727,317.24,324.34,32.76,0.1054,0.4747,0.2416,308.91,0.97,355.57,0.0256,0.9084,0.1493,4.40,358.23,0.61,0.0323,0.0750,1.1123,0.01,0.01,359.99,0.0256,0.9084,0.1493,-0.0308,-0.0767,0.9966,36.53,0
22.1729,CoreSystemMain,0.500,0,-0.0934,0.5085,0.1726,317.29,324.25,32.72,0.1064,0.4683,0.2383,310.63,1.09,355.81,0.0254,0.9084,0.1493,4.40,358.20,0.65,0.0323,0.0750,1.1123,0.02,0.01,359.99,0.0254,0.9084,0.1493,-0.0314,-0.0768,0.9966,36.52,0
22.1838,CoreSystemMain,0.500,0,-0.0936,0.5085,0.1724,317.31,324.18,32.72,0.1071,0.4632,0.2366,312.25,0.93,356.04,0.0253,0.9083,0.1493,4.41,358.14,0.67,0.0323,0.0750,1.1123,0.02,0.01,359.99,0.0253,0.9083,0.1493,-0.0323,-0.0768,0.9965,36.52,0
22.1949,CoreSystemMain,0.500,0,-0.0939,0.5082,0.1722,317.29,324.16,32.68,0.1081,0.4572,0.2334,313.95,0.78,356.13,0.0251,0.9082,0.1494,4.43,358.14,0.71,0.0322,0.0750,1.1123,0.01,0.02,0.00,0.0251,0.9082,0.1494,-0.0324,-0.0772,0.9965,36.50,0
22.2060,CoreSystemMain,0.500,0,-0.0941,0.5080,0.1721,317.28,324.12,32.62,0.1090,0.4520,0.2310,315.75,0.56,356.31,0.0249,0.9081,0.1494,4.44,358.10,0.75,0.0322,0.0750,1.1123,0.01,0.02,0.00,0.0249,0.9081,0.1494,-0.0330,-0.0775,0.9964,36.49,0
22.2172,CoreSystemMain,0.500,0,-0.0942,0.5076,0.1720,317.26,324.16,32.46,0.1101,0.4471,0.2279,317.80,0.16,356.51,0.0248,0.9080,0.1494,4.49,358.08,0.79,0.0322,0.0750,1.1123,0.00,0.02,0.00,0.0248,0.9080,0.1494,-0.0335,-0.0783,0.9964,36.43,0
22.2282,CoreSystemMain,0.500,0,-0.0944,0.5074,0.1719,317.28,324.17,32.42,0.1110,0.4426,0.2255,319.51,0.02,356.69,0.0247,0.9079,0.1494,4.52,358.07,0.84,0.0322,0.0750,1.1123,0.00,0.02,0.00,0.0247,0.9079,0.1494,-0.0335,-0.0788,0.9963,36.40,0
22.2396,CoreSystemMain,0.500,0,-0.0945,0.5070,0.1718,317.31,324.22,32.36,0.1119,0.4377,0.2235,321.29,359.86,356.84,0.0246,0.9077,0.1494,4.53,358.05,0.87,0.0322,0.0750,1.1123,0.00,0.02,0.00,0.0246,0.9077,0.1494,-0.0339,-0.0790,0.9963,36.39,0
22.2506,CoreSystemMain,0.500,0,-0.0945,0.5067,0.1719,317.43,324.35,32.24,0.1129,0.4342,0.2206,322.58,0.01,356.43,0.0246,0.9077,0.1494,4.57,358.06,0.91,0.0322,0.0750,1.1123,0.00,0.02,0.00,0.0246,0.9077,0.1494,-0.0337,-0.0796,0.9963,36.35,0
22.2615,CoreSystemMain,0.500,0,-0.0945,0.5064,0.1719,317.53,324.37,32.24,0.1137,0.4315,0.2185,323.39,0.35,355.94,0.0245,0.9076,0.1495,4.59,358.08,0.95,0.0322,0.0750,1.1123,0.00,0.02,0.00,0.0245,0.9076,0.1495,-0.0335,-0.0800,0.9962,36.33,0
22.2728,CoreSystemMain,0.500,0,-0.0943,0.5061,0.1720,317.62,324.31,32.33,0.1146,0.4277,0.2157,324.60,0.93,355.23,0.0245,0.9076,0.1495,4.61,358.08,0.97,0.0322,0.0750,1.1123,0.00,0.02,0.00,0.0245,0.9076,0.1495,-0.0334,-0.0804,0.9962,36.30,0
22.2841,CoreSystemMain,0.500,0,-0.0942,0.5059,0.1720,317.67,324.31,32.37,0.1154,0.4242,0.2135,325.76,1.40,354.71,0.0245,0.9075,0.1495,4.62,358.11,0.99,0.0322,0.0750,1.1123,0.00,0.02,0.00,0.0245,0.9075,0.1495,-0.0329,-0.0806,0.9962,36.29,0
22.2952,CoreSystemMain,0.500,0,-0.0938,0.5058,0.1721,317.72,324.36,32.41,0.1159,0.4223,0.2110,326.34,1.62,354.79,0.0246,0.9074,0.1495,4.65,358.13,1.00,0.0322,0.0750,1.1123,0.00,0.02,0.00,0.0246,0.9074,0.1495,-0.0325,-0.0811,0.9962,36.25,0
22.3063,CoreSystemMain,0.500,0,-0.0937,0.5056,0.1720,317.75,324.36,32.39,0.1165,0.4189,0.2091,327.41,1.52,354.97,0.0246,0.9074,0.1495,4.68,358.13,1.00,0.0322,0.0750,1.1123,0.00,0.02,0.00,0.0246,0.9074,0.1495,-0.0325,-0.0815,0.9961,36.23,0
22.3172,CoreSystemMain,0.500,0,-0.0932,0.5056,0.1720,317.72,324.54,32.26,0.1167,0.4169,0.2074,327.87,0.93,355.81,0.0247,0.9073,0.1494,4.69,358.17,1.01,0.0322,0.0750,1.1123,0.00,0.02,0.00,0.0247,0.9073,0.1494,-0.0319,-0.0818,0.9961,36.21,0
22.3284,CoreSystemMain,0.500,0,-0.0928,0.5057,0.1720,317.67,324.66,32.22,0.1168,0.4150,0.2057,328.12,0.26,356.67,0.0247,0.9073,0.1494,4.69,358.21,1.01,0.0322,0.0750,1.1123,0.00,0.02,0.00,0.0247,0.9073,0.1494,-0.0312,-0.0817,0.9962,36.21,0
22.3395,CoreSystemMain,0.500,0,-0.0925,0.5057,0.1720,317.64,324.72,32.23,0.1170,0.4132,0.2042,328.32,359.71,357.22,0.0248,0.9072,0.1493,4.69,358.23,1.00,0.0322,0.0750,1.1123,0.00,0.02,0.00,0.0248,0.9072,0.1493,-0.0308,-0.0818,0.9962,36.20,0
22.3505,CoreSystemMain,0.500,0,-0.0921,0.5059,0.1720,317.56,324.68,32.36,0.1168,0.4122,0.2032,328.42,359.85,356.88,0.0249,0.9072,0.1493,4.68,358.26,1.00,0.0322,0.0750,1.1123,0.00,0.02,0.00,0.0249,0.9072,0.1493,-0.0303,-0.0816,0.9962,36.21,0
22.3617,CoreSystemMain,0.500,0,-0.0916,0.5062,0.1720,317.52,324.62,32.56,0.1163,0.4126,0.2026,328.44,0.78,355.71,0.0250,0.9072,0.1493,4.67,358.30,0.99,0.0322,0.0750,1.1123,0.00,0.02,0.00,0.0250,0.9072,0.1493,-0.0296,-0.0814,0.9962,36.21,0
22.3731,CoreSystemMain,0.500,0,-0.0913,0.5063,0.1720,317.54,324.63,32.60,0.1164,0.4114,0.2017,328.80,0.75,355.68,0.0251,0.9073,0.1492,4.67,358.34,0.97,0.0322,0.0750,1.1123,0.00,0.02,0.00,0.0251,0.9073,0.1492,-0.0290,-0.0814,0.9963,36.21,0
22.3839,CoreSystemMain,0.500,0,-0.0910,0.5064,0.1720,317.55,324.67,32.66,0.1164,0.4101,0.2006,329.19,0.52,355.85,0.0251,0.9073,0.1491,4.66,358.35,0.96,0.0322,0.0750,1.1123,0.00,0.02,0.00,0.0251,0.9073,0.1491,-0.0287,-0.0812,0.9963,36.22,0
22.3951,CoreSystemMain,0.500,0,-0.0905,0.5067,0.1722,317.53,324.82,32.66,0.1156,0.4125,0.2017,328.45,0.48,355.95,0.0253,0.9073,0.1491,4.64,358.38,0.96,0.0322,0.0750,1.1123,0.00,0.02,0.00,0.0253,0.9073,0.1491,-0.0281,-0.0809,0.9963,36.23,0
22.4062,CoreSystemMain,0.500,0,-0.0902,0.5069,0.1722,317.48,324.86,32.63,0.1157,0.4133,0.2016,328.36,1.06,355.17,0.0254,0.9073,0.1490,4.62,358.39,0.95,0.0322,0.0750,1.1123,0.00,0.02,0.00,0.0254,0.9073,0.1490,-0.0280,-0.0806,0.9964,36.25,0
22.4172,CoreSystemMain,0.500,0,-0.0900,0.5071,0.1723,317.44,324.88,32.63,0.1159,0.4140,0.2015,328.24,1.21,354.19,0.0255,0.9074,0.1490,4.60,358.38,0.94,0.0322,0.0750,1.1123,0.00,0.02,0.00,0.0255,0.9074,0.1490,-0.0282,-0.0802,0.9964,36.28,0
22.4283,CoreSystemMain,0.500,0,-0.0898,0.5074,0.1723,317.39,324.81,32.76,0.1154,0.4163,0.2026,327.51,1.85,352.75,0.0255,0.9074,0.1490,4.58,358.38,0.93,0.0322,0.0750,1.1123,0.00,0.02,0.00,0.0255,0.9074,0.1490,-0.0282,-0.0798,0.9964,36.30,0
22.4395,CoreSystemMain,0.500,1,-0.0897,0.5078,0.1723,317.35,324.69,32.91,0.1135,0.4200,0.2048,325.50,1.25,354.05,0.0256,0.9074,0.1489,4.55,358.37,0.90,0.0322,0.0750,1.1123,0.00,0.02,0.00,0.0256,0.9074,0.1489,-0.0283,-0.0793,0.9964,36.32,0
22.4509,CoreSystemMain,0.500,1,-0.0895,0.5081,0.1723,317.33,324.67,32.96,0.1131,0.4208,0.2054,324.85,0.88,354.32,0.0257,0.9075,0.1489,4.52,358.35,0.88,0.0322,0.0750,1.1123,0.00,0.02,0.00,0.0257,0.9075,0.1489,-0.0288,-0.0789,0.9965,36.35,0
22.4617,CoreSystemMain,0.500,1,-0.0894,0.5083,0.1723,317.30,324.65,33.05,0.1113,0.4251,0.2085,322.06,358.33,357.19,0.0258,0.9075,0.1489,4.49,358.34,0.85,0.0322,0.0751,1.1123,0.00,0.02,0.00,0.0258,0.9075,0.1489,-0.0288,-0.0782,0.9965,36.39,0
22.4728,CoreSystemMain,0.500,1,-0.0894,0.5085,0.1724,317.26,324.66,33.02,0.1102,0.4285,0.2109,320.20,357.09,358.56,0.0259,0.9076,0.1489,4.48,358.33,0.83,0.0316,0.0780,1.1141,0.00,0.02,0.00,0.0259,0.9076,0.1489,-0.0291,-0.0781,0.9965,36.24,0
22.4839,CoreSystemMain,0.500,1,-0.0893,0.5086,0.1724,317.23,324.67,32.96,0.1091,0.4322,0.2133,318.79,356.89,358.88,0.0260,0.9076,0.1488,4.49,358.32,0.82,0.0306,0.0840,1.1176,0.00,0.02,0.00,0.0260,0.9076,0.1488,-0.0292,-0.0782,0.9965,35.93,0
22.4950,CoreSystemMain,0.500,1,-0.0894,0.5086,0.1725,317.24,324.71,32.93,0.1077,0.4371,0.2163,317.85,358.51,356.60,0.0262,0.9077,0.1488,4.51,358.32,0.80,0.0296,0.0913,1.1217,0.00,0.02,0.00,0.0262,0.9077,0.1488,-0.0293,-0.0787,0.9965,35.53,0
22.5061,CoreSystemMain,0.500,1,-0.0893,0.5087,0.1725,317.21,324.71,32.96,0.1071,0.4394,0.2177,316.99,358.18,357.02,0.0263,0.9077,0.1487,4.49,358.35,0.84,0.0281,0.0982,1.1254,0.00,0.02,0.00,0.0263,0.9077,0.1487,-0.0287,-0.0782,0.9965,35.20,0
22.5173,CoreSystemMain,0.500,1,-0.0894,0.5087,0.1726,317.21,324.73,32.97,0.1058,0.4458,0.2220,316.12,0.32,354.55,0.0265,0.9078,0.1486,4.52,358.34,0.79,0.0267,0.1054,1.1292,0.00,0.02,0.00,0.0265,0.9078,0.1486,-0.0288,-0.0789,0.9965,34.81,0
22.5284,CoreSystemMain,0.500,1,-0.0894,0.5087,0.1726,317.19,324.74,32.89,0.1046,0.4508,0.2252,315.45,1.71,352.65,0.0266,0.9079,0.1486,4.50,358.36,0.80,0.0255,0.1132,1.1333,0.00,0.02,0.00,0.0266,0.9079,0.1486,-0.0285,-0.0785,0.9965,34.43,0
22.5394,CoreSystemMain,0.500,1,-0.0895,0.5087,0.1726,317.19,324.75,32.84,0.1037,0.4547,0.2277,314.60,1.87,352.39,0.0268,0.9080,0.1486,4.48,358.37,0.78,0.0239,0.1214,1.1375,0.00,0.02,0.00,0.0268,0.9080,0.1486,-0.0283,-0.0781,0.9965,34.04,0
22.5505,CoreSystemMain,0.500,1,-0.0897,0.5086,0.1727,317.18,324.76,32.73,0.1025,0.4604,0.2316,313.35,2.10,352.42,0.0269,0.9081,0.1485,4.45,358.39,0.78,0.0224,0.1296,1.1417,0.00,0.02,0.00,0.0269,0.9081,0.1485,-0.0280,-0.0775,0.9966,33.67,0
22.5618,CoreSystemMain,0.500,1,-0.0898,0.5086,0.1727,317.18,324.73,32.69,0.1018,0.4651,0.2347,311.65,1.51,353.72,0.0271,0.9082,0.1485,4.41,358.42,0.76,0.0216,0.1392,1.1464,0.00,0.02,0.00,0.0271,0.9082,0.1485,-0.0275,-0.0768,0.9967,33.23,0
22.5728,CoreSystemMain,0.500,1,-0.0901,0.5086,0.1727,317.21,324.61,32.76,0.1004,0.4720,0.2388,308.43,1.33,354.60,0.0273,0.9083,0.1485,4.37,358.44,0.76,0.0220,0.1507,1.1516,0.00,0.02,0.00,0.0273,0.9083,0.1485,-0.0271,-0.0763,0.9967,32.71,0
22.5842,CoreSystemMain,0.500,1,-0.0901,0.5085,0.1728,317.21,324.56,32.79,0.0995,0.4783,0.2423,305.04,0.25,356.17,0.0275,0.9084,0.1484,4.33,358.47,0.74,0.0244,0.1690,1.1585,0.00,0.02,0.00,0.0275,0.9084,0.1484,-0.0266,-0.0755,0.9968,31.90,0
22.5951,CoreSystemMain,0.500,1,-0.0902,0.5085,0.1728,317.21,324.52,32.81,0.0987,0.4838,0.2451,302.35,359.12,357.60,0.0277,0.9085,0.1484,4.31,358.50,0.72,0.0273,0.1937,1.1654,0.00,0.02,0.00,0.0277,0.9085,0.1484,-0.0260,-0.0751,0.9968,30.82,0
22.6059,CoreSystemMain,0.500,1,-0.0903,0.5084,0.1728,317.20,324.52,32.75,0.0976,0.4907,0.2480,299.12,358.01,358.81,0.0278,0.9086,0.1484,4.29,358.52,0.69,0.0292,0.2179,1.1701,0.00,0.02,0.00,0.0278,0.9086,0.1484,-0.0257,-0.0748,0.9969,29.80,0
22.6170,CoreSystemMain,0.500,1,-0.0905,0.5084,0.1728,317.20,324.62,32.63,0.0964,0.4992,0.2502,296.27,358.19,358.54,0.0280,0.9086,0.1483,4.25,358.54,0.65,0.0299,0.2447,1.1726,0.00,0.02,0.00,0.0280,0.9086,0.1483,-0.0254,-0.0742,0.9969,28.73,0
22.6360,CoreSystemMain,0.500,1,-0.0907,0.5084,0.1727,317.21,324.72,32.54,0.0946,0.5104,0.2528,293.79,0.45,355.77,0.0282,0.9088,0.1483,4.19,358.53,0.57,0.0296,0.2722,1.1728,0.00,0.02,0.00,0.0282,0.9088,0.1483,-0.0256,-0.0731,0.9970,27.70,0
22.6400,CoreSystemMain,0.500,1,-0.0907,0.5084,0.1727,317.21,324.72,32.53,0.0942,0.5126,0.2539,293.10,0.49,355.74,0.0283,0.9089,0.1483,4.18,358.52,0.56,0.0282,0.3125,1.1696,0.00,0.02,0.00,0.0283,0.9089,0.1483,-0.0257,-0.0729,0.9970,26.14,0
22.6503,CoreSystemMain,0.500,1,-0.0909,0.5085,0.1725,317.21,324.69,32.53,0.0932,0.5187,0.2558,291.73,1.56,354.46,0.0284,0.9090,0.1484,4.14,358.51,0.53,0.0280,0.3171,1.1692,0.00,0.02,0.00,0.0284,0.9090,0.1484,-0.0259,-0.0722,0.9971,26.00,0
22.6615,CoreSystemMain,0.500,1,-0.0910,0.5086,0.1724,317.20,324.65,32.50,0.0921,0.5249,0.2566,290.74,3.63,352.10,0.0285,0.9091,0.1484,4.11,358.48,0.49,0.0272,0.3319,1.1671,0.00,0.02,0.00,0.0285,0.9091,0.1484,-0.0265,-0.0716,0.9971,25.47,0
22.6839,CoreSystemMain,0.500,1,-0.0913,0.5087,0.1722,317.15,324.54,32.50,0.0902,0.5364,0.2594,288.02,5.71,350.01,0.0286,0.9092,0.1484,4.08,358.44,0.41,0.0267,0.3469,1.1644,0.00,0.02,0.00,0.0286,0.9092,0.1484,-0.0271,-0.0712,0.9971,24.92,0
22.6877,CoreSystemMain,0.500,1,-0.0914,0.5088,0.1722,317.16,324.53,32.47,0.0900,0.5383,0.2591,287.63,6.31,349.42,0.0287,0.9093,0.1484,4.09,358.44,0.41,0.0271,0.3830,1.1546,0.00,0.02,0.00,0.0287,0.9093,0.1484,-0.0271,-0.0713,0.9971,23.56,0
22.6949,CoreSystemMain,0.500,1,-0.0915,0.5088,0.1721,317.16,324.47,32.48,0.0894,0.5420,0.2599,286.78,7.58,348.06,0.0288,0.9093,0.1485,4.10,358.42,0.39,0.0271,0.3860,1.1538,0.00,0.02,0.00,0.0288,0.9093,0.1485,-0.0275,-0.0715,0.9971,23.44,0
22.7060,CoreSystemMain,0.500,1,-0.0916,0.5089,0.1720,317.17,324.45,32.48,0.0887,0.5472,0.2607,285.58,9.65,345.76,0.0288,0.9094,0.1485,4.08,358.43,0.36,0.0273,0.3931,1.1515,0.00,0.02,0.00,0.0288,0.9094,0.1485,-0.0274,-0.0711,0.9971,23.20,0
22.7171,CoreSystemMain,0.500,1,-0.0916,0.5090,0.1721,317.18,324.39,32.48,0.0882,0.5520,0.2617,284.38,11.83,343.35,0.0289,0.9094,0.1484,4.09,358.44,0.32,0.0276,0.4059,1.1467,0.00,0.02,0.00,0.0289,0.9094,0.1484,-0.0271,-0.0713,0.9971,22.72,0
22.7281,CoreSystemMain,0.500,1,-0.0917,0.5091,0.1720,317.22,324.33,32.54,0.0876,0.5567,0.2622,283.24,13.70,341.30,0.0290,0.9094,0.1484,4.08,358.46,0.29,0.0278,0.4187,1.1413,0.00,0.02,0.00,0.0290,0.9094,0.1484,-0.0268,-0.0711,0.9971,22.26,0
22.7393,CoreSystemMain,0.500,1,-0.0918,0.5091,0.1720,317.24,324.33,32.58,0.0873,0.5606,0.2624,282.14,14.52,340.58,0.0290,0.9095,0.1484,4.08,358.48,0.26,0.0279,0.4311,1.1354,0.00,0.02,0.00,0.0290,0.9095,0.1484,-0.0264,-0.0711,0.9971,21.83,0
22.7503,CoreSystemMain,0.500,1,-0.0919,0.5091,0.1720,317.27,324.41,32.57,0.0875,0.5632,0.2618,281.13,14.01,341.51,0.0291,0.9095,0.1484,4.06,358.49,0.24,0.0281,0.4431,1.1292,0.00,0.02,0.00,0.0291,0.9095,0.1484,-0.0262,-0.0709,0.9971,21.42,0
22.7613,CoreSystemMain,0.500,1,-0.0920,0.5091,0.1720,317.26,324.44,32.51,0.0872,0.5666,0.2621,280.14,15.00,340.79,0.0291,0.9095,0.1484,4.04,358.50,0.22,0.0287,0.4536,1.1232,0.00,0.02,0.00,0.0291,0.9095,0.1484,-0.0261,-0.0704,0.9972,21.08,0
22.7728,CoreSystemMain,0.500,1,-0.0921,0.5091,0.1720,317.23,324.46,32.46,0.0868,0.5708,0.2630,279.06,17.28,338.64,0.0292,0.9097,0.1485,4.04,358.49,0.21,0.0298,0.4638,1.1170,0.00,0.02,0.00,0.0292,0.9097,0.1485,-0.0262,-0.0704,0.9972,20.73,0
22.7837,CoreSystemMain,0.500,1,-0.0922,0.5091,0.1721,317.19,324.40,32.42,0.0870,0.5717,0.2624,278.99,18.76,337.17,0.0291,0.9097,0.1485,3.99,358.51,0.20,0.0311,0.4746,1.1100,0.00,0.02,0.00,0.0291,0.9097,0.1485,-0.0259,-0.0696,0.9972,20.41,0
22.7951,CoreSystemMain,0.500,1,-0.0924,0.5092,0.1720,317.13,324.37,32.39,0.0868,0.5732,0.2621,279.03,21.66,334.01,0.0291,0.9097,0.1485,3.97,358.52,0.19,0.0322,0.4822,1.1050,0.00,0.02,0.00,0.0291,0.9097,0.1485,-0.0258,-0.0693,0.9973,20.17,0
22.8058,CoreSystemMain,0.500,1,-0.0926,0.5092,0.1720,317.08,324.33,32.40,0.0865,0.5752,0.2621,279.00,23.92,331.45,0.0291,0.9097,0.1485,3.96,358.50,0.18,0.0331,0.4887,1.1008,0.00,0.02,0.00,0.0291,0.9097,0.1485,-0.0260,-0.0691,0.9973,19.96,0
22.8171,CoreSystemMain,0.500,1,-0.0928,0.5093,0.1720,317.08,324.26,32.43,0.0863,0.5770,0.2621,279.03,25.25,329.85,0.0290,0.9097,0.1485,3.97,358.49,0.18,0.0337,0.4940,1.0973,0.00,0.02,0.00,0.0290,0.9097,0.1485,-0.0262,-0.0692,0.9973,19.77,0
22.8281,CoreSystemMain,0.500,1,-0.0931,0.5093,0.1720,317.09,324.18,32.49,0.0862,0.5784,0.2621,279.16,26.58,328.28,0.0289,0.9098,0.1485,3.95,358.47,0.18,0.0340,0.4987,1.0942,0.00,0.02,0.00,0.0289,0.9098,0.1485,-0.0266,-0.0690,0.9973,19.62,0
22.8391,CoreSystemMain,0.500,1,-0.0933,0.5093,0.1720,317.12,324.04,32.55,0.0862,0.5793,0.2618,279.49,27.00,327.57,0.0288,0.9098,0.1485,3.96,358.45,0.19,0.0341,0.5027,1.0917,0.00,0.02,0.00,0.0288,0.9098,0.1485,-0.0269,-0.0691,0.9973,19.47,0
22.8503,CoreSystemMain,0.500,1,-0.0935,0.5093,0.1719,317.13,323.96,32.60,0.0861,0.5805,0.2619,279.50,27.80,326.62,0.0287,0.9098,0.1485,3.96,358.44,0.17,0.0340,0.5058,1.0899,0.00,0.02,0.00,0.0287,0.9098,0.1485,-0.0272,-0.0691,0.9972,19.35,0
22.8614,CoreSystemMain,0.500,1,-0.0937,0.5092,0.1720,317.14,323.94,32.61,0.0862,0.5808,0.2614,279.63,27.66,326.66,0.0286,0.9098,0.1485,3.96,358.42,0.18,0.0339,0.5086,1.0881,0.00,0.02,0.00,0.0286,0.9098,0.1485,-0.0275,-0.0691,0.9972,19.24,0
22.8725,CoreSystemMain,0.500,1,-0.0938,0.5092,0.1720,317.16,323.93,32.61,0.0862,0.5816,0.2614,279.44,27.80,326.50,0.0285,0.9098,0.1486,3.97,358.40,0.20,0.0337,0.5110,1.0868,0.00,0.02,0.00,0.0285,0.9098,0.1486,-0.0279,-0.0692,0.9972,19.15,0
22.8836,CoreSystemMain,0.500,1,-0.0939,0.5090,0.1721,317.19,324.01,32.52,0.0865,0.5803,0.2610,279.37,25.39,329.00,0.0284,0.9097,0.1486,3.97,358.39,0.22,0.0335,0.5132,1.0854,0.00,0.02,0.00,0.0284,0.9097,0.1486,-0.0281,-0.0693,0.9972,19.06,0
22.8947,CoreSystemMain,0.500,1,-0.0940,0.5089,0.1722,317.21,324.03,32.49,0.0865,0.5812,0.2610,279.20,26.00,328.39,0.0282,0.9097,0.1486,3.99,358.36,0.25,0.0332,0.5149,1.0844,0.00,0.02,0.00,0.0282,0.9097,0.1486,-0.0285,-0.0696,0.9972,18.98,0
22.9059,CoreSystemMain,0.500,1,-0.0941,0.5089,0.1722,317.21,324.00,32.49,0.0868,0.5812,0.2608,279.30,26.58,327.86,0.0280,0.9096,0.1487,4.01,358.33,0.27,0.0330,0.5165,1.0833,0.00,0.02,0.00,0.0280,0.9096,0.1487,-0.0290,-0.0699,0.9971,18.89,0
22.9169,CoreSystemMain,0.500,1,-0.0941,0.5089,0.1722,317.27,323.96,32.55,0.0873,0.5802,0.2603,279.98,26.85,327.62,0.0278,0.9094,0.1487,4.08,358.30,0.28,0.0328,0.5180,1.0824,0.00,0.02,0.00,0.0278,0.9094,0.1487,-0.0297,-0.0711,0.9970,18.77,0
22.9281,CoreSystemMain,0.500,1,-0.0942,0.5090,0.1721,317.25,323.93,32.61,0.0878,0.5796,0.2597,280.49,27.42,326.94,0.0276,0.9093,0.1488,4.15,358.25,0.29,0.0329,0.5189,1.0819,0.00,0.02,0.00,0.0276,0.9093,0.1488,-0.0304,-0.0723,0.9969,18.67,0
22.9394,CoreSystemMain,0.500,1,-0.0943,0.5091,0.1720,317.17,323.92,32.62,0.0882,0.5794,0.2592,280.57,27.40,326.98,0.0274,0.9092,0.1488,4.22,358.22,0.31,0.0331,0.5196,1.0816,0.00,0.02,0.00,0.0274,0.9092,0.1488,-0.0310,-0.0736,0.9968,18.56,0
22.9504,CoreSystemMain,0.500,1,-0.0945,0.5093,0.1719,317.08,323.96,32.57,0.0885,0.5791,0.2587,280.46,26.70,327.74,0.0271,0.9090,0.1489,4.31,358.16,0.32,0.0333,0.5202,1.0813,0.00,0.02,0.00,0.0271,0.9090,0.1489,-0.0320,-0.0751,0.9967,18.45,0
22.9615,CoreSystemMain,0.500,1,-0.0946,0.5094,0.1718,317.01,323.93,32.53,0.0888,0.5790,0.2582,280.25,25.98,328.54,0.0269,0.9088,0.1490,4.36,358.11,0.35,0.0335,0.5208,1.0810,0.00,0.02,0.00,0.0269,0.9088,0.1490,-0.0329,-0.0760,0.9966,18.38,0
22.9726,CoreSystemMain,0.500,1,-0.0948,0.5097,0.1716,316.89,323.90,32.51,0.0892,0.5783,0.2574,279.71,24.57,330.14,0.0266,0.9087,0.1490,4.38,358.07,0.37,0.0336,0.5213,1.0807,0.00,0.02,0.00,0.0266,0.9087,0.1490,-0.0337,-0.0764,0.9965,18.34,0
22.9839,CoreSystemMain,0.500,1,-0.0951,0.5098,0.1715,316.83,323.84,32.51,0.0893,0.5780,0.2566,279.27,23.89,330.94,0.0263,0.9086,0.1492,4.41,358.00,0.40,0.0336,0.5218,1.0803,0.00,0.02,0.00,0.0263,0.9086,0.1492,-0.0347,-0.0768,0.9964,18.30,0
22.9946,CoreSystemMain,0.500,1,-0.0952,0.5099,0.1713,316.79,323.79,32.53,0.0895,0.5779,0.2562,279.02,23.38,331.51,0.0262,0.9086,0.1492,4.42,357.97,0.42,0.0337,0.5225,1.0797,0.00,0.02,0.00,0.0262,0.9086,0.1492,-0.0354,-0.0770,0.9964,18.28,0
23.0060,CoreSystemMain,0.500,1,-0.0955,0.5100,0.1712,316.76,323.70,32.61,0.0898,0.5771,0.2555,278.53,21.87,333.31,0.0260,0.9085,0.1494,4.41,357.92,0.45,0.0337,0.5231,1.0791,0.00,0.02,0.00,0.0260,0.9085,0.1494,-0.0362,-0.0768,0.9964,18.27,0
23.0170,CoreSystemMain,0.500,1,-0.0957,0.5099,0.1711,316.83,323.59,32.65,0.0900,0.5761,0.2550,278.31,19.98,335.49,0.0258,0.9085,0.1495,4.40,357.87,0.48,0.0337,0.5241,1.0781,0.00,0.02,0.00,0.0258,0.9085,0.1495,-0.0371,-0.0767,0.9964,18.27,0
23.0281,CoreSystemMain,0.500,1,-0.0959,0.5099,0.1710,316.85,323.54,32.65,0.0902,0.5760,0.2547,278.20,19.50,336.06,0.0256,0.9084,0.1496,4.39,357.84,0.53,0.0337,0.5249,1.0771,0.00,0.02,0.00,0.0256,0.9084,0.1496,-0.0375,-0.0766,0.9964,18.25,0
23.0392,CoreSystemMain,0.500,1,-0.0960,0.5095,0.1710,316.98,323.39,32.70,0.0905,0.5750,0.2545,278.64,20.15,335.40,0.0255,0.9084,0.1496,4.41,357.81,0.55,0.0338,0.5258,1.0760,0.00,0.02,0.00,0.0255,0.9084,0.1496,-0.0380,-0.0769,0.9963,18.22,0
23.0504,CoreSystemMain,0.500,1,-0.0964,0.5092,0.1709,317.02,323.34,32.73,0.0906,0.5747,0.2544,278.72,19.96,335.61,0.0253,0.9083,0.1497,4.41,357.81,0.59,0.0339,0.5262,1.0752,0.00,0.02,0.00,0.0253,0.9083,0.1497,-0.0381,-0.0769,0.9963,18.21,0
23.0615,CoreSystemMain,0.500,1,-0.0965,0.5088,0.1710,317.14,323.30,32.74,0.0908,0.5740,0.2544,279.35,20.34,335.10,0.0253,0.9083,0.1498,4.44,357.81,0.62,0.0341,0.5266,1.0745,0.00,0.02,0.00,0.0253,0.9083,0.1498,-0.0381,-0.0775,0.9963,18.18,0
23.0726,CoreSystemMain,0.500,1,-0.0965,0.5084,0.1711,317.18,323.29,32.74,0.0911,0.5736,0.2544,279.81,20.77,334.60,0.0253,0.9082,0.1499,4.47,357.82,0.64,0.0342,0.5267,1.0741,0.00,0.02,0.00,0.0253,0.9082,0.1499,-0.0379,-0.0779,0.9962,18.16,0
23.0836,CoreSystemMain,0.500,1,-0.0963,0.5078,0.1713,317.33,323.52,32.53,0.0914,0.5730,0.2546,280.35,21.65,333.79,0.0252,0.9082,0.1499,4.50,357.86,0.66,0.0343,0.5267,1.0738,0.00,0.02,0.00,0.0252,0.9082,0.1499,-0.0373,-0.0785,0.9962,18.12,0
23.0948,CoreSystemMain,0.500,1,-0.0963,0.5074,0.1714,317.38,323.58,32.48,0.0916,0.5726,0.2546,280.39,21.78,333.82,0.0252,0.9081,0.1499,4.51,357.89,0.67,0.0344,0.5266,1.0736,0.00,0.02,0.00,0.0252,0.9081,0.1499,-0.0367,-0.0787,0.9962,18.11,0
23.1058,CoreSystemMain,0.500,1,-0.0961,0.5070,0.1716,317.49,323.77,32.36,0.0917,0.5722,0.2549,280.08,21.19,334.57,0.0253,0.9081,0.1500,4.53,357.94,0.68,0.0346,0.5267,1.0735,0.00,0.02,0.00,0.0253,0.9081,0.1500,-0.0359,-0.0791,0.9962,18.09,0
23.1169,CoreSystemMain,0.500,1,-0.0956,0.5068,0.1717,317.61,323.91,32.37,0.0917,0.5719,0.2550,279.69,19.97,336.22,0.0253,0.9080,0.1500,4.53,357.98,0.68,0.0349,0.5267,1.0735,0.00,0.02,0.00,0.0253,0.9080,0.1500,-0.0351,-0.0791,0.9963,18.08,0
23.1282,CoreSystemMain,0.500,1,-0.0956,0.5066,0.1718,317.68,323.94,32.35,0.0918,0.5716,0.2550,279.65,19.86,336.41,0.0253,0.9080,0.1501,4.56,358.03,0.71,0.0353,0.5268,1.0734,0.00,0.02,0.00,0.0253,0.9080,0.1501,-0.0342,-0.0795,0.9962,18.05,0
23.1392,CoreSystemMain,0.500,1,-0.0952,0.5063,0.1719,317.70,323.95,32.49,0.0918,0.5713,0.2555,279.52,19.94,336.42,0.0254,0.9080,0.1501,4.53,358.08,0.70,0.0357,0.5269,1.0733,0.00,0.02,0.00,0.0254,0.9080,0.1501,-0.0334,-0.0791,0.9963,18.07,0
23.1502,CoreSystemMain,0.500,1,-0.0948,0.5062,0.1719,317.67,324.08,32.41,0.0918,0.5709,0.2558,279.58,19.83,336.52,0.0255,0.9079,0.1502,4.54,358.11,0.70,0.0362,0.5270,1.0732,0.00,0.02,0.00,0.0255,0.9079,0.1502,-0.0328,-0.0792,0.9963,18.05,0
23.1615,CoreSystemMain,0.500,1,-0.0945,0.5062,0.1720,317.66,324.17,32.35,0.0920,0.5705,0.2560,279.84,19.40,336.77,0.0255,0.9079,0.1502,4.54,358.15,0.71,0.0367,0.5271,1.0731,0.00,0.02,0.00,0.0255,0.9079,0.1502,-0.0321,-0.0791,0.9963,18.05,0
23.1724,CoreSystemMain,0.500,1,-0.0942,0.5063,0.1720,317.64,324.32,32.29,0.0924,0.5702,0.2563,280.38,19.04,336.61,0.0256,0.9079,0.1503,4.55,358.19,0.71,0.0370,0.5271,1.0730,0.00,0.02,0.00,0.0256,0.9079,0.1503,-0.0316,-0.0793,0.9963,18.04,0
23.1838,CoreSystemMain,0.500,1,-0.0939,0.5064,0.1719,317.58,324.39,32.32,0.0927,0.5699,0.2563,280.78,19.51,335.89,0.0256,0.9079,0.1503,4.56,358.22,0.70,0.0370,0.5271,1.0731,0.00,0.02,0.00,0.0256,0.9079,0.1503,-0.0310,-0.0795,0.9964,18.03,0
23.1948,CoreSystemMain,0.500,0,-0.0937,0.5066,0.1720,317.54,324.40,32.37,0.0928,0.5697,0.2565,281.14,20.18,335.29,0.0256,0.9079,0.1504,4.57,358.25,0.70,0.0371,0.5269,1.0732,0.00,0.02,0.00,0.0256,0.9079,0.1504,-0.0305,-0.0797,0.9964,18.02,0
23.2061,CoreSystemMain,0.500,0,-0.0934,0.5069,0.1719,317.54,324.42,32.43,0.0935,0.5695,0.2566,281.39,20.37,334.91,0.0256,0.9078,0.1504,4.57,358.25,0.70,0.0371,0.5269,1.0732,0.00,0.02,0.00,0.0256,0.9078,0.1504,-0.0304,-0.0798,0.9964,18.01,0
23.2170,CoreSystemMain,0.500,0,-0.0932,0.5071,0.1720,317.52,324.42,32.48,0.0939,0.5692,0.2567,281.47,21.08,334.10,0.0256,0.9078,0.1505,4.59,358.26,0.70,0.0376,0.5245,1.0722,0.00,0.02,0.00,0.0256,0.9078,0.1505,-0.0303,-0.0801,0.9963,18.15,0
23.2280,CoreSystemMain,0.500,0,-0.0931,0.5075,0.1719,317.43,324.29,32.64,0.0944,0.5691,0.2567,281.21,23.27,331.89,0.0256,0.9078,0.1506,4.60,358.24,0.69,0.0376,0.5245,1.0722,0.00,0.02,0.00,0.0256,0.9078,0.1506,-0.0306,-0.0801,0.9963,18.14,0
23.2393,CoreSystemMain,0.500,0,-0.0930,0.5077,0.1719,317.40,324.23,32.73,0.0949,0.5688,0.2567,281.13,24.40,330.76,0.0256,0.9077,0.1506,4.57,358.24,0.71,0.0380,0.5182,1.0712,0.00,0.02,0.00,0.0256,0.9077,0.1506,-0.0306,-0.0797,0.9963,18.52,0
23.2503,CoreSystemMain,0.500,0,-0.0929,0.5082,0.1718,317.33,324.04,32.88,0.0956,0.5685,0.2567,280.76,25.15,330.42,0.0255,0.9077,0.1507,4.61,358.21,0.69,0.0385,0.5080,1.0702,0.00,0.02,0.00,0.0255,0.9077,0.1507,-0.0311,-0.0804,0.9963,19.05,0
23.2617,CoreSystemMain,0.500,0,-0.0929,0.5085,0.1718,317.30,323.93,32.99,0.0961,0.5681,0.2566,280.44,24.48,331.60,0.0255,0.9077,0.1508,4.62,358.19,0.69,0.0385,0.5080,1.0702,0.00,0.02,0.00,0.0255,0.9077,0.1508,-0.0315,-0.0806,0.9962,19.04,0
23.2726,CoreSystemMain,0.500,0,-0.0928,0.5088,0.1718,317.29,323.83,33.11,0.0967,0.5678,0.2565,280.24,23.94,332.49,0.0254,0.9077,0.1509,4.63,358.17,0.67,0.0390,0.4938,1.0692,0.00,0.02,0.00,0.0254,0.9077,0.1509,-0.0318,-0.0808,0.9962,19.79,0
23.2836,CoreSystemMain,0.500,0,-0.0930,0.5095,0.1718,317.22,323.55,33.38,0.0975,0.5671,0.2559,279.94,21.37,335.66,0.0253,0.9076,0.1509,4.65,358.15,0.66,0.0390,0.4938,1.0692,0.00,0.02,0.00,0.0253,0.9076,0.1509,-0.0322,-0.0810,0.9962,19.78,0
23.2951,CoreSystemMain,0.500,0,-0.0930,0.5099,0.1718,317.17,323.46,33.50,0.0980,0.5667,0.2558,279.87,20.80,336.44,0.0252,0.9076,0.1510,4.67,358.13,0.65,0.0395,0.4757,1.0682,0.00,0.02,0.00,0.0252,0.9076,0.1510,-0.0325,-0.0814,0.9962,20.71,0
23.3059,CoreSystemMain,0.500,0,-0.0932,0.5104,0.1718,317.02,323.41,33.56,0.0989,0.5659,0.2551,279.80,20.49,337.01,0.0251,0.9076,0.1511,4.69,358.08,0.66,0.0395,0.4757,1.0682,0.00,0.02,0.00,0.0251,0.9076,0.1511,-0.0333,-0.0818,0.9961,20.70,0
23.3171,CoreSystemMain,0.500,0,-0.0934,0.5107,0.1719,316.91,323.37,33.54,0.0997,0.5653,0.2547,279.78,20.77,336.87,0.0250,0.9076,0.1511,4.71,358.04,0.68,0.0400,0.4537,1.0672,0.00,0.02,0.00,0.0250,0.9076,0.1511,-0.0340,-0.0822,0.9960,21.82,0
23.3282,CoreSystemMain,0.500,0,-0.0936,0.5110,0.1720,316.79,323.33,33.48,0.1005,0.5645,0.2540,279.94,21.55,336.06,0.0249,0.9076,0.1512,4.73,358.00,0.69,0.0404,0.4278,1.0661,0.00,0.02,0.00,0.0249,0.9076,0.1512,-0.0348,-0.0824,0.9960,23.12,0
23.3392,CoreSystemMain,0.500,0,-0.0940,0.5112,0.1720,316.67,323.14,33.30,0.1016,0.5629,0.2528,280.22,22.11,335.44,0.0247,0.9076,0.1513,4.73,357.96,0.71,0.0404,0.4278,1.0661,0.00,0.02,0.00,0.0247,0.9076,0.1513,-0.0354,-0.0825,0.9960,23.12,0
23.3504,CoreSystemMain,0.500,0,-0.0942,0.5113,0.1721,316.67,322.99,33.39,0.1023,0.5619,0.2522,280.35,21.81,335.79,0.0246,0.9075,0.1513,4.74,357.92,0.73,0.0409,0.3979,1.0651,0.00,0.02,0.00,0.0246,0.9075,0.1513,-0.0361,-0.0826,0.9959,24.58,0
23.3616,CoreSystemMain,0.500,0,-0.0946,0.5113,0.1721,316.73,322.84,33.65,0.1032,0.5595,0.2510,280.82,20.92,336.74,0.0245,0.9075,0.1514,4.76,357.88,0.75,0.0409,0.3979,1.0651,0.00,0.02,0.00,0.0245,0.9075,0.1514,-0.0369,-0.0830,0.9959,24.57,0
23.3726,CoreSystemMain,0.500,0,-0.0948,0.5113,0.1722,316.83,322.82,33.75,0.1038,0.5574,0.2501,281.20,20.03,337.74,0.0243,0.9075,0.1514,4.77,357.84,0.77,0.0414,0.3641,1.0641,0.00,0.02,0.00,0.0243,0.9075,0.1514,-0.0375,-0.0832,0.9958,26.17,0
23.3836,CoreSystemMain,0.500,0,-0.0952,0.5111,0.1723,316.89,322.86,33.70,0.1043,0.5552,0.2492,281.59,19.27,338.59,0.0242,0.9074,0.1515,4.77,357.79,0.79,0.0414,0.3641,1.0641,0.00,0.02,0.00,0.0242,0.9074,0.1515,-0.0384,-0.0832,0.9958,26.17,0
23.3948,CoreSystemMain,0.500,0,-0.0955,0.5109,0.1724,317.00,322.90,33.57,0.1046,0.5518,0.2480,282.29,18.31,339.57,0.0241,0.9074,0.1515,4.79,357.76,0.81,0.0419,0.3264,1.0631,0.00,0.02,0.00,0.0241,0.9074,0.1515,-0.0390,-0.0834,0.9957,27.90,0
23.4148,CoreSystemMain,0.500,0,-0.0958,0.5103,0.1725,316.97,322.83,33.41,0.1047,0.5447,0.2454,284.19,15.33,342.33,0.0239,0.9073,0.1515,4.81,357.70,0.83,0.0423,0.2848,1.0621,0.00,0.02,0.00,0.0239,0.9073,0.1515,-0.0400,-0.0838,0.9957,29.72,0
23.4187,CoreSystemMain,0.500,0,-0.0959,0.5099,0.1724,316.96,322.83,33.34,0.1044,0.5419,0.2446,285.04,14.56,343.08,0.0239,0.9073,0.1515,4.81,357.70,0.83,0.0423,0.2848,1.0621,0.00,0.02,0.00,0.0239,0.9073,0.1515,-0.0399,-0.0838,0.9957,29.72,0
23.4283,CoreSystemMain,0.500,0,-0.0960,0.5097,0.1724,316.97,322.81,33.30,0.1043,0.5382,0.2434,286.08,13.52,344.00,0.0239,0.9073,0.1515,4.81,357.70,0.83,0.0428,0.2392,1.0611,0.00,0.02,0.00,0.0239,0.9073,0.1515,-0.0399,-0.0839,0.9957,31.64,0
23.4392,CoreSystemMain,0.500,0,-0.0961,0.5094,0.1725,317.00,322.79,33.23,0.1043,0.5348,0.2423,287.03,12.56,344.70,0.0239,0.9073,0.1514,4.83,357.72,0.82,0.0428,0.2392,1.0611,0.00,0.02,0.00,0.0239,0.9073,0.1514,-0.0397,-0.0842,0.9957,31.62,0
23.4570,CoreSystemMain,0.500,0,-0.0960,0.5088,0.1725,317.10,322.82,33.14,0.1041,0.5271,0.2401,289.19,9.98,346.52,0.0239,0.9073,0.1513,4.80,357.77,0.81,0.0433,0.1897,1.0601,0.00,0.02,0.00,0.0239,0.9073,0.1513,-0.0387,-0.0836,0.9957,33.64,0
23.4615,CoreSystemMain,0.500,0,-0.0960,0.5085,0.1724,317.17,322.91,33.06,0.1038,0.5241,0.2394,290.13,8.60,347.47,0.0239,0.9073,0.1513,4.76,357.79,0.81,0.0433,0.1897,1.0601,0.00,0.02,0.00,0.0239,0.9073,0.1513,-0.0384,-0.0829,0.9958,33.68,0
23.4726,CoreSystemMain,0.500,0,-0.0960,0.5080,0.1724,317.34,323.04,33.00,0.1035,0.5176,0.2377,292.13,6.48,348.93,0.0240,0.9074,0.1513,4.70,357.89,0.84,0.0438,0.1363,1.0591,0.00,0.02,0.00,0.0240,0.9074,0.1513,-0.0366,-0.0819,0.9960,35.77,0
23.4837,CoreSystemMain,0.500,0,-0.0959,0.5076,0.1723,317.42,323.07,32.96,0.1035,0.5120,0.2364,293.86,5.26,349.76,0.0241,0.9075,0.1512,4.64,357.99,0.85,0.0438,0.1363,1.0591,0.00,0.02,0.00,0.0241,0.9075,0.1512,-0.0350,-0.0808,0.9961,35.82,0
23.4949,CoreSystemMain,0.500,0,-0.0958,0.5071,0.1722,317.56,323.13,32.97,0.1035,0.5051,0.2351,296.07,4.40,350.60,0.0244,0.9076,0.1512,4.58,358.13,0.92,0.0442,0.0790,1.0580,0.00,0.02,0.00,0.0244,0.9076,0.1512,-0.0326,-0.0799,0.9963,37.93,0
23.5058,CoreSystemMain,0.500,0,-0.0956,0.5067,0.1721,317.66,323.24,32.92,0.1038,0.4979,0.2337,298.45,3.87,351.43,0.0246,0.9076,0.1511,4.54,358.30,1.01,0.0442,0.0790,1.0580,0.00,0.02,0.00,0.0246,0.9076,0.1511,-0.0296,-0.0791,0.9964,37.96,0
23.5170,CoreSystemMain,0.500,0,-0.0953,0.5065,0.1718,317.70,323.37,32.86,0.1043,0.4905,0.2321,301.54,3.55,352.71,0.0248,0.9076,0.1509,4.52,358.45,1.11,0.0444,0.0758,1.0578,359.82,0.02,359.90,0.0248,0.9076,0.1509,-0.0269,-0.0788,0.9965,38.08,0
23.5282,CoreSystemMain,0.500,0,-0.0950,0.5062,0.1717,317.75,323.46,32.78,0.1048,0.4837,0.2306,304.18,3.26,353.65,0.0252,0.9076,0.1507,4.53,358.71,1.25,0.0443,0.0751,1.0579,359.89,0.02,359.95,0.0252,0.9076,0.1507,-0.0225,-0.0789,0.9966,38.07,0
23.5391,CoreSystemMain,0.500,0,-0.0947,0.5063,0.1714,317.82,323.61,32.76,0.1054,0.4773,0.2288,306.93,3.02,354.83,0.0254,0.9076,0.1506,4.54,358.81,1.25,0.0443,0.0751,1.0579,359.89,0.02,359.95,0.0254,0.9076,0.1506,-0.0207,-0.0791,0.9967,38.05,0
23.5503,CoreSystemMain,0.500,0,-0.0943,0.5063,0.1712,317.99,323.67,32.88,0.1060,0.4697,0.2266,309.91,2.22,355.86,0.0255,0.9077,0.1504,4.52,358.94,1.24,0.0443,0.0750,1.0580,359.97,0.02,359.99,0.0255,0.9077,0.1504,-0.0184,-0.0788,0.9967,38.06,0
23.5615,CoreSystemMain,0.500,0,-0.0939,0.5067,0.1709,318.42,323.56,33.54,0.1066,0.4625,0.2233,311.80,1.07,356.40,0.0256,0.9077,0.1503,4.49,359.04,1.22,0.0443,0.0750,1.0580,359.97,0.02,359.99,0.0256,0.9077,0.1503,-0.0167,-0.0783,0.9968,38.08,0
23.5725,CoreSystemMain,0.500,0,-0.0938,0.5068,0.1708,318.70,323.50,33.93,0.1070,0.4569,0.2212,313.19,0.31,356.71,0.0257,0.9078,0.1503,4.44,359.11,1.19,0.0442,0.0750,1.0581,0.01,0.01,0.01,0.0257,0.9078,0.1503,-0.0155,-0.0774,0.9969,38.13,0
23.5840,CoreSystemMain,0.500,0,-0.0935,0.5072,0.1705,319.05,323.34,34.59,0.1073,0.4511,0.2179,313.80,359.25,357.00,0.0256,0.9079,0.1502,4.37,359.14,1.19,0.0442,0.0750,1.0581,0.01,0.01,0.01,0.0256,0.9079,0.1502,-0.0149,-0.0763,0.9970,38.20,0
23.5948,CoreSystemMain,0.500,0,-0.0933,0.5076,0.1703,319.08,323.17,34.81,0.1076,0.4460,0.2144,313.38,358.34,357.23,0.0256,0.9079,0.1502,4.32,359.13,1.17,0.0442,0.0750,1.0581,0.02,0.01,0.01,0.0256,0.9079,0.1502,-0.0151,-0.0754,0.9970,38.25,0
23.6058,CoreSystemMain,0.500,0,-0.0931,0.5078,0.1702,319.04,323.17,34.78,0.1080,0.4405,0.2116,313.94,358.08,357.37,0.0256,0.9079,0.1501,4.28,359.10,1.14,0.0442,0.0750,1.0581,0.02,0.01,0.01,0.0256,0.9079,0.1501,-0.0156,-0.0746,0.9971,38.29,0
23.6173,CoreSystemMain,0.500,0,-0.0930,0.5081,0.1701,318.59,323.26,34.40,0.1088,0.4361,0.2086,314.39,359.07,357.12,0.0255,0.9079,0.1501,4.27,359.06,1.12,0.0442,0.0750,1.0581,0.01,0.02,0.00,0.0255,0.9079,0.1501,-0.0164,-0.0745,0.9971,38.30,0
23.6285,CoreSystemMain,0.500,0,-0.0929,0.5084,0.1700,318.22,323.40,34.06,0.1095,0.4316,0.2063,315.84,359.36,357.38,0.0254,0.9079,0.1500,4.27,358.98,1.12,0.0442,0.0750,1.0580,0.00,0.02,0.00,0.0254,0.9079,0.1500,-0.0177,-0.0745,0.9971,38.30,0
23.6397,CoreSystemMain,0.500,0,-0.0928,0.5086,0.1700,317.93,323.49,33.78,0.1100,0.4275,0.2040,317.43,359.50,358.07,0.0254,0.9079,0.1500,4.27,358.92,1.11,0.0442,0.0750,1.0580,0.00,0.02,0.00,0.0254,0.9079,0.1500,-0.0188,-0.0744,0.9970,38.31,0
23.6507,CoreSystemMain,0.500,0,-0.0926,0.5089,0.1701,317.59,323.64,33.45,0.1104,0.4240,0.2016,318.98,359.27,358.86,0.0253,0.9079,0.1498,4.30,358.82,1.11,0.0442,0.0750,1.0580,0.00,0.02,0.00,0.0253,0.9079,0.1498,-0.0205,-0.0750,0.9970,38.27,0
23.6620,CoreSystemMain,0.500,0,-0.0927,0.5091,0.1703,317.69,323.53,33.54,0.1106,0.4216,0.1993,320.00,358.46,358.54,0.0252,0.9078,0.1497,4.33,358.75,1.11,0.0442,0.0750,1.0580,0.00,0.02,0.00,0.0252,0.9078,0.1497,-0.0217,-0.0754,0.9969,38.25,0
23.6728,CoreSystemMain,0.500,0,-0.0927,0.5093,0.1705,317.87,323.39,33.79,0.1107,0.4188,0.1973,320.80,358.09,357.92,0.0252,0.9078,0.1496,4.34,358.69,1.10,0.0442,0.0750,1.0580,0.00,0.02,0.00,0.0252,0.9078,0.1496,-0.0227,-0.0758,0.9969,38.23,0
23.6839,CoreSystemMain,0.500,0,-0.0928,0.5095,0.1706,318.07,323.22,34.12,0.1110,0.4166,0.1955,321.39,358.12,356.66,0.0252,0.9078,0.1494,4.36,358.63,1.08,0.0442,0.0750,1.0580,0.00,0.02,0.00,0.0252,0.9078,0.1494,-0.0239,-0.0761,0.9968,38.20,0
23.6950,CoreSystemMain,0.500,0,-0.0928,0.5096,0.1707,318.18,323.09,34.41,0.1114,0.4146,0.1939,322.37,358.65,355.39,0.0252,0.9078,0.1493,4.38,358.61,1.08,0.0442,0.0750,1.0580,0.00,0.02,0.00,0.0252,0.9078,0.1493,-0.0241,-0.0764,0.9968,38.18,0
23.7062,CoreSystemMain,0.500,0,-0.0929,0.5098,0.1709,318.21,323.03,34.54,0.1119,0.4135,0.1928,323.75,359.87,354.03,0.0253,0.9078,0.1492,4.40,358.61,1.08,0.0442,0.0750,1.0580,0.00,0.02,0.00,0.0253,0.9078,0.1492,-0.0242,-0.0767,0.9968,38.16,0
23.7174,CoreSystemMain,0.500,0,-0.0928,0.5099,0.1711,318.15,323.06,34.50,0.1127,0.4119,0.1918,325.29,1.15,352.85,0.0254,0.9078,0.1490,4.40,358.62,1.07,0.0442,0.0750,1.0580,0.00,0.02,0.00,0.0254,0.9078,0.1490,-0.0241,-0.0767,0.9968,38.16,0
23.7283,CoreSystemMain,0.500,0,-0.0927,0.5101,0.1713,317.83,323.24,34.08,0.1136,0.4116,0.1914,326.75,2.97,351.62,0.0255,0.9078,0.1489,4.38,358.64,1.06,0.0442,0.0750,1.0580,0.00,0.02,0.00,0.0255,0.9078,0.1489,-0.0236,-0.0764,0.9968,38.17,0
23.7395,CoreSystemMain,0.500,0,-0.0928,0.5103,0.1714,317.63,323.43,33.81,0.1142,0.4112,0.1907,327.10,3.78,351.54,0.0256,0.9079,0.1487,4.38,358.66,1.03,0.0442,0.0750,1.0580,0.00,0.02,0.00,0.0256,0.9079,0.1487,-0.0233,-0.0763,0.9968,38.17,0
23.7506,CoreSystemMain,0.500,0,-0.0929,0.5106,0.1714,317.46,323.55,33.62,0.1144,0.4108,0.1900,326.55,3.73,352.34,0.0257,0.9080,0.1486,4.35,358.68,1.01,0.0442,0.0750,1.0580,0.00,0.02,0.00,0.0257,0.9080,0.1486,-0.0231,-0.0758,0.9969,38.20,0
23.7617,CoreSystemMain,0.500,0,-0.0930,0.5108,0.1715,317.38,323.55,33.63,0.1145,0.4103,0.1894,325.80,3.19,353.37,0.0258,0.9082,0.1485,4.33,358.69,0.99,0.0442,0.0750,1.0580,0.00,0.02,0.00,0.0258,0.9082,0.1485,-0.0229,-0.0754,0.9969,38.22,0
23.7733,CoreSystemMain,0.500,0,-0.0931,0.5111,0.1715,317.34,323.45,33.76,0.1144,0.4103,0.1890,324.35,1.96,355.08,0.0259,0.9083,0.1483,4.28,358.70,0.99,0.0442,0.0750,1.0580,0.00,0.02,0.00,0.0259,0.9083,0.1483,-0.0226,-0.0746,0.9970,38.27,0
23.7841,CoreSystemMain,0.500,0,-0.0933,0.5114,0.1714,317.35,323.27,33.97,0.1142,0.4104,0.1890,322.91,0.58,357.11,0.0260,0.9084,0.1482,4.24,358.71,0.98,0.0442,0.0750,1.0580,0.00,0.02,0.00,0.0260,0.9084,0.1482,-0.0224,-0.0739,0.9970,38.31,0
23.7951,CoreSystemMain,0.500,0,-0.0934,0.5117,0.1714,317.32,323.16,34.05,0.1141,0.4103,0.1888,322.29,359.79,358.43,0.0261,0.9085,0.1481,4.18,358.71,0.98,0.0442,0.0750,1.0580,0.00,0.02,0.00,0.0261,0.9085,0.1481,-0.0224,-0.0728,0.9971,38.37,0
23.8062,CoreSystemMain,0.500,0,-0.0937,0.5119,0.1714,317.33,322.95,34.16,0.1137,0.4113,0.1893,321.84,359.31,359.18,0.0262,0.9086,0.1479,4.13,358.71,0.98,0.0442,0.0750,1.0580,0.00,0.02,0.00,0.0262,0.9086,0.1479,-0.0224,-0.0720,0.9972,38.42,0
23.8173,CoreSystemMain,0.500,0,-0.0939,0.5120,0.1713,317.31,322.88,34.16,0.1134,0.4122,0.1898,321.95,359.68,358.67,0.0262,0.9088,0.1478,4.07,358.70,0.97,0.0442,0.0750,1.0580,0.00,0.02,0.00,0.0262,0.9088,0.1478,-0.0227,-0.0710,0.9972,38.47,0
23.8284,CoreSystemMain,0.500,0,-0.0940,0.5122,0.1713,317.30,322.81,34.14,0.1131,0.4128,0.1901,322.36,0.25,357.72,0.0263,0.9089,0.1477,4.03,358.67,0.97,0.0442,0.0750,1.0580,0.00,0.02,0.00,0.0263,0.9089,0.1477,-0.0231,-0.0703,0.9973,38.52,0
23.8395,CoreSystemMain,0.500,0,-0.0942,0.5123,0.1713,317.29,322.78,34.12,0.1129,0.4143,0.1911,323.26,1.28,355.36,0.0264,0.9090,0.1476,3.99,358.66,0.96,0.0442,0.0750,1.0580,0.00,0.02,0.00,0.0264,0.9090,0.1476,-0.0233,-0.0696,0.9973,38.55,0
23.8505,CoreSystemMain,0.500,0,-0.0943,0.5121,0.1712,317.27,322.73,34.15,0.1128,0.4152,0.1916,323.86,1.90,353.70,0.0265,0.9091,0.1475,3.97,358.63,0.95,0.0442,0.0750,1.0580,0.00,0.02,0.00,0.0265,0.9091,0.1475,-0.0239,-0.0692,0.9973,38.58,0
23.8617,CoreSystemMain,0.500,0,-0.0944,0.5122,0.1713,317.25,322.69,34.18,0.1121,0.4161,0.1927,324.29,2.41,352.46,0.0266,0.9092,0.1474,3.94,358.62,0.95,0.0442,0.0750,1.0580,0.00,0.02,0.00,0.0266,0.9092,0.1474,-0.0241,-0.0687,0.9973,38.61,0
23.8728,CoreSystemMain,0.500,0,-0.0943,0.5120,0.1713,317.30,322.70,34.13,0.1110,0.4178,0.1949,324.25,2.71,352.65,0.0267,0.9092,0.1472,3.95,358.59,0.94,0.0442,0.0750,1.0580,0.00,0.02,0.00,0.0267,0.9092,0.1472,-0.0245,-0.0688,0.9973,38.60,0
23.8838,CoreSystemMain,0.500,0,-0.0942,0.5119,0.1713,317.38,322.74,34.11,0.1102,0.4191,0.1970,323.67,2.54,353.13,0.0268,0.9092,0.1471,3.94,358.58,0.93,0.0442,0.0750,1.0580,0.00,0.02,0.00,0.0268,0.9092,0.1471,-0.0247,-0.0687,0.9973,38.60,0
23.8952,CoreSystemMain,0.500,0,-0.0941,0.5118,0.1714,317.48,322.78,34.11,0.1095,0.4201,0.1987,323.11,2.12,353.96,0.0270,0.9093,0.1470,3.95,358.60,0.90,0.0442,0.0750,1.0580,0.00,0.02,0.00,0.0270,0.9093,0.1470,-0.0244,-0.0688,0.9973,38.59,0
23.9061,CoreSystemMain,0.500,0,-0.0938,0.5116,0.1714,317.65,322.88,34.13,0.1086,0.4217,0.2010,322.24,1.39,355.83,0.0272,0.9093,0.1468,3.97,358.61,0.88,0.0442,0.0750,1.0580,0.00,0.02,0.00,0.0272,0.9093,0.1468,-0.0242,-0.0693,0.9973,38.56,0
23.9173,CoreSystemMain,0.500,0,-0.0936,0.5116,0.1714,317.75,322.91,34.20,0.1079,0.4234,0.2032,321.72,1.08,356.61,0.0273,0.9093,0.1466,3.99,358.64,0.84,0.0442,0.0750,1.0580,0.00,0.02,0.00,0.0273,0.9093,0.1466,-0.0237,-0.0695,0.9973,38.54,0
23.9286,CoreSystemMain,0.500,0,-0.0932,0.5115,0.1714,317.81,323.02,34.23,0.1068,0.4262,0.2060,321.57,1.63,355.66,0.0275,0.9094,0.1465,4.01,358.67,0.80,0.0442,0.0750,1.0580,0.00,0.02,0.00,0.0275,0.9094,0.1465,-0.0231,-0.0700,0.9973,38.51,0
23.9395,CoreSystemMain,0.500,0,-0.0930,0.5115,0.1714,317.84,323.07,34.21,0.1062,0.4276,0.2075,321.60,1.90,355.16,0.0277,0.9094,0.1464,4.01,358.74,0.74,0.0442,0.0750,1.0580,0.00,0.02,0.00,0.0277,0.9094,0.1464,-0.0220,-0.0700,0.9973,38.50,0
23.9506,CoreSystemMain,0.500,0,-0.0926,0.5116,0.1713,317.78,323.23,34.16,0.1055,0.4307,0.2099,322.07,2.78,352.76,0.0280,0.9095,0.1462,4.03,358.77,0.69,0.0442,0.0750,1.0580,0.00,0.02,0.00,0.0280,0.9095,0.1462,-0.0214,-0.0702,0.9973,38.48,0
23.9618,CoreSystemMain,0.500,0,-0.0923,0.5118,0.1713,317.67,323.44,34.08,0.1046,0.4331,0.2121,322.22,3.30,351.15,0.0282,0.9096,0.1460,4.01,358.81,0.63,0.0442,0.0750,1.0580,0.00,0.02,0.00,0.0282,0.9096,0.1460,-0.0207,-0.0699,0.9973,38.50,0
23.9730,CoreSystemMain,0.500,0,-0.0920,0.5120,0.1712,317.57,323.63,33.95,0.1032,0.4362,0.2149,322.08,3.78,350.12,0.0285,0.9097,0.1459,3.96,358.86,0.59,0.0442,0.0750,1.0580,0.00,0.02,0.00,0.0285,0.9097,0.1459,-0.0199,-0.0690,0.9974,38.55,0
23.9840,CoreSystemMain,0.500,0,-0.0918,0.5122,0.1711,317.48,323.76,33.87,0.1019,0.4389,0.2175,321.63,3.90,349.93,0.0286,0.9099,0.1458,3.89,358.89,0.56,0.0442,0.0750,1.0580,0.00,0.02,0.00,0.0286,0.9099,0.1458,-0.0193,-0.0679,0.9975,38.61,0
23.9952,CoreSystemMain,0.500,0,-0.0916,0.5126,0.1709,317.32,323.79,33.87,0.1004,0.4432,0.2210,319.43,3.13,351.57,0.0289,0.9101,0.1458,3.81,358.92,0.53,0.0442,0.0750,1.0580,0.00,0.02,0.00,0.0289,0.9101,0.1458,-0.0189,-0.0664,0.9976,38.71,0
24.0060,CoreSystemMain,0.500,0,-0.0915,0.5128,0.1708,317.27,323.80,33.89,0.0994,0.4461,0.2236,318.26,2.81,352.36,0.0291,0.9103,0.1458,3.73,358.95,0.50,0.0442,0.0750,1.0580,0.00,0.02,0.00,0.0291,0.9103,0.1458,-0.0183,-0.0651,0.9977,38.78,0
24.0173,CoreSystemMain,0.500,0,-0.0915,0.5131,0.1707,317.27,323.73,33.94,0.0985,0.4502,0.2269,316.35,2.39,353.83,0.0293,0.9104,0.1457,3.68,358.98,0.47,0.0442,0.0750,1.0580,0.00,0.02,0.00,0.0293,0.9104,0.1457,-0.0178,-0.0642,0.9978,38.83,0
24.0285,CoreSystemMain,0.500,0,-0.0915,0.5133,0.1707,317.25,323.68,34.00,0.0976,0.4539,0.2297,315.16,2.52,354.10,0.0295,0.9105,0.1456,3.67,359.01,0.45,0.0442,0.0750,1.0580,0.00,0.02,0.00,0.0295,0.9105,0.1456,-0.0172,-0.0640,0.9978,38.84,0
24.0395,CoreSystemMain,0.500,0,-0.0916,0.5135,0.1708,317.27,323.63,34.06,0.0966,0.4587,0.2329,313.93,3.37,353.15,0.0297,0.9105,0.1455,3.69,359.04,0.44,0.0442,0.0750,1.0580,0.00,0.02,0.00,0.0297,0.9105,0.1455,-0.0166,-0.0643,0.9978,38.83,0
24.0506,CoreSystemMain,0.500,0,-0.0917,0.5136,0.1709,317.30,323.67,34.01,0.0956,0.4631,0.2351,313.15,4.41,351.50,0.0298,0.9105,0.1454,3.71,359.07,0.42,0.0442,0.0750,1.0580,0.00,0.02,0.00,0.0298,0.9105,0.1454,-0.0162,-0.0647,0.9978,38.80,0
24.0617,CoreSystemMain,0.500,0,-0.0917,0.5138,0.1710,317.29,323.71,33.97,0.0946,0.4671,0.2375,312.63,5.02,350.37,0.0299,0.9105,0.1454,3.74,359.08,0.42,0.0442,0.0750,1.0580,0.00,0.02,0.00,0.0299,0.9105,0.1454,-0.0160,-0.0652,0.9977,38.77,0
24.0728,CoreSystemMain,0.500,0,-0.0917,0.5139,0.1711,317.26,323.69,33.99,0.0937,0.4706,0.2397,312.03,5.39,349.86,0.0301,0.9105,0.1453,3.76,359.10,0.41,0.0442,0.0750,1.0580,0.00,0.02,0.00,0.0301,0.9105,0.1453,-0.0157,-0.0657,0.9977,38.74,0
24.0840,CoreSystemMain,0.500,0,-0.0919,0.5140,0.1713,317.24,323.66,33.99,0.0928,0.4739,0.2416,311.64,5.90,349.24,0.0301,0.9105,0.1453,3.79,359.10,0.40,0.0442,0.0750,1.0580,0.00,0.02,0.00,0.0301,0.9105,0.1453,-0.0156,-0.0661,0.9977,38.71,0
24.0951,CoreSystemMain,0.500,0,-0.0920,0.5140,0.1716,317.22,323.60,34.01,0.0921,0.4772,0.2431,311.36,6.53,348.55,0.0302,0.9105,0.1453,3.80,359.10,0.39,0.0442,0.0750,1.0580,0.00,0.02,0.00,0.0302,0.9105,0.1453,-0.0156,-0.0664,0.9977,38.70,0
24.1062,CoreSystemMain,0.500,0,-0.0921,0.5142,0.1718,317.17,323.60,33.98,0.0918,0.4800,0.2441,311.17,7.33,347.70,0.0303,0.9106,0.1454,3.82,359.11,0.37,0.0442,0.0750,1.0580,0.00,0.02,0.00,0.0303,0.9106,0.1454,-0.0156,-0.0667,0.9977,38.68,0
24.1171,CoreSystemMain,0.500,0,-0.0922,0.5143,0.1720,317.14,323.56,34.00,0.0915,0.4825,0.2456,310.76,7.95,347.02,0.0303,0.9106,0.1454,3.86,359.10,0.32,0.0442,0.0750,1.0580,0.00,0.02,0.00,0.0303,0.9106,0.1454,-0.0156,-0.0673,0.9976,38.64,0
24.1284,CoreSystemMain,0.500,0,-0.0924,0.5145,0.1721,317.16,323.50,34.02,0.0913,0.4844,0.2462,310.44,8.52,346.43,0.0303,0.9105,0.1455,3.90,359.08,0.27,0.0442,0.0750,1.0580,0.00,0.02,0.00,0.0303,0.9105,0.1455,-0.0159,-0.0680,0.9976,38.61,0
24.1395,CoreSystemMain,0.500,0,-0.0926,0.5148,0.1722,317.15,323.43,34.07,0.0915,0.4854,0.2462,310.16,8.55,346.43,0.0302,0.9105,0.1456,3.93,359.07,0.23,0.0442,0.0750,1.0580,0.00,0.02,0.00,0.0302,0.9105,0.1456,-0.0162,-0.0686,0.9975,38.58,0
24.1505,CoreSystemMain,0.500,0,-0.0928,0.5151,0.1723,317.12,323.35,34.14,0.0914,0.4869,0.2467,309.90,8.54,346.38,0.0301,0.9105,0.1456,3.94,359.04,0.22,0.0442,0.0750,1.0580,0.00,0.02,0.00,0.0301,0.9105,0.1456,-0.0167,-0.0688,0.9975,38.57,0
24.1617,CoreSystemMain,0.500,0,-0.0930,0.5154,0.1723,317.03,323.22,34.25,0.0915,0.4877,0.2468,309.77,8.39,346.44,0.0300,0.9105,0.1457,3.96,359.01,0.21,0.0442,0.0750,1.0580,0.00,0.02,0.00,0.0300,0.9105,0.1457,-0.0172,-0.0691,0.9975,38.56,0
24.1729,CoreSystemMain,0.500,0,-0.0932,0.5157,0.1722,316.94,323.10,34.34,0.0916,0.4882,0.2466,309.69,8.32,346.32,0.0298,0.9105,0.1458,3.95,358.96,0.21,0.0442,0.0750,1.0580,0.00,0.02,0.00,0.0298,0.9105,0.1458,-0.0182,-0.0689,0.9975,38.57,0
24.1838,CoreSystemMain,0.500,0,-0.0936,0.5159,0.1720,316.80,322.90,34.39,0.0920,0.4873,0.2455,309.80,8.19,346.21,0.0296,0.9105,0.1458,3.96,358.92,0.22,0.0442,0.0750,1.0580,0.00,0.02,0.00,0.0296,0.9105,0.1458,-0.0188,-0.0690,0.9974,38.57,0
24.1948,CoreSystemMain,0.500,0,-0.0938,0.5162,0.1720,316.73,322.73,34.38,0.0923,0.4871,0.2448,309.86,8.10,346.08,0.0293,0.9105,0.1460,3.95,358.87,0.22,0.0442,0.0750,1.0580,0.00,0.02,0.00,0.0293,0.9105,0.1460,-0.0197,-0.0688,0.9974,38.58,0
24.2061,CoreSystemMain,0.500,0,-0.0942,0.5164,0.1719,316.75,322.58,34.48,0.0925,0.4855,0.2434,310.00,7.77,346.47,0.0291,0.9105,0.1461,3.92,358.80,0.24,0.0442,0.0750,1.0580,0.00,0.02,0.00,0.0291,0.9105,0.1461,-0.0209,-0.0684,0.9974,38.62,0
24.2173,CoreSystemMain,0.500,0,-0.0945,0.5165,0.1718,316.77,322.45,34.54,0.0929,0.4845,0.2424,310.06,7.42,347.30,0.0287,0.9105,0.1462,3.91,358.74,0.25,0.0442,0.0750,1.0580,0.00,0.02,0.00,0.0287,0.9105,0.1462,-0.0220,-0.0682,0.9974,38.63,0
24.2283,CoreSystemMain,0.500,0,-0.0948,0.5163,0.1717,316.84,322.26,34.66,0.0936,0.4825,0.2409,310.25,7.35,347.74,0.0284,0.9104,0.1463,3.89,358.68,0.28,0.0442,0.0750,1.0580,0.00,0.02,0.00,0.0284,0.9104,0.1463,-0.0229,-0.0679,0.9974,38.66,0
24.2393,CoreSystemMain,0.500,0,-0.0951,0.5161,0.1716,316.90,322.11,34.71,0.0944,0.4795,0.2388,310.79,7.50,348.02,0.0282,0.9104,0.1465,3.90,358.61,0.31,0.0442,0.0750,1.0580,0.00,0.02,0.00,0.0282,0.9104,0.1465,-0.0242,-0.0679,0.9974,38.66,0
24.2503,CoreSystemMain,0.500,0,-0.0954,0.5159,0.1715,316.92,322.00,34.72,0.0947,0.4779,0.2379,311.07,7.48,348.19,0.0278,0.9103,0.1466,3.88,358.57,0.36,0.0442,0.0750,1.0580,0.00,0.02,0.00,0.0278,0.9103,0.1466,-0.0249,-0.0677,0.9974,38.68,0
24.2616,CoreSystemMain,0.500,0,-0.0956,0.5155,0.1714,317.01,321.97,34.69,0.0952,0.4748,0.2360,311.76,7.11,348.55,0.0275,0.9102,0.1467,3.90,358.51,0.39,0.0442,0.0750,1.0580,0.00,0.02,0.00,0.0275,0.9102,0.1467,-0.0259,-0.0681,0.9973,38.66,0
24.2726,CoreSystemMain,0.500,0,-0.0957,0.5150,0.1714,317.12,322.04,34.62,0.0957,0.4719,0.2342,312.49,6.54,348.98,0.0273,0.9101,0.1469,3.93,358.47,0.43,0.0442,0.0750,1.0580,0.00,0.02,0.00,0.0273,0.9101,0.1469,-0.0267,-0.0686,0.9973,38.64,0
24.2837,CoreSystemMain,0.500,0,-0.0958,0.5145,0.1713,317.21,322.15,34.57,0.0962,0.4682,0.2321,313.46,5.69,349.65,0.0269,0.9100,0.1470,3.98,358.43,0.48,0.0442,0.0750,1.0580,0.00,0.02,0.00,0.0269,0.9100,0.1470,-0.0274,-0.0694,0.9972,38.60,0
24.2948,CoreSystemMain,0.500,0,-0.0957,0.5137,0.1713,317.34,322.32,34.46,0.0967,0.4638,0.2298,314.61,5.06,350.23,0.0267,0.9099,0.1472,4.01,358.40,0.52,0.0442,0.0750,1.0580,0.00,0.02,0.00,0.0267,0.9099,0.1472,-0.0279,-0.0699,0.9972,38.57,0
24.3060,CoreSystemMain,0.500,0,-0.0957,0.5132,0.1713,317.44,322.36,34.38,0.0973,0.4602,0.2279,315.60,5.08,350.36,0.0264,0.9098,0.1473,4.04,358.39,0.56,0.0442,0.0750,1.0580,0.00,0.02,0.00,0.0264,0.9098,0.1473,-0.0281,-0.0705,0.9971,38.54,0
24.3171,CoreSystemMain,0.500,0,-0.0957,0.5122,0.1714,317.57,322.45,34.19,0.0981,0.4552,0.2253,317.23,5.43,350.02,0.0262,0.9096,0.1474,4.08,358.39,0.61,0.0442,0.0750,1.0580,0.00,0.02,0.00,0.0262,0.9096,0.1474,-0.0281,-0.0711,0.9971,38.50,0
24.3283,CoreSystemMain,0.500,0,-0.0957,0.5117,0.1713,317.68,322.46,34.15,0.0988,0.4515,0.2234,318.42,5.53,350.02,0.0260,0.9094,0.1475,4.11,358.38,0.67,0.0442,0.0750,1.0580,0.00,0.02,0.00,0.0260,0.9094,0.1475,-0.0281,-0.0716,0.9970,38.47,0
24.3393,CoreSystemMain,0.500,0,-0.0957,0.5113,0.1713,317.77,322.49,34.10,0.0993,0.4482,0.2217,319.48,5.51,350.08,0.0258,0.9093,0.1475,4.15,358.38,0.73,0.0442,0.0750,1.0580,0.00,0.02,0.00,0.0258,0.9093,0.1475,-0.0282,-0.0723,0.9970,38.43,0
24.3502,CoreSystemMain,0.500,0,-0.0954,0.5107,0.1712,317.92,322.62,34.11,0.1003,0.4426,0.2190,321.31,5.17,350.47,0.0256,0.9092,0.1476,4.15,358.39,0.77,0.0442,0.0750,1.0580,0.00,0.02,0.00,0.0256,0.9092,0.1476,-0.0281,-0.0724,0.9970,38.42,0
24.3614,CoreSystemMain,0.500,0,-0.0952,0.5103,0.1711,318.03,322.77,34.13,0.1009,0.4377,0.2166,322.81,4.67,351.11,0.0255,0.9091,0.1478,4.16,358.41,0.78,0.0442,0.0750,1.0580,0.00,0.02,0.00,0.0255,0.9091,0.1478,-0.0276,-0.0725,0.9970,38.42,0
24.3725,CoreSystemMain,0.500,0,-0.0951,0.5099,0.1711,318.13,322.88,34.13,0.1014,0.4334,0.2145,324.18,4.26,351.58,0.0254,0.9090,0.1479,4.16,358.44,0.78,0.0442,0.0750,1.0580,0.00,0.02,0.00,0.0254,0.9090,0.1479,-0.0271,-0.0726,0.9970,38.41,0
24.3837,CoreSystemMain,0.500,0,-0.0950,0.5096,0.1710,318.22,322.98,34.05,0.1018,0.4286,0.2121,325.89,3.92,351.82,0.0252,0.9090,0.1479,4.14,358.49,0.78,0.0442,0.0750,1.0580,0.00,0.02,0.00,0.0252,0.9090,0.1479,-0.0263,-0.0722,0.9970,38.43,0
24.3947,CoreSystemMain,0.500,0,-0.0947,0.5094,0.1708,318.24,323.04,33.98,0.1026,0.4241,0.2096,327.89,3.98,351.63,0.0252,0.9089,0.1480,4.14,358.52,0.80,0.0442,0.0750,1.0580,0.00,0.02,0.00,0.0252,0.9089,0.1480,-0.0258,-0.0722,0.9971,38.43,0
24.4059,CoreSystemMain,0.500,0,-0.0945,0.5092,0.1708,318.22,323.12,33.98,0.1035,0.4202,0.2076,329.82,4.39,351.23,0.0251,0.9088,0.1481,4.14,358.56,0.82,0.0442,0.0750,1.0580,0.00,0.02,0.00,0.0251,0.9088,0.1481,-0.0251,-0.0723,0.9971,38.42,0
24.4171,CoreSystemMain,0.500,0,-0.0942,0.5092,0.1707,318.13,323.27,33.96,0.1047,0.4167,0.2055,331.96,5.21,350.36,0.0250,0.9088,0.1482,4.15,358.60,0.84,0.0442,0.0750,1.0580,0.00,0.02,0.00,0.0250,0.9088,0.1482,-0.0245,-0.0723,0.9971,38.42,0
24.4281,CoreSystemMain,0.500,0,-0.0940,0.5090,0.1706,318.17,323.34,33.97,0.1055,0.4135,0.2038,333.53,5.57,350.02,0.0250,0.9087,0.1483,4.14,358.64,0.85,0.0442,0.0750,1.0580,0.00,0.02,0.00,0.0250,0.9087,0.1483,-0.0237,-0.0722,0.9971,38.42,0
24.4392,CoreSystemMain,0.500,0,-0.0938,0.5091,0.1707,318.19,323.53,33.93,0.1067,0.4109,0.2017,335.38,6.23,349.34,0.0249,0.9087,0.1483,4.14,358.68,0.85,0.0442,0.0750,1.0580,0.00,0.02,0.00,0.0249,0.9087,0.1483,-0.0231,-0.0721,0.9971,38.43,0
24.4503,CoreSystemMain,0.500,0,-0.0938,0.5091,0.1707,318.23,323.60,33.94,0.1073,0.4084,0.1997,336.48,6.30,349.53,0.0249,0.9086,0.1484,4.15,358.70,0.85,0.0442,0.0750,1.0580,0.00,0.02,0.00,0.0249,0.9086,0.1484,-0.0227,-0.0724,0.9971,38.41,0
24.4615,CoreSystemMain,0.500,0,-0.0937,0.5092,0.1708,318.24,323.59,33.99,0.1078,0.4063,0.1977,336.78,6.04,350.15,0.0249,0.9085,0.1485,4.17,358.72,0.85,0.0442,0.0750,1.0580,0.00,0.02,0.00,0.0249,0.9085,0.1485,-0.0223,-0.0727,0.9971,38.39,0
24.4726,CoreSystemMain,0.500,0,-0.0937,0.5093,0.1708,318.28,323.53,34.10,0.1083,0.4042,0.1960,337.32,5.98,350.31,0.0249,0.9085,0.1486,4.18,358.75,0.86,0.0442,0.0750,1.0580,0.00,0.02,0.00,0.0249,0.9085,0.1486,-0.0218,-0.0729,0.9971,38.38,0
24.4836,CoreSystemMain,0.500,0,-0.0937,0.5095,0.1709,318.25,323.53,34.22,0.1085,0.4037,0.1944,336.45,5.42,351.31,0.0249,0.9084,0.1486,4.20,358.76,0.86,0.0442,0.0750,1.0580,0.00,0.02,0.00,0.0249,0.9084,0.1486,-0.0215,-0.0732,0.9971,38.36,0
24.4948,CoreSystemMain,0.500,0,-0.0937,0.5096,0.1710,318.19,323.57,34.23,0.1089,0.4028,0.1930,336.15,5.18,351.77,0.0249,0.9083,0.1486,4.23,358.78,0.87,0.0442,0.0750,1.0580,0.00,0.02,0.00,0.0249,0.9083,0.1486,-0.0212,-0.0737,0.9971,38.33,0
24.5058,CoreSystemMain,0.500,0,-0.0937,0.5098,0.1712,318.06,323.60,34.15,0.1091,0.4028,0.1921,335.65,5.07,352.06,0.0249,0.9083,0.1487,4.24,358.79,0.87,0.0442,0.0750,1.0580,0.00,0.02,0.00,0.0249,0.9083,0.1487,-0.0211,-0.0739,0.9970,38.31,0
24.5169,CoreSystemMain,0.500,0,-0.0938,0.5098,0.1713,318.02,323.63,34.09,0.1094,0.4026,0.1911,335.34,4.72,352.69,0.0249,0.9082,0.1486,4.25,358.80,0.88,0.0442,0.0750,1.0580,0.00,0.02,0.00,0.0249,0.9082,0.1486,-0.0208,-0.0741,0.9970,38.30,0
24.5282,CoreSystemMain,0.500,0,-0.0939,0.5100,0.1715,317.88,323.53,34.07,0.1092,0.4044,0.1911,334.57,4.71,352.56,0.0249,0.9081,0.1487,4.26,358.81,0.89,0.0442,0.0750,1.0580,0.00,0.02,0.00,0.0249,0.9081,0.1487,-0.0207,-0.0743,0.9970,38.29,0
24.5391,CoreSystemMain,0.500,0,-0.0940,0.5101,0.1716,317.82,323.47,34.11,0.1092,0.4048,0.1908,334.31,4.70,352.38,0.0250,0.9081,0.1488,4.28,358.82,0.89,0.0442,0.0750,1.0580,0.00,0.02,0.00,0.0250,0.9081,0.1488,-0.0205,-0.0747,0.9970,38.27,0
24.5504,CoreSystemMain,0.500,0,-0.0941,0.5103,0.1718,317.81,323.37,34.24,0.1086,0.4073,0.1914,333.39,4.32,352.04,0.0250,0.9080,0.1488,4.30,358.82,0.91,0.0442,0.0750,1.0580,0.00,0.02,0.00,0.0250,0.9080,0.1488,-0.0205,-0.0751,0.9970,38.24,0
24.5614,CoreSystemMain,0.500,0,-0.0942,0.5105,0.1719,317.79,323.33,34.31,0.1085,0.4090,0.1917,332.68,3.72,352.26,0.0251,0.9080,0.1488,4.33,358.84,0.92,0.0442,0.0750,1.0580,0.00,0.02,0.00,0.0251,0.9080,0.1488,-0.0202,-0.0754,0.9969,38.22,0
24.5728,CoreSystemMain,0.500,0,-0.0942,0.5106,0.1721,317.77,323.27,34.32,0.1078,0.4119,0.1931,331.50,3.95,351.30,0.0252,0.9080,0.1488,4.35,358.86,0.94,0.0442,0.0750,1.0580,0.00,0.02,0.00,0.0252,0.9080,0.1488,-0.0198,-0.0759,0.9969,38.19,0
24.5838,CoreSystemMain,0.500,0,-0.0943,0.5108,0.1723,317.73,323.23,34.32,0.1076,0.4136,0.1935,330.92,3.90,351.14,0.0253,0.9079,0.1488,4.36,358.89,0.97,0.0442,0.0750,1.0580,0.00,0.02,0.00,0.0253,0.9079,0.1488,-0.0194,-0.0760,0.9969,38.18,0
24.5948,CoreSystemMain,0.500,0,-0.0943,0.5108,0.1724,317.72,323.13,34.30,0.1067,0.4169,0.1957,329.80,3.88,351.43,0.0254,0.9079,0.1488,4.38,358.90,0.98,0.0442,0.0750,1.0580,0.00,0.02,0.00,0.0254,0.9079,0.1488,-0.0191,-0.0763,0.9969,38.16,0
24.6061,CoreSystemMain,0.500,0,-0.0943,0.5109,0.1725,317.71,323.08,34.30,0.1062,0.4187,0.1968,329.15,3.90,351.49,0.0256,0.9079,0.1488,4.39,358.92,1.01,0.0442,0.0750,1.0580,0.00,0.02,0.00,0.0256,0.9079,0.1488,-0.0188,-0.0765,0.9969,38.15,0
24.6170,CoreSystemMain,0.500,0,-0.0942,0.5109,0.1726,317.71,322.94,34.42,0.1053,0.4230,0.1996,327.54,3.87,351.44,0.0257,0.9080,0.1487,4.38,358.96,1.05,0.0442,0.0750,1.0580,0.00,0.02,0.00,0.0257,0.9080,0.1487,-0.0181,-0.0764,0.9969,38.15,0
24.6281,CoreSystemMain,0.500,1,-0.0942,0.5109,0.1727,317.71,322.92,34.47,0.1048,0.4255,0.2010,326.35,3.82,350.98,0.0259,0.9080,0.1486,4.38,359.00,1.07,0.0442,0.0750,1.0580,0.00,0.02,0.00,0.0259,0.9080,0.1486,-0.0174,-0.0764,0.9969,38.15,0
24.6394,CoreSystemMain,0.500,1,-0.0939,0.5109,0.1727,317.75,322.95,34.58,0.1036,0.4307,0.2041,323.51,3.07,351.35,0.0260,0.9081,0.1485,4.38,359.04,1.08,0.0442,0.0750,1.0580,0.00,0.02,0.00,0.0260,0.9081,0.1485,-0.0167,-0.0764,0.9969,38.15,0
24.6507,CoreSystemMain,0.500,1,-0.0937,0.5108,0.1727,317.79,322.98,34.56,0.1026,0.4351,0.2065,321.23,2.31,351.91,0.0263,0.9082,0.1485,4.35,359.09,1.08,0.0438,0.0765,1.0592,0.00,0.02,0.00,0.0263,0.9082,0.1485,-0.0158,-0.0758,0.9970,38.09,0
24.6614,CoreSystemMain,0.500,1,-0.0933,0.5107,0.1728,317.83,323.04,34.49,0.1013,0.4407,0.2099,318.01,0.93,353.43,0.0265,0.9082,0.1484,4.31,359.13,1.07,0.0427,0.0812,1.0625,0.00,0.02,0.00,0.0265,0.9082,0.1484,-0.0151,-0.0752,0.9971,37.86,0
24.6726,CoreSystemMain,0.500,1,-0.0931,0.5107,0.1729,317.85,323.03,34.50,0.1006,0.4448,0.2121,316.00,0.29,354.14,0.0267,0.9083,0.1484,4.25,359.16,1.05,0.0412,0.0914,1.0696,0.00,0.02,0.00,0.0267,0.9083,0.1484,-0.0146,-0.0741,0.9971,37.34,0
24.6838,CoreSystemMain,0.500,1,-0.0926,0.5107,0.1728,317.92,323.11,34.49,0.0997,0.4517,0.2158,312.69,359.57,355.53,0.0269,0.9085,0.1483,4.20,359.17,1.04,0.0396,0.1038,1.0775,0.00,0.02,0.00,0.0269,0.9085,0.1483,-0.0144,-0.0733,0.9972,36.72,0
24.6948,CoreSystemMain,0.500,1,-0.0924,0.5107,0.1728,317.96,323.11,34.55,0.0989,0.4565,0.2184,310.67,359.74,355.43,0.0271,0.9086,0.1483,4.14,359.17,1.03,0.0396,0.1217,1.0875,0.00,0.02,0.00,0.0271,0.9086,0.1483,-0.0144,-0.0721,0.9973,35.85,0
24.7059,CoreSystemMain,0.500,1,-0.0919,0.5107,0.1727,318.00,323.21,34.64,0.0981,0.4644,0.2219,307.73,0.07,355.94,0.0272,0.9087,0.1482,4.09,359.17,1.00,0.0395,0.1378,1.0954,0.00,0.02,0.00,0.0272,0.9087,0.1482,-0.0144,-0.0713,0.9974,35.08,0
24.7171,CoreSystemMain,0.500,1,-0.0914,0.5107,0.1727,318.00,323.28,34.63,0.0975,0.4708,0.2246,305.08,0.43,355.86,0.0274,0.9088,0.1482,4.07,359.15,0.95,0.0420,0.1575,1.1037,0.00,0.02,0.00,0.0274,0.9088,0.1482,-0.0147,-0.0709,0.9974,34.15,0
24.7281,CoreSystemMain,0.500,1,-0.0911,0.5108,0.1726,318.01,323.35,34.58,0.0969,0.4768,0.2276,302.37,359.47,357.20,0.0276,0.9089,0.1482,4.04,359.16,0.92,0.0446,0.1780,1.1108,0.00,0.02,0.00,0.0276,0.9089,0.1482,-0.0147,-0.0705,0.9974,33.21,0
24.7393,CoreSystemMain,0.500,1,-0.0908,0.5108,0.1725,317.95,323.43,34.47,0.0961,0.4849,0.2305,298.43,357.53,359.77,0.0278,0.9090,0.1480,4.04,359.13,0.84,0.0469,0.1987,1.1162,0.00,0.02,0.00,0.0278,0.9090,0.1480,-0.0152,-0.0705,0.9974,32.27,0
24.7503,CoreSystemMain,0.500,1,-0.0905,0.5108,0.1724,317.94,323.49,34.43,0.0951,0.4920,0.2329,295.22,355.23,2.42,0.0280,0.9091,0.1480,4.02,359.12,0.78,0.0496,0.2263,1.1205,0.00,0.02,0.00,0.0280,0.9091,0.1480,-0.0154,-0.0702,0.9974,31.11,0
24.7614,CoreSystemMain,0.500,1,-0.0902,0.5109,0.1723,317.96,323.56,34.45,0.0941,0.4993,0.2348,292.28,352.84,4.44,0.0282,0.9091,0.1480,3.99,359.11,0.74,0.0508,0.2530,1.1218,0.00,0.02,0.00,0.0282,0.9091,0.1480,-0.0155,-0.0697,0.9975,30.04,0
24.7725,CoreSystemMain,0.500,1,-0.0900,0.5110,0.1721,318.01,323.66,34.45,0.0929,0.5066,0.2369,289.48,350.77,5.94,0.0284,0.9093,0.1480,3.96,359.10,0.69,0.0485,0.2783,1.1206,0.00,0.02,0.00,0.0284,0.9093,0.1480,-0.0156,-0.0691,0.9975,29.07,0
24.7840,CoreSystemMain,0.500,1,-0.0897,0.5111,0.1720,318.02,323.71,34.49,0.0917,0.5135,0.2378,287.29,349.36,6.71,0.0286,0.9093,0.1480,3.92,359.09,0.66,0.0436,0.3026,1.1171,0.00,0.02,0.00,0.0286,0.9093,0.1480,-0.0159,-0.0683,0.9975,28.18,0
24.7948,CoreSystemMain,0.500,1,-0.0896,0.5112,0.1719,318.01,323.68,34.52,0.0909,0.5197,0.2391,285.43,348.51,7.42,0.0288,0.9094,0.1480,3.90,359.08,0.62,0.0374,0.3243,1.1123,0.00,0.02,0.00,0.0288,0.9094,0.1480,-0.0161,-0.0679,0.9976,27.38,0
24.8150,CoreSystemMain,0.500,1,-0.0896,0.5112,0.1717,317.93,323.70,34.38,0.0898,0.5296,0.2404,283.17,354.60,0.88,0.0292,0.9095,0.1479,3.88,359.09,0.58,0.0328,0.3424,1.1072,0.00,0.02,0.00,0.0292,0.9095,0.1479,-0.0159,-0.0677,0.9976,26.73,0
24.8188,CoreSystemMain,0.500,1,-0.0896,0.5113,0.1717,317.92,323.72,34.35,0.0896,0.5317,0.2407,282.67,355.95,359.44,0.0293,0.9096,0.1479,3.88,359.09,0.57,0.0285,0.3729,1.0967,0.00,0.02,0.00,0.0293,0.9096,0.1479,-0.0159,-0.0677,0.9976,25.62,0
24.8282,CoreSystemMain,0.500,1,-0.0896,0.5113,0.1717,317.88,323.76,34.29,0.0893,0.5363,0.2415,281.53,358.38,356.94,0.0295,0.9096,0.1479,3.89,359.10,0.55,0.0282,0.3761,1.0957,0.00,0.02,0.00,0.0295,0.9096,0.1479,-0.0156,-0.0678,0.9976,25.50,0
24.8393,CoreSystemMain,0.500,1,-0.0897,0.5113,0.1716,317.84,323.85,34.21,0.0889,0.5414,0.2422,280.26,1.64,353.58,0.0296,0.9096,0.1478,3.89,359.11,0.53,0.0277,0.3857,1.0919,0.00,0.02,0.00,0.0296,0.9096,0.1478,-0.0155,-0.0679,0.9976,25.15,0
24.8572,CoreSystemMain,0.500,1,-0.0895,0.5114,0.1715,317.81,323.91,34.13,0.0884,0.5502,0.2442,277.75,4.77,350.39,0.0300,0.9097,0.1478,3.90,359.16,0.50,0.0277,0.3977,1.0866,0.00,0.02,0.00,0.0300,0.9097,0.1478,-0.0147,-0.0680,0.9976,24.72,0
24.8613,CoreSystemMain,0.500,1,-0.0899,0.5115,0.1715,317.83,323.88,34.09,0.0886,0.5512,0.2435,277.42,5.59,349.58,0.0300,0.9097,0.1478,3.89,359.15,0.49,0.0284,0.4209,1.0744,0.00,0.02,0.00,0.0300,0.9097,0.1478,-0.0148,-0.0679,0.9976,23.93,0
24.8728,CoreSystemMain,0.500,1,-0.0901,0.5115,0.1715,317.82,323.80,34.14,0.0885,0.5553,0.2439,276.01,5.93,349.34,0.0301,0.9097,0.1478,3.88,359.15,0.47,0.0285,0.4239,1.0728,0.00,0.02,0.00,0.0301,0.9097,0.1478,-0.0148,-0.0676,0.9976,23.84,0
24.8837,CoreSystemMain,0.500,1,-0.0905,0.5116,0.1715,317.80,323.59,34.24,0.0889,0.5573,0.2434,275.10,359.41,355.95,0.0303,0.9098,0.1478,3.86,359.17,0.43,0.0290,0.4351,1.0661,0.00,0.02,0.00,0.0303,0.9098,0.1478,-0.0145,-0.0673,0.9976,23.49,0
24.8947,CoreSystemMain,0.500,1,-0.0910,0.5115,0.1716,317.73,323.48,34.20,0.0889,0.5606,0.2436,273.92,351.56,3.97,0.0304,0.9098,0.1478,3.83,359.16,0.39,0.0288,0.4442,1.0602,0.00,0.02,0.00,0.0304,0.9098,0.1478,-0.0146,-0.0669,0.9977,23.22,0
24.9059,CoreSystemMain,0.500,1,-0.0912,0.5116,0.1716,317.71,323.45,34.13,0.0888,0.5645,0.2443,272.65,343.04,12.55,0.0305,0.9099,0.1478,3.80,359.16,0.35,0.0282,0.4535,1.0535,0.00,0.02,0.00,0.0305,0.9099,0.1478,-0.0146,-0.0663,0.9977,22.95,0
24.9172,CoreSystemMain,0.500,1,-0.0916,0.5115,0.1716,317.67,323.41,34.05,0.0892,0.5669,0.2444,271.77,324.63,31.04,0.0305,0.9100,0.1478,3.77,359.15,0.31,0.0276,0.4634,1.0460,0.00,0.02,0.00,0.0305,0.9100,0.1478,-0.0148,-0.0658,0.9977,22.67,0
24.9281,CoreSystemMain,0.500,1,-0.0921,0.5114,0.1716,317.61,323.25,34.01,0.0894,0.5680,0.2440,271.37,297.03,58.91,0.0305,0.9100,0.1479,3.76,359.13,0.27,0.0269,0.4727,1.0383,0.00,0.02,0.00,0.0305,0.9100,0.1479,-0.0151,-0.0656,0.9977,22.40,0
24.9392,CoreSystemMain,0.500,1,-0.0925,0.5113,0.1716,317.61,323.16,33.95,0.0895,0.5705,0.2443,271.13,254.31,101.83,0.0305,0.9100,0.1479,3.75,359.10,0.24,0.0266,0.4806,1.0315,0.00,0.02,0.00,0.0305,0.9100,0.1479,-0.0156,-0.0654,0.9977,22.18,0
24.9503,CoreSystemMain,0.500,1,-0.0930,0.5110,0.1716,317.64,323.06,33.91,0.0899,0.5710,0.2440,270.77,245.09,111.38,0.0305,0.9100,0.1479,3.74,359.06,0.23,0.0269,0.4884,1.0244,0.00,0.02,0.00,0.0305,0.9100,0.1479,-0.0164,-0.0653,0.9977,21.96,0
24.9613,CoreSystemMain,0.500,1,-0.0933,0.5109,0.1716,317.64,322.99,33.88,0.0900,0.5731,0.2443,270.87,218.47,138.13,0.0304,0.9101,0.1480,3.74,359.03,0.21,0.0281,0.4941,1.0194,0.00,0.02,0.00,0.0304,0.9101,0.1480,-0.0168,-0.0652,0.9977,21.79,0
24.9725,CoreSystemMain,0.500,1,-0.0938,0.5106,0.1716,317.76,322.95,33.84,0.0902,0.5729,0.2441,270.35,320.85,35.72,0.0304,0.9100,0.1480,3.73,358.98,0.23,0.0294,0.4991,1.0150,0.00,0.02,0.00,0.0304,0.9100,0.1480,-0.0178,-0.0650,0.9977,21.65,0
24.9838,CoreSystemMain,0.500,1,-0.0942,0.5104,0.1716,317.84,322.94,33.82,0.0903,0.5739,0.2443,270.55,348.21,8.18,0.0304,0.9100,0.1481,3.71,358.95,0.24,0.0305,0.5020,1.0129,0.00,0.02,0.00,0.0304,0.9100,0.1481,-0.0183,-0.0647,0.9977,21.57,0
24.9947,CoreSystemMain,0.500,1,-0.0945,0.5103,0.1715,317.94,322.88,33.85,0.0904,0.5742,0.2445,270.89,356.50,359.65,0.0304,0.9100,0.1481,3.70,358.93,0.26,0.0311,0.5042,1.0115,0.00,0.02,0.00,0.0304,0.9100,0.1481,-0.0186,-0.0646,0.9977,21.50,0
25.0059,CoreSystemMain,0.500,1,-0.0947,0.5101,0.1715,318.02,322.82,33.88,0.0905,0.5747,0.2448,270.92,1.45,354.56,0.0303,0.9100,0.1482,3.70,358.92,0.27,0.0315,0.5058,1.0106,0.00,0.02,0.00,0.0303,0.9100,0.1482,-0.0189,-0.0646,0.9977,21.44,0
25.0170,CoreSystemMain,0.500,1,-0.0949,0.5100,0.1714,318.06,322.75,33.92,0.0906,0.5751,0.2451,270.92,3.17,352.76,0.0303,0.9099,0.1482,3.72,358.90,0.28,0.0318,0.5072,1.0099,0.00,0.02,0.00,0.0303,0.9099,0.1482,-0.0192,-0.0648,0.9977,21.36,0
25.0281,CoreSystemMain,0.500,1,-0.0950,0.5098,0.1713,318.11,322.73,33.94,0.0908,0.5756,0.2455,270.83,3.44,352.49,0.0303,0.9099,0.1483,3.72,358.91,0.29,0.0320,0.5085,1.0092,0.00,0.02,0.00,0.0303,0.9099,0.1483,-0.0191,-0.0649,0.9977,21.30,0
25.0392,CoreSystemMain,0.500,1,-0.0951,0.5096,0.1713,318.11,322.77,33.88,0.0911,0.5757,0.2460,270.73,5.43,350.69,0.0303,0.9098,0.1483,3.74,358.89,0.29,0.0322,0.5098,1.0086,0.00,0.02,0.00,0.0303,0.9098,0.1483,-0.0194,-0.0653,0.9977,21.23,0
25.0505,CoreSystemMain,0.500,1,-0.0950,0.5094,0.1712,318.08,322.90,33.73,0.0913,0.5753,0.2465,270.59,359.50,357.03,0.0303,0.9097,0.1483,3.76,358.89,0.30,0.0326,0.5110,1.0079,0.00,0.02,0.00,0.0303,0.9097,0.1483,-0.0193,-0.0655,0.9977,21.16,0
25.0615,CoreSystemMain,0.500,1,-0.0947,0.5092,0.1711,317.98,323.11,33.53,0.0918,0.5748,0.2469,270.68,319.25,37.71,0.0302,0.9096,0.1484,3.77,358.90,0.31,0.0332,0.5121,1.0073,0.00,0.02,0.00,0.0302,0.9096,0.1484,-0.0191,-0.0657,0.9977,21.10,0
25.0728,CoreSystemMain,0.500,1,-0.0947,0.5091,0.1711,317.95,323.17,33.43,0.0919,0.5750,0.2474,270.70,292.52,64.61,0.0302,0.9096,0.1485,3.78,358.92,0.33,0.0338,0.5131,1.0067,0.00,0.02,0.00,0.0302,0.9096,0.1485,-0.0187,-0.0659,0.9976,21.05,0
25.0836,CoreSystemMain,0.500,1,-0.0945,0.5090,0.1710,317.93,323.24,33.42,0.0921,0.5741,0.2480,271.09,285.54,71.78,0.0302,0.9095,0.1485,3.81,358.94,0.34,0.0345,0.5143,1.0059,0.00,0.02,0.00,0.0302,0.9095,0.1485,-0.0184,-0.0664,0.9976,20.98,0
25.0948,CoreSystemMain,0.500,1,-0.0943,0.5089,0.1709,317.94,323.28,33.46,0.0923,0.5735,0.2485,271.35,290.42,66.99,0.0303,0.9094,0.1486,3.84,358.98,0.35,0.0351,0.5153,1.0052,0.00,0.02,0.00,0.0303,0.9094,0.1486,-0.0177,-0.0670,0.9976,20.91,0
25.1060,CoreSystemMain,0.500,1,-0.0940,0.5088,0.1709,317.99,323.39,33.53,0.0925,0.5729,0.2489,271.42,306.88,50.48,0.0303,0.9094,0.1486,3.87,359.02,0.35,0.0356,0.5161,1.0047,0.00,0.02,0.00,0.0303,0.9094,0.1486,-0.0170,-0.0675,0.9976,20.84,0
25.1168,CoreSystemMain,0.500,1,-0.0939,0.5088,0.1708,318.00,323.46,33.50,0.0924,0.5723,0.2491,271.42,308.68,48.72,0.0303,0.9093,0.1487,3.89,359.05,0.37,0.0360,0.5166,1.0045,0.00,0.02,0.00,0.0303,0.9093,0.1487,-0.0165,-0.0678,0.9976,20.80,0
25.1281,CoreSystemMain,0.500,1,-0.0936,0.5088,0.1709,318.07,323.58,33.44,0.0928,0.5715,0.2492,271.54,344.39,12.78,0.0303,0.9093,0.1487,3.90,359.09,0.38,0.0364,0.5170,1.0044,0.00,0.02,0.00,0.0303,0.9093,0.1487,-0.0159,-0.0680,0.9976,20.77,0
25.1392,CoreSystemMain,0.500,1,-0.0934,0.5088,0.1709,318.11,323.63,33.44,0.0932,0.5712,0.2493,271.76,357.19,359.95,0.0303,0.9093,0.1488,3.90,359.11,0.40,0.0367,0.5173,1.0044,0.00,0.02,0.00,0.0303,0.9093,0.1488,-0.0155,-0.0681,0.9976,20.75,0
25.1505,CoreSystemMain,0.500,1,-0.0932,0.5088,0.1709,318.12,323.59,33.55,0.0935,0.5709,0.2495,271.94,0.67,356.52,0.0303,0.9093,0.1489,3.88,359.12,0.41,0.0371,0.5174,1.0046,0.00,0.02,0.00,0.0303,0.9093,0.1489,-0.0153,-0.0676,0.9976,20.76,0
25.1614,CoreSystemMain,0.500,1,-0.0931,0.5088,0.1709,318.10,323.59,33.61,0.0938,0.5705,0.2496,272.05,359.26,357.95,0.0302,0.9093,0.1490,3.86,359.13,0.39,0.0375,0.5176,1.0047,0.00,0.02,0.00,0.0302,0.9093,0.1490,-0.0152,-0.0674,0.9976,20.77,0
25.1725,CoreSystemMain,0.500,1,-0.0930,0.5089,0.1710,318.11,323.52,33.71,0.0939,0.5699,0.2496,272.08,350.34,6.88,0.0302,0.9093,0.1490,3.85,359.13,0.37,0.0379,0.5177,1.0049,0.00,0.02,0.00,0.0302,0.9093,0.1490,-0.0152,-0.0672,0.9976,20.77,0
25.1837,CoreSystemMain,0.500,1,-0.0928,0.5089,0.1711,318.11,323.52,33.74,0.0938,0.5697,0.2496,272.10,340.46,16.91,0.0301,0.9092,0.1491,3.84,359.13,0.35,0.0383,0.5177,1.0051,0.00,0.02,0.00,0.0301,0.9092,0.1491,-0.0152,-0.0670,0.9976,20.78,0
25.1948,CoreSystemMain,0.500,1,-0.0928,0.5090,0.1711,318.08,323.52,33.75,0.0939,0.5692,0.2496,272.17,335.05,22.47,0.0300,0.9092,0.1492,3.84,359.13,0.34,0.0385,0.5178,1.0052,0.00,0.02,0.00,0.0300,0.9092,0.1492,-0.0152,-0.0669,0.9976,20.78,0
25.2060,CoreSystemMain,0.500,1,-0.0927,0.5090,0.1712,318.04,323.52,33.76,0.0940,0.5688,0.2496,272.25,334.20,23.39,0.0299,0.9092,0.1493,3.84,359.10,0.34,0.0389,0.5179,1.0054,0.00,0.02,0.00,0.0299,0.9092,0.1493,-0.0156,-0.0670,0.9976,20.77,0
25.2170,CoreSystemMain,0.500,1,-0.0926,0.5090,0.1713,318.00,323.50,33.77,0.0942,0.5684,0.2497,272.29,337.38,20.32,0.0299,0.9092,0.1494,3.85,359.09,0.36,0.0392,0.5179,1.0055,0.00,0.02,0.00,0.0299,0.9092,0.1494,-0.0159,-0.0671,0.9976,20.76,0
25.2282,CoreSystemMain,0.500,1,-0.0926,0.5090,0.1715,318.02,323.48,33.75,0.0944,0.5680,0.2496,272.39,343.46,14.34,0.0298,0.9091,0.1495,3.86,359.07,0.38,0.0396,0.5179,1.0057,0.00,0.02,0.00,0.0298,0.9091,0.1495,-0.0162,-0.0673,0.9976,20.75,0
25.2394,CoreSystemMain,0.500,1,-0.0926,0.5090,0.1716,318.05,323.50,33.73,0.0946,0.5676,0.2496,272.52,347.96,9.89,0.0297,0.9091,0.1495,3.88,359.05,0.39,0.0401,0.5179,1.0059,0.00,0.02,0.00,0.0297,0.9091,0.1495,-0.0165,-0.0677,0.9976,20.73,0
25.2508,CoreSystemMain,0.500,1,-0.0925,0.5090,0.1719,318.08,323.45,33.77,0.0948,0.5678,0.2496,272.74,350.88,6.84,0.0296,0.9090,0.1496,3.90,359.06,0.41,0.0407,0.5178,1.0062,0.00,0.02,0.00,0.0296,0.9090,0.1496,-0.0165,-0.0680,0.9975,20.71,0
25.2617,CoreSystemMain,0.500,1,-0.0925,0.5090,0.1720,318.13,323.39,33.85,0.0949,0.5677,0.2494,272.98,352.19,5.27,0.0296,0.9090,0.1497,3.93,359.04,0.42,0.0413,0.5176,1.0065,0.00,0.02,0.00,0.0296,0.9090,0.1497,-0.0167,-0.0685,0.9975,20.68,0
25.2728,CoreSystemMain,0.500,1,-0.0925,0.5090,0.1721,318.17,323.35,33.92,0.0950,0.5675,0.2493,273.10,352.45,4.88,0.0296,0.9089,0.1498,3.93,359.02,0.44,0.0417,0.5175,1.0069,0.00,0.02,0.00,0.0296,0.9089,0.1498,-0.0171,-0.0685,0.9975,20.69,0
25.2839,CoreSystemMain,0.500,1,-0.0926,0.5090,0.1723,318.19,323.34,33.97,0.0951,0.5675,0.2491,273.03,348.78,8.41,0.0295,0.9088,0.1498,3.95,359.01,0.46,0.0420,0.5173,1.0073,0.00,0.02,0.00,0.0295,0.9088,0.1498,-0.0173,-0.0688,0.9975,20.67,0
25.2952,CoreSystemMain,0.500,1,-0.0926,0.5090,0.1724,318.20,323.36,33.96,0.0952,0.5675,0.2490,272.99,345.67,11.52,0.0295,0.9088,0.1499,3.95,358.99,0.48,0.0422,0.5171,1.0076,0.00,0.02,0.00,0.0295,0.9088,0.1499,-0.0175,-0.0689,0.9975,20.67,0
25.3062,CoreSystemMain,0.500,1,-0.0926,0.5090,0.1725,318.21,323.33,33.98,0.0954,0.5674,0.2490,273.02,344.61,12.59,0.0294,0.9087,0.1500,3.95,359.01,0.49,0.0423,0.5170,1.0078,0.00,0.02,0.00,0.0294,0.9087,0.1500,-0.0173,-0.0688,0.9975,20.67,0
25.3172,CoreSystemMain,0.500,1,-0.0926,0.5090,0.1726,318.11,323.38,33.95,0.0951,0.5668,0.2490,272.87,342.95,14.46,0.0294,0.9087,0.1501,3.99,358.99,0.49,0.0425,0.5169,1.0080,0.00,0.02,0.00,0.0294,0.9087,0.1501,-0.0177,-0.0696,0.9974,20.63,0
25.3285,CoreSystemMain,0.500,1,-0.0926,0.5090,0.1726,318.02,323.45,33.85,0.0952,0.5669,0.2490,272.84,343.91,13.62,0.0294,0.9086,0.1502,4.01,358.99,0.50,0.0426,0.5169,1.0082,0.00,0.02,0.00,0.0294,0.9086,0.1502,-0.0176,-0.0700,0.9974,20.61,0
25.3395,CoreSystemMain,0.500,1,-0.0926,0.5090,0.1727,317.93,323.53,33.74,0.0955,0.5671,0.2490,272.92,346.06,11.33,0.0293,0.9086,0.1502,4.05,359.00,0.49,0.0428,0.5168,1.0084,0.00,0.02,0.00,0.0293,0.9086,0.1502,-0.0174,-0.0706,0.9974,20.57,0
25.3504,CoreSystemMain,0.500,1,-0.0926,0.5089,0.1728,317.89,323.55,33.67,0.0957,0.5673,0.2489,272.97,347.36,9.86,0.0293,0.9085,0.1503,4.08,359.01,0.49,0.0430,0.5167,1.0086,0.00,0.02,0.00,0.0293,0.9085,0.1503,-0.0172,-0.0712,0.9973,20.53,0
25.3617,CoreSystemMain,0.500,1,-0.0926,0.5088,0.1728,317.89,323.57,33.64,0.0959,0.5676,0.2489,272.97,347.63,9.39,0.0294,0.9084,0.1503,4.12,359.03,0.49,0.0432,0.5166,1.0088,0.00,0.02,0.00,0.0294,0.9084,0.1503,-0.0169,-0.0718,0.9973,20.49,0
25.3729,CoreSystemMain,0.500,1,-0.0927,0.5086,0.1729,317.95,323.58,33.62,0.0961,0.5678,0.2490,272.95,345.52,11.53,0.0294,0.9084,0.1503,4.13,359.05,0.50,0.0432,0.5165,1.0090,0.00,0.02,0.00,0.0294,0.9084,0.1503,-0.0166,-0.0721,0.9973,20.47,0
25.3841,CoreSystemMain,0.500,1,-0.0928,0.5084,0.1729,318.03,323.57,33.63,0.0965,0.5681,0.2493,272.78,341.88,15.49,0.0294,0.9084,0.1504,4.13,359.06,0.51,0.0432,0.5165,1.0092,0.00,0.02,0.00,0.0294,0.9084,0.1504,-0.0164,-0.0721,0.9973,20.47,0
25.3951,CoreSystemMain,0.500,1,-0.0929,0.5083,0.1729,318.13,323.53,33.70,0.0969,0.5683,0.2495,272.66,340.75,16.81,0.0294,0.9084,0.1504,4.13,359.07,0.51,0.0433,0.5165,1.0093,0.00,0.02,0.00,0.0294,0.9084,0.1504,-0.0162,-0.0721,0.9973,20.47,0
25.4061,CoreSystemMain,0.500,1,-0.0930,0.5082,0.1729,318.20,323.49,33.77,0.0974,0.5686,0.2498,272.47,339.22,18.70,0.0294,0.9084,0.1504,4.13,359.08,0.51,0.0435,0.5165,1.0094,0.00,0.02,0.00,0.0294,0.9084,0.1504,-0.0160,-0.0720,0.9973,20.47,0
25.4173,CoreSystemMain,0.500,1,-0.0931,0.5081,0.1728,318.19,323.46,33.81,0.0979,0.5690,0.2501,272.36,338.78,19.44,0.0294,0.9084,0.1505,4.13,359.09,0.51,0.0439,0.5165,1.0095,0.00,0.02,0.00,0.0294,0.9084,0.1505,-0.0159,-0.0721,0.9973,20.46,0
25.4284,CoreSystemMain,0.500,1,-0.0931,0.5081,0.1728,318.20,323.47,33.77,0.0984,0.5694,0.2503,272.29,339.15,19.13,0.0294,0.9084,0.1505,4.13,359.10,0.52,0.0445,0.5166,1.0096,0.00,0.02,0.00,0.0294,0.9084,0.1505,-0.0157,-0.0720,0.9973,20.46,0
25.4395,CoreSystemMain,0.500,1,-0.0932,0.5081,0.1727,318.17,323.47,33.72,0.0989,0.5698,0.2506,272.21,338.58,19.66,0.0294,0.9083,0.1505,4.13,359.10,0.52,0.0451,0.5166,1.0097,0.00,0.02,0.00,0.0294,0.9083,0.1505,-0.0156,-0.0720,0.9973,20.46,0
25.4505,CoreSystemMain,0.500,1,-0.0933,0.5080,0.1726,318.15,323.46,33.68,0.0992,0.5704,0.2511,272.15,337.23,20.87,0.0295,0.9083,0.1505,4.15,359.11,0.53,0.0457,0.5167,1.0098,0.00,0.02,0.00,0.0295,0.9083,0.1505,-0.0156,-0.0724,0.9973,20.43,0
25.4616,CoreSystemMain,0.500,1,-0.0933,0.5079,0.1725,318.14,323.47,33.64,0.0998,0.5709,0.2515,272.05,334.33,23.91,0.0295,0.9083,0.1505,4.15,359.11,0.52,0.0462,0.5169,1.0099,0.00,0.02,0.00,0.0295,0.9083,0.1505,-0.0154,-0.0723,0.9973,20.43,0
25.4727,CoreSystemMain,0.500,1,-0.0933,0.5079,0.1725,318.12,323.52,33.60,0.1005,0.5713,0.2520,271.97,332.14,26.39,0.0294,0.9083,0.1505,4.15,359.11,0.52,0.0468,0.5170,1.0099,0.00,0.02,0.00,0.0294,0.9083,0.1505,-0.0155,-0.0724,0.9973,20.42,0
25.4840,CoreSystemMain,0.500,1,-0.0932,0.5079,0.1724,318.15,323.52,33.62,0.1013,0.5717,0.2525,271.90,333.45,25.31,0.0295,0.9083,0.1506,4.16,359.10,0.51,0.0476,0.5172,1.0099,0.00,0.02,0.00,0.0295,0.9083,0.1506,-0.0157,-0.0725,0.9972,20.41,0
25.4951,CoreSystemMain,0.500,1,-0.0932,0.5079,0.1723,318.16,323.53,33.66,0.1022,0.5721,0.2531,271.82,338.73,20.35,0.0295,0.9083,0.1506,4.15,359.09,0.51,0.0486,0.5175,1.0099,0.00,0.02,0.00,0.0295,0.9083,0.1506,-0.0159,-0.0724,0.9972,20.41,0
25.5061,CoreSystemMain,0.500,1,-0.0932,0.5079,0.1722,318.20,323.53,33.68,0.1031,0.5725,0.2537,271.78,347.84,11.49,0.0294,0.9083,0.1506,4.15,359.09,0.52,0.0499,0.5177,1.0100,0.00,0.02,0.00,0.0294,0.9083,0.1506,-0.0159,-0.0724,0.9972,20.40,0
25.5172,CoreSystemMain,0.500,1,-0.0932,0.5081,0.1722,318.21,323.52,33.70,0.1038,0.5721,0.2546,271.85,358.82,0.77,0.0294,0.9083,0.1506,4.16,359.07,0.51,0.0517,0.5180,1.0101,0.00,0.02,0.00,0.0294,0.9083,0.1506,-0.0161,-0.0725,0.9972,20.39,0
25.5283,CoreSystemMain,0.500,1,-0.0932,0.5082,0.1721,318.24,323.47,33.73,0.1048,0.5725,0.2553,271.93,2.53,357.37,0.0294,0.9083,0.1506,4.18,359.06,0.51,0.0538,0.5182,1.0103,0.00,0.02,0.00,0.0294,0.9083,0.1506,-0.0164,-0.0728,0.9972,20.37,0
25.5395,CoreSystemMain,0.500,1,-0.0932,0.5082,0.1721,318.23,323.44,33.76,0.1056,0.5729,0.2560,271.88,0.90,359.20,0.0293,0.9082,0.1506,4.17,359.05,0.53,0.0563,0.5184,1.0105,0.00,0.02,0.00,0.0293,0.9082,0.1506,-0.0166,-0.0728,0.9972,20.37,0
25.5506,CoreSystemMain,0.500,1,-0.0932,0.5082,0.1720,318.17,323.41,33.78,0.1064,0.5734,0.2565,271.72,357.62,2.62,0.0293,0.9082,0.1506,4.20,359.04,0.53,0.0590,0.5187,1.0108,0.00,0.02,0.00,0.0293,0.9082,0.1506,-0.0168,-0.0732,0.9972,20.35,0
25.5619,CoreSystemMain,0.500,1,-0.0931,0.5082,0.1720,318.12,323.40,33.76,0.1073,0.5740,0.2570,271.41,350.28,10.15,0.0293,0.9082,0.1506,4.20,359.02,0.54,0.0614,0.5189,1.0109,0.00,0.02,0.00,0.0293,0.9082,0.1506,-0.0170,-0.0732,0.9972,20.35,0
25.5727,CoreSystemMain,0.500,1,-0.0931,0.5082,0.1719,318.09,323.46,33.71,0.1081,0.5746,0.2575,271.11,343.84,16.84,0.0293,0.9082,0.1505,4.19,359.02,0.53,0.0640,0.5194,1.0110,0.00,0.02,0.00,0.0293,0.9082,0.1505,-0.0171,-0.0731,0.9972,20.36,0
25.5839,CoreSystemMain,0.500,1,-0.0930,0.5085,0.1720,318.11,323.48,33.67,0.1089,0.5749,0.2581,270.94,338.50,22.47,0.0293,0.9082,0.1505,4.19,359.03,0.54,0.0666,0.5199,1.0108,0.00,0.02,0.00,0.0293,0.9082,0.1505,-0.0168,-0.0731,0.9972,20.35,0
25.5950,CoreSystemMain,0.500,1,-0.0930,0.5085,0.1720,318.15,323.48,33.66,0.1097,0.5754,0.2585,270.82,339.45,21.86,0.0293,0.9083,0.1505,4.20,359.03,0.53,0.0695,0.5206,1.0106,0.00,0.02,0.00,0.0293,0.9083,0.1505,-0.0169,-0.0733,0.9972,20.34,0
25.6061,CoreSystemMain,0.500,1,-0.0930,0.5085,0.1720,318.15,323.47,33.69,0.1104,0.5758,0.2590,270.73,341.29,20.28,0.0293,0.9083,0.1505,4.20,359.02,0.54,0.0726,0.5213,1.0103,0.00,0.02,0.00,0.0293,0.9083,0.1505,-0.0170,-0.0732,0.9972,20.35,0
25.6173,CoreSystemMain,0.500,1,-0.0930,0.5085,0.1720,318.22,323.39,33.84,0.1111,0.5763,0.2592,270.89,11.89,349.75,0.0292,0.9083,0.1505,4.18,359.02,0.55,0.0760,0.5220,1.0100,0.00,0.02,0.00,0.0292,0.9083,0.1505,-0.0170,-0.0728,0.9972,20.38,0
25.6283,CoreSystemMain,0.500,1,-0.0930,0.5085,0.1720,318.23,323.38,33.89,0.1118,0.5767,0.2596,270.92,21.16,340.60,0.0292,0.9083,0.1504,4.16,359.01,0.55,0.0793,0.5226,1.0099,0.00,0.02,0.00,0.0292,0.9083,0.1504,-0.0172,-0.0726,0.9972,20.40,0
25.6394,CoreSystemMain,0.500,1,-0.0929,0.5085,0.1720,318.22,323.37,33.89,0.1124,0.5771,0.2598,271.08,28.73,332.87,0.0292,0.9084,0.1505,4.16,359.01,0.56,0.0825,0.5231,1.0098,0.00,0.02,0.00,0.0292,0.9084,0.1505,-0.0172,-0.0726,0.9972,20.41,0
25.6507,CoreSystemMain,0.500,1,-0.0929,0.5085,0.1720,318.20,323.37,33.82,0.1129,0.5775,0.2601,271.18,30.03,331.26,0.0291,0.9084,0.1504,4.13,359.01,0.56,0.0852,0.5235,1.0099,0.00,0.02,0.00,0.0291,0.9084,0.1504,-0.0172,-0.0721,0.9973,20.46,0
25.6616,CoreSystemMain,0.500,1,-0.0929,0.5084,0.1721,318.17,323.38,33.78,0.1132,0.5777,0.2603,271.13,27.06,334.25,0.0292,0.9084,0.1504,4.14,359.01,0.57,0.0873,0.5239,1.0100,0.00,0.02,0.00,0.0292,0.9084,0.1504,-0.0173,-0.0721,0.9972,20.46,0
25.6728,CoreSystemMain,0.500,1,-0.0929,0.5084,0.1721,318.16,323.36,33.79,0.1136,0.5779,0.2605,270.91,15.79,345.84,0.0292,0.9085,0.1504,4.14,358.99,0.56,0.0892,0.5242,1.0102,0.00,0.02,0.00,0.0292,0.9085,0.1504,-0.0175,-0.0721,0.9972,20.47,0
25.6841,CoreSystemMain,0.500,1,-0.0929,0.5084,0.1721,318.15,323.35,33.80,0.1138,0.5779,0.2605,270.56,352.30,9.80,0.0291,0.9085,0.1504,4.12,358.98,0.58,0.0911,0.5246,1.0102,0.00,0.02,0.00,0.0291,0.9085,0.1504,-0.0177,-0.0719,0.9973,20.49,0
25.6954,CoreSystemMain,0.500,1,-0.0929,0.5084,0.1721,318.15,323.35,33.82,0.1143,0.5781,0.2607,270.43,345.45,16.84,0.0291,0.9085,0.1503,4.11,358.98,0.59,0.0934,0.5251,1.0101,0.00,0.02,0.00,0.0291,0.9085,0.1503,-0.0178,-0.0716,0.9973,20.51,0
25.7061,CoreSystemMain,0.500,1,-0.0929,0.5084,0.1722,318.21,323.36,33.82,0.1146,0.5782,0.2608,270.32,333.80,28.61,0.0291,0.9085,0.1504,4.11,358.97,0.60,0.0958,0.5257,1.0098,0.00,0.02,0.00,0.0291,0.9085,0.1504,-0.0179,-0.0717,0.9973,20.52,0
25.7175,CoreSystemMain,0.500,1,-0.0929,0.5084,0.1722,318.21,323.36,33.86,0.1150,0.5781,0.2614,270.26,329.89,32.67,0.0291,0.9085,0.1503,4.11,358.96,0.59,0.0980,0.5262,1.0095,0.00,0.02,0.00,0.0291,0.9085,0.1503,-0.0181,-0.0717,0.9973,20.53,0
25.7283,CoreSystemMain,0.500,1,-0.0928,0.5084,0.1724,318.24,323.31,33.88,0.1155,0.5780,0.2617,270.27,342.02,20.67,0.0291,0.9085,0.1503,4.12,358.96,0.58,0.1003,0.5268,1.0092,0.00,0.02,0.00,0.0291,0.9085,0.1503,-0.0181,-0.0718,0.9973,20.54,0
25.7394,CoreSystemMain,0.500,1,-0.0928,0.5084,0.1724,318.26,323.29,33.92,0.1161,0.5779,0.2620,270.36,349.27,13.52,0.0291,0.9084,0.1503,4.11,358.96,0.57,0.1025,0.5272,1.0090,0.00,0.02,0.00,0.0291,0.9084,0.1503,-0.0182,-0.0717,0.9973,20.56,0
25.7506,CoreSystemMain,0.500,1,-0.0928,0.5084,0.1724,318.23,323.28,33.93,0.1166,0.5776,0.2624,270.52,4.23,358.64,0.0290,0.9085,0.1503,4.12,358.96,0.55,0.1046,0.5276,1.0088,0.00,0.02,0.00,0.0290,0.9085,0.1503,-0.0181,-0.0719,0.9973,20.57,0
25.7617,CoreSystemMain,0.500,1,-0.0927,0.5084,0.1724,318.23,323.32,33.91,0.1170,0.5776,0.2627,270.57,350.49,12.67,0.0290,0.9085,0.1503,4.12,358.97,0.53,0.1067,0.5280,1.0088,0.00,0.02,0.00,0.0290,0.9085,0.1503,-0.0180,-0.0719,0.9972,20.58,0
25.7728,CoreSystemMain,0.500,1,-0.0927,0.5084,0.1724,318.20,323.43,33.83,0.1173,0.5773,0.2631,270.76,358.74,4.48,0.0290,0.9085,0.1503,4.13,358.96,0.52,0.1088,0.5282,1.0088,0.00,0.02,0.00,0.0290,0.9085,0.1503,-0.0181,-0.0720,0.9972,20.60,0
25.7838,CoreSystemMain,0.500,1,-0.0926,0.5085,0.1723,318.16,323.46,33.82,0.1178,0.5769,0.2635,270.84,12.69,350.61,0.0290,0.9085,0.1503,4.13,358.98,0.53,0.1109,0.5284,1.0090,0.00,0.02,0.00,0.0290,0.9085,0.1503,-0.0178,-0.0720,0.9972,20.62,0
25.7952,CoreSystemMain,0.500,1,-0.0927,0.5085,0.1722,318.14,323.50,33.82,0.1182,0.5768,0.2636,271.10,20.98,342.24,0.0290,0.9085,0.1503,4.12,358.98,0.55,0.1130,0.5286,1.0091,0.00,0.02,0.00,0.0290,0.9085,0.1503,-0.0178,-0.0719,0.9973,20.65,0
25.8064,CoreSystemMain,0.500,1,-0.0927,0.5085,0.1722,318.12,323.43,33.86,0.1185,0.5767,0.2637,271.21,27.23,336.17,0.0290,0.9085,0.1504,4.10,358.99,0.57,0.1149,0.5286,1.0094,0.00,0.02,0.00,0.0290,0.9085,0.1504,-0.0176,-0.0716,0.9973,20.69,0
25.8174,CoreSystemMain,0.500,1,-0.0927,0.5085,0.1722,318.17,323.43,33.81,0.1188,0.5767,0.2638,271.22,29.98,333.44,0.0290,0.9085,0.1504,4.10,358.99,0.59,0.1170,0.5287,1.0097,0.00,0.02,0.00,0.0290,0.9085,0.1504,-0.0176,-0.0714,0.9973,20.73,0
25.8283,CoreSystemMain,0.500,1,-0.0928,0.5085,0.1721,318.21,323.44,33.80,0.1190,0.5766,0.2638,271.11,26.43,337.01,0.0290,0.9085,0.1504,4.11,358.99,0.59,0.1190,0.5287,1.0099,0.00,0.02,0.00,0.0290,0.9085,0.1504,-0.0175,-0.0716,0.9973,20.74,0
25.8394,CoreSystemMain,0.500,1,-0.0928,0.5085,0.1721,318.23,323.42,33.83,0.1190,0.5765,0.2638,270.93,19.90,343.69,0.0290,0.9084,0.1504,4.10,359.00,0.60,0.1207,0.5287,1.0102,0.00,0.02,0.00,0.0290,0.9084,0.1504,-0.0174,-0.0714,0.9973,20.77,0
25.8504,CoreSystemMain,0.500,1,-0.0929,0.5084,0.1722,318.22,323.43,33.82,0.1191,0.5763,0.2640,270.84,8.41,355.34,0.0290,0.9084,0.1504,4.12,359.00,0.58,0.1223,0.5288,1.0103,0.00,0.02,0.00,0.0290,0.9084,0.1504,-0.0175,-0.0718,0.9973,20.77,0
25.8615,CoreSystemMain,0.500,1,-0.0929,0.5084,0.1721,318.22,323.44,33.81,0.1190,0.5761,0.2639,270.80,356.82,7.07,0.0291,0.9084,0.1504,4.12,358.99,0.58,0.1239,0.5289,1.0104,0.00,0.02,0.00,0.0291,0.9084,0.1504,-0.0176,-0.0718,0.9973,20.79,0
25.8726,CoreSystemMain,0.500,1,-0.0929,0.5083,0.1721,318.23,323.42,33.82,0.1190,0.5760,0.2640,270.79,353.52,10.48,0.0291,0.9083,0.1505,4.11,358.99,0.58,0.1254,0.5290,1.0105,0.00,0.02,0.00,0.0291,0.9083,0.1505,-0.0177,-0.0717,0.9973,20.82,0
25.8838,CoreSystemMain,0.500,1,-0.0930,0.5082,0.1721,318.21,323.41,33.83,0.1188,0.5758,0.2640,270.85,357.45,6.62,0.0291,0.9083,0.1504,4.13,358.98,0.57,0.1269,0.5291,1.0105,0.00,0.02,0.00,0.0291,0.9083,0.1504,-0.0177,-0.0720,0.9972,20.83,0
25.8947,CoreSystemMain,0.500,1,-0.0930,0.5082,0.1722,318.20,323.39,33.81,0.1186,0.5756,0.2640,270.99,2.49,1.71,0.0291,0.9083,0.1505,4.13,358.99,0.56,0.1284,0.5292,1.0106,0.00,0.02,0.00,0.0291,0.9083,0.1505,-0.0176,-0.0720,0.9972,20.85,0
25.9059,CoreSystemMain,0.500,1,-0.0930,0.5081,0.1722,318.17,323.44,33.74,0.1186,0.5753,0.2639,271.20,5.85,358.21,0.0291,0.9083,0.1505,4.14,359.00,0.56,0.1299,0.5292,1.0107,0.00,0.02,0.00,0.0291,0.9083,0.1505,-0.0175,-0.0721,0.9972,20.86,0
25.9170,CoreSystemMain,0.500,1,-0.0929,0.5080,0.1722,318.16,323.48,33.69,0.1186,0.5752,0.2639,271.33,8.80,355.11,0.0291,0.9082,0.1505,4.16,358.99,0.54,0.1311,0.5292,1.0109,0.00,0.02,0.00,0.0291,0.9082,0.1505,-0.0176,-0.0726,0.9972,20.86,0
25.9280,CoreSystemMain,0.500,1,-0.0929,0.5080,0.1723,318.21,323.58,33.60,0.1183,0.5748,0.2636,271.65,14.80,348.70,0.0291,0.9082,0.1505,4.18,358.99,0.55,0.1321,0.5291,1.0111,0.00,0.02,0.00,0.0291,0.9082,0.1505,-0.0175,-0.0729,0.9972,20.86,0
25.9392,CoreSystemMain,0.500,1,-0.0929,0.5080,0.1723,318.25,323.58,33.61,0.1180,0.5744,0.2636,271.76,15.71,347.65,0.0291,0.9082,0.1505,4.19,358.99,0.56,0.1328,0.5290,1.0114,0.00,0.02,0.00,0.0291,0.9082,0.1505,-0.0176,-0.0730,0.9972,20.87,0
25.9505,CoreSystemMain,0.500,0,-0.0929,0.5080,0.1722,318.29,323.50,33.74,0.1178,0.5738,0.2634,271.82,11.55,351.97,0.0291,0.9082,0.1505,4.19,358.99,0.56,0.1334,0.5289,1.0117,0.00,0.02,0.00,0.0291,0.9082,0.1505,-0.0175,-0.0730,0.9972,20.88,0
25.9617,CoreSystemMain,0.500,0,-0.0930,0.5080,0.1722,318.30,323.40,33.81,0.1177,0.5733,0.2633,271.95,10.25,353.16,0.0292,0.9082,0.1506,4.21,358.99,0.57,0.1334,0.5289,1.0117,0.00,0.02,0.00,0.0292,0.9082,0.1506,-0.0175,-0.0733,0.9972,20.86,0
25.9725,CoreSystemMain,0.500,0,-0.0930,0.5080,0.1722,318.28,323.40,33.83,0.1177,0.5729,0.2632,272.06,8.81,354.60,0.0292,0.9081,0.1506,4.20,359.00,0.59,0.1379,0.5255,1.0120,0.00,0.02,0.00,0.0292,0.9081,0.1506,-0.0173,-0.0733,0.9972,21.11,0
25.9837,CoreSystemMain,0.500,0,-0.0930,0.5080,0.1722,318.27,323.37,33.81,0.1178,0.5720,0.2631,272.14,8.49,354.92,0.0291,0.9082,0.1506,4.18,359.00,0.60,0.1379,0.5255,1.0120,0.00,0.02,0.00,0.0291,0.9082,0.1506,-0.0173,-0.0729,0.9972,21.14,0
25.9950,CoreSystemMain,0.500,0,-0.0930,0.5081,0.1722,318.22,323.40,33.71,0.1178,0.5713,0.2630,272.21,8.85,354.54,0.0291,0.9082,0.1506,4.18,358.99,0.59,0.1424,0.5182,1.0124,0.00,0.02,0.00,0.0291,0.9082,0.1506,-0.0176,-0.0729,0.9972,21.60,0
26.0058,CoreSystemMain,0.500,0,-0.0930,0.5081,0.1722,318.17,323.43,33.68,0.1178,0.5702,0.2629,272.44,9.17,354.19,0.0291,0.9082,0.1506,4.18,358.99,0.57,0.1424,0.5182,1.0124,0.00,0.02,0.00,0.0291,0.9082,0.1506,-0.0175,-0.0728,0.9972,21.60,0
26.0171,CoreSystemMain,0.500,0,-0.0930,0.5081,0.1722,318.17,323.42,33.68,0.1178,0.5696,0.2628,272.58,9.39,353.96,0.0290,0.9081,0.1507,4.17,358.99,0.56,0.1469,0.5070,1.0127,0.00,0.02,0.00,0.0290,0.9081,0.1507,-0.0176,-0.0727,0.9972,22.25,0
26.0281,CoreSystemMain,0.500,0,-0.0931,0.5081,0.1722,318.18,323.40,33.71,0.1179,0.5685,0.2627,272.86,10.13,353.15,0.0290,0.9082,0.1507,4.17,358.98,0.57,0.1469,0.5070,1.0127,0.00,0.02,0.00,0.0290,0.9082,0.1507,-0.0178,-0.0726,0.9972,22.26,0
26.0393,CoreSystemMain,0.500,0,-0.0931,0.5081,0.1722,318.19,323.34,33.75,0.1180,0.5673,0.2627,273.23,10.96,352.27,0.0289,0.9082,0.1507,4.16,358.96,0.58,0.1514,0.4919,1.0130,0.00,0.02,0.00,0.0289,0.9082,0.1507,-0.0181,-0.0726,0.9972,23.11,0
26.0615,CoreSystemMain,0.500,0,-0.0932,0.5080,0.1722,318.28,323.25,33.84,0.1183,0.5638,0.2626,274.25,12.64,350.40,0.0288,0.9082,0.1507,4.18,358.93,0.60,0.1559,0.4729,1.0134,0.00,0.02,0.00,0.0288,0.9082,0.1507,-0.0187,-0.0729,0.9972,24.11,0
26.0650,CoreSystemMain,0.500,0,-0.0932,0.5080,0.1722,318.28,323.24,33.84,0.1183,0.5635,0.2625,274.34,12.69,350.34,0.0288,0.9082,0.1507,4.18,358.93,0.60,0.1559,0.4729,1.0134,0.00,0.02,0.00,0.0288,0.9082,0.1507,-0.0187,-0.0730,0.9972,24.11,0
26.0727,CoreSystemMain,0.500,0,-0.0932,0.5080,0.1722,318.34,323.28,33.82,0.1184,0.5610,0.2625,274.98,11.87,351.09,0.0287,0.9082,0.1507,4.20,358.91,0.60,0.1604,0.4499,1.0137,0.00,0.02,0.00,0.0287,0.9082,0.1507,-0.0189,-0.0733,0.9971,25.27,0
26.0836,CoreSystemMain,0.500,0,-0.0932,0.5080,0.1723,318.32,323.26,33.85,0.1185,0.5587,0.2624,275.55,10.66,352.28,0.0286,0.9082,0.1507,4.23,358.90,0.60,0.1604,0.4499,1.0137,0.00,0.02,0.00,0.0286,0.9082,0.1507,-0.0191,-0.0737,0.9971,25.25,0
26.0949,CoreSystemMain,0.500,0,-0.0932,0.5080,0.1723,318.33,323.23,33.89,0.1185,0.5559,0.2623,276.34,8.59,354.39,0.0285,0.9081,0.1506,4.25,358.90,0.60,0.1649,0.4230,1.0140,0.00,0.02,0.00,0.0285,0.9081,0.1506,-0.0192,-0.0741,0.9971,26.56,0
26.1092,CoreSystemMain,0.500,0,-0.0933,0.5082,0.1723,318.32,323.23,33.84,0.1186,0.5505,0.2618,278.03,6.52,356.41,0.0283,0.9082,0.1506,4.25,358.88,0.60,0.1693,0.3922,1.0144,0.00,0.02,0.00,0.0283,0.9082,0.1506,-0.0196,-0.0742,0.9971,28.04,0
26.1171,CoreSystemMain,0.500,0,-0.0934,0.5082,0.1722,318.31,323.21,33.82,0.1187,0.5487,0.2616,278.53,6.42,356.48,0.0282,0.9082,0.1505,4.23,358.88,0.62,0.1693,0.3922,1.0144,0.00,0.02,0.00,0.0282,0.9082,0.1505,-0.0194,-0.0737,0.9971,28.06,0
26.1280,CoreSystemMain,0.500,0,-0.0935,0.5083,0.1721,318.25,323.17,33.91,0.1187,0.5436,0.2609,280.09,6.67,356.04,0.0281,0.9083,0.1505,4.22,358.86,0.60,0.1693,0.3922,1.0144,0.00,0.02,0.00,0.0281,0.9083,0.1505,-0.0198,-0.0736,0.9971,28.08,0
26.1393,CoreSystemMain,0.500,0,-0.0936,0.5084,0.1721,318.21,323.11,33.94,0.1187,0.5401,0.2604,281.17,6.80,355.78,0.0279,0.9083,0.1505,4.19,358.84,0.60,0.1738,0.3574,1.0147,0.00,0.02,0.00,0.0279,0.9083,0.1505,-0.0201,-0.0731,0.9971,29.71,0
26.1505,CoreSystemMain,0.500,0,-0.0937,0.5086,0.1720,318.17,323.04,34.00,0.1189,0.5348,0.2595,282.92,6.11,356.16,0.0278,0.9084,0.1504,4.17,358.83,0.59,0.1783,0.3187,1.0150,0.00,0.02,0.00,0.0278,0.9084,0.1504,-0.0203,-0.0728,0.9971,31.45,0
26.1616,CoreSystemMain,0.500,0,-0.0939,0.5087,0.1720,318.15,322.96,34.04,0.1191,0.5298,0.2585,284.43,5.16,356.97,0.0276,0.9084,0.1504,4.15,358.82,0.59,0.1783,0.3187,1.0150,0.00,0.02,0.00,0.0276,0.9084,0.1504,-0.0206,-0.0724,0.9972,31.48,0
26.1725,CoreSystemMain,0.500,0,-0.0941,0.5088,0.1719,318.12,322.88,34.11,0.1194,0.5241,0.2571,286.36,4.16,357.85,0.0274,0.9084,0.1504,4.13,358.80,0.60,0.1828,0.2762,1.0154,0.00,0.02,0.00,0.0274,0.9084,0.1504,-0.0209,-0.0721,0.9972,33.30,0
26.1838,CoreSystemMain,0.500,0,-0.0944,0.5089,0.1719,318.11,322.81,34.16,0.1195,0.5200,0.2563,287.90,4.05,357.84,0.0271,0.9084,0.1503,4.11,358.79,0.64,0.1828,0.2762,1.0154,0.00,0.02,0.00,0.0271,0.9084,0.1503,-0.0211,-0.0716,0.9972,33.33,0
26.1948,CoreSystemMain,0.500,0,-0.0946,0.5090,0.1718,318.13,322.77,34.14,0.1201,0.5146,0.2546,290.02,4.82,356.99,0.0269,0.9084,0.1503,4.09,358.75,0.66,0.1873,0.2296,1.0157,0.00,0.02,0.00,0.0269,0.9084,0.1503,-0.0218,-0.0713,0.9972,35.23,0
26.2058,CoreSystemMain,0.500,0,-0.0948,0.5090,0.1718,318.11,322.68,34.18,0.1207,0.5097,0.2532,291.90,5.68,356.27,0.0267,0.9084,0.1502,4.08,358.70,0.69,0.1873,0.2296,1.0157,0.00,0.02,0.00,0.0267,0.9084,0.1502,-0.0226,-0.0712,0.9972,35.25,0
26.2169,CoreSystemMain,0.500,0,-0.0949,0.5089,0.1717,318.15,322.60,34.20,0.1217,0.5033,0.2508,294.63,7.64,354.84,0.0264,0.9084,0.1502,4.08,358.66,0.72,0.1918,0.1792,1.0161,0.00,0.02,0.00,0.0264,0.9084,0.1502,-0.0234,-0.0711,0.9972,37.19,0
26.2280,CoreSystemMain,0.500,0,-0.0951,0.5089,0.1717,318.15,322.58,34.22,0.1224,0.4980,0.2491,296.72,8.18,354.64,0.0262,0.9084,0.1502,4.09,358.61,0.73,0.1918,0.1792,1.0161,0.00,0.02,0.00,0.0262,0.9084,0.1502,-0.0242,-0.0714,0.9972,37.19,0
26.2392,CoreSystemMain,0.500,0,-0.0952,0.5088,0.1716,318.17,322.59,34.23,0.1231,0.4918,0.2469,299.14,8.35,355.07,0.0260,0.9084,0.1502,4.09,358.56,0.75,0.1963,0.1248,1.0164,0.00,0.02,0.00,0.0260,0.9084,0.1502,-0.0251,-0.0713,0.9971,39.15,0
26.2503,CoreSystemMain,0.500,0,-0.0954,0.5088,0.1716,318.20,322.58,34.23,0.1236,0.4859,0.2448,301.62,8.10,355.75,0.0257,0.9084,0.1501,4.09,358.50,0.76,0.2008,0.0665,1.0167,0.00,0.02,0.00,0.0257,0.9084,0.1501,-0.0261,-0.0714,0.9971,41.12,0
26.2614,CoreSystemMain,0.500,0,-0.0955,0.5086,0.1716,318.22,322.59,34.17,0.1243,0.4795,0.2422,304.12,7.41,356.68,0.0254,0.9083,0.1501,4.11,358.45,0.78,0.2008,0.0665,1.0167,0.00,0.02,0.00,0.0254,0.9083,0.1501,-0.0270,-0.0717,0.9971,41.12,0
26.2726,CoreSystemMain,0.500,0,-0.0956,0.5085,0.1715,318.26,322.60,34.14,0.1251,0.4734,0.2399,306.38,6.86,357.22,0.0252,0.9083,0.1500,4.12,358.42,0.80,0.2017,0.0732,1.0171,0.15,0.12,359.47,0.0252,0.9083,0.1500,-0.0276,-0.0719,0.9970,40.89,0
26.2836,CoreSystemMain,0.500,0,-0.0956,0.5083,0.1714,318.31,322.63,34.11,0.1261,0.4669,0.2375,308.65,6.17,357.85,0.0250,0.9082,0.1499,4.15,358.38,0.83,0.2017,0.0732,1.0171,0.15,0.12,359.47,0.0250,0.9082,0.1499,-0.0282,-0.0724,0.9970,40.87,0
26.2948,CoreSystemMain,0.500,0,-0.0957,0.5082,0.1714,318.35,322.63,34.11,0.1270,0.4611,0.2353,310.63,5.56,358.43,0.0248,0.9081,0.1498,4.21,358.29,0.83,0.2012,0.0746,1.0169,0.12,0.05,359.72,0.0248,0.9081,0.1498,-0.0298,-0.0734,0.9969,40.79,0
26.3059,CoreSystemMain,0.500,0,-0.0957,0.5081,0.1713,318.38,322.65,34.15,0.1282,0.4547,0.2323,312.36,4.42,359.48,0.0246,0.9080,0.1497,4.19,358.32,0.87,0.2012,0.0746,1.0169,0.12,0.05,359.72,0.0246,0.9080,0.1497,-0.0292,-0.0731,0.9969,40.79,0
26.3171,CoreSystemMain,0.500,0,-0.0958,0.5079,0.1711,318.39,322.66,34.17,0.1292,0.4489,0.2294,313.94,3.84,0.34,0.0245,0.9079,0.1497,4.22,358.31,0.87,0.2008,0.0749,1.0168,0.03,0.02,359.93,0.0245,0.9079,0.1497,-0.0294,-0.0736,0.9969,40.76,0
26.3282,CoreSystemMain,0.500,0,-0.0958,0.5077,0.1711,318.35,322.76,34.13,0.1304,0.4433,0.2268,315.58,3.85,0.54,0.0244,0.9078,0.1497,4.23,358.30,0.89,0.2007,0.0750,1.0167,359.99,0.01,0.00,0.0244,0.9078,0.1497,-0.0296,-0.0737,0.9968,40.76,0
26.3394,CoreSystemMain,0.500,0,-0.0957,0.5077,0.1710,318.32,322.92,33.96,0.1317,0.4381,0.2237,317.28,4.52,359.69,0.0243,0.9078,0.1496,4.25,358.29,0.88,0.2007,0.0750,1.0167,359.99,0.01,0.00,0.0243,0.9078,0.1496,-0.0298,-0.0741,0.9968,40.73,0
26.3503,CoreSystemMain,0.500,0,-0.0957,0.5076,0.1709,318.30,323.08,33.83,0.1327,0.4331,0.2215,319.16,4.87,359.06,0.0242,0.9077,0.1495,4.26,358.27,0.88,0.2007,0.0750,1.0167,359.98,0.01,0.01,0.0242,0.9077,0.1495,-0.0301,-0.0744,0.9968,40.72,0
26.3613,CoreSystemMain,0.500,0,-0.0957,0.5076,0.1709,318.29,323.15,33.79,0.1337,0.4286,0.2194,321.26,4.99,357.62,0.0242,0.9077,0.1495,4.28,358.28,0.89,0.2007,0.0750,1.0167,359.98,0.01,0.01,0.0242,0.9077,0.1495,-0.0299,-0.0747,0.9968,40.70,0
26.3726,CoreSystemMain,0.500,0,-0.0957,0.5075,0.1708,318.27,323.17,33.77,0.1348,0.4243,0.2179,323.27,4.56,356.66,0.0241,0.9077,0.1493,4.29,358.29,0.89,0.2007,0.0750,1.0167,0.00,0.02,0.00,0.0241,0.9077,0.1493,-0.0298,-0.0748,0.9968,40.68,0
26.3837,CoreSystemMain,0.500,0,-0.0957,0.5075,0.1707,318.28,323.11,33.84,0.1358,0.4205,0.2166,324.91,3.53,356.21,0.0242,0.9077,0.1492,4.30,358.31,0.90,0.2007,0.0750,1.0167,0.00,0.02,0.00,0.0242,0.9077,0.1492,-0.0295,-0.0749,0.9968,40.67,0
26.3947,CoreSystemMain,0.500,0,-0.0957,0.5074,0.1707,318.27,323.10,33.86,0.1368,0.4165,0.2154,326.28,2.93,356.46,0.0242,0.9077,0.1491,4.32,358.34,0.90,0.2008,0.0750,1.0167,0.00,0.02,0.00,0.0242,0.9077,0.1491,-0.0289,-0.0754,0.9967,40.63,0
26.4059,CoreSystemMain,0.500,0,-0.0958,0.5074,0.1707,318.28,323.09,33.88,0.1379,0.4126,0.2140,327.00,2.23,357.78,0.0243,0.9077,0.1490,4.31,358.37,0.91,0.2008,0.0750,1.0167,0.00,0.02,0.00,0.0243,0.9077,0.1490,-0.0284,-0.0752,0.9968,40.63,0
26.4170,CoreSystemMain,0.500,0,-0.0956,0.5073,0.1709,318.27,323.20,33.79,0.1398,0.4112,0.2131,325.17,3.09,0.70,0.0243,0.9078,0.1489,4.30,358.41,0.94,0.2008,0.0750,1.0167,0.00,0.02,0.00,0.0243,0.9078,0.1489,-0.0276,-0.0750,0.9968,40.62,0
26.4281,CoreSystemMain,0.500,0,-0.0955,0.5072,0.1710,318.27,323.23,33.79,0.1413,0.4081,0.2122,325.43,3.55,1.32,0.0244,0.9078,0.1487,4.29,358.47,0.97,0.2008,0.0750,1.0167,0.00,0.02,0.00,0.0244,0.9078,0.1487,-0.0267,-0.0748,0.9968,40.62,0
26.4393,CoreSystemMain,0.500,0,-0.0953,0.5071,0.1712,318.30,323.34,33.72,0.1432,0.4076,0.2117,324.47,4.15,2.36,0.0245,0.9079,0.1486,4.29,358.51,0.98,0.2008,0.0750,1.0167,0.00,0.02,0.00,0.0245,0.9079,0.1486,-0.0259,-0.0748,0.9969,40.61,0
26.4503,CoreSystemMain,0.500,0,-0.0952,0.5072,0.1712,318.32,323.38,33.72,0.1443,0.4056,0.2111,324.81,4.11,2.92,0.0246,0.9080,0.1484,4.26,358.56,1.00,0.2008,0.0750,1.0167,0.00,0.02,0.00,0.0246,0.9080,0.1484,-0.0251,-0.0743,0.9969,40.61,0
26.4615,CoreSystemMain,0.500,0,-0.0949,0.5072,0.1714,318.37,323.42,33.75,0.1454,0.4052,0.2108,324.32,3.56,3.79,0.0248,0.9081,0.1483,4.22,358.63,1.02,0.2008,0.0750,1.0167,0.00,0.02,0.00,0.0248,0.9081,0.1483,-0.0239,-0.0736,0.9970,40.64,0
26.4725,CoreSystemMain,0.500,0,-0.0947,0.5073,0.1715,318.39,323.41,33.82,0.1463,0.4041,0.2104,324.34,3.10,4.24,0.0249,0.9082,0.1482,4.18,358.68,1.03,0.2008,0.0750,1.0167,0.00,0.02,0.00,0.0249,0.9082,0.1482,-0.0229,-0.0729,0.9971,40.66,0
26.4837,CoreSystemMain,0.500,0,-0.0945,0.5075,0.1717,318.36,323.41,33.94,0.1470,0.4040,0.2104,324.30,2.53,4.23,0.0250,0.9083,0.1480,4.15,358.72,1.02,0.2008,0.0750,1.0167,0.00,0.02,0.00,0.0250,0.9083,0.1480,-0.0223,-0.0723,0.9971,40.68,0
26.4948,CoreSystemMain,0.500,0,-0.0943,0.5077,0.1717,318.32,323.41,34.00,0.1474,0.4042,0.2105,324.50,2.42,3.97,0.0251,0.9083,0.1480,4.12,358.73,1.02,0.2008,0.0750,1.0167,0.00,0.02,0.00,0.0251,0.9083,0.1480,-0.0222,-0.0719,0.9972,40.70,0
26.5058,CoreSystemMain,0.500,0,-0.0940,0.5080,0.1718,318.22,323.46,34.05,0.1480,0.4048,0.2110,324.90,2.94,3.04,0.0252,0.9085,0.1478,4.07,358.76,1.01,0.2008,0.0750,1.0167,0.00,0.02,0.00,0.0252,0.9085,0.1478,-0.0215,-0.0711,0.9972,40.74,0
26.5169,CoreSystemMain,0.500,0,-0.0936,0.5083,0.1719,318.09,323.48,34.02,0.1486,0.4056,0.2116,325.18,3.79,2.08,0.0253,0.9086,0.1477,4.04,358.78,1.00,0.2008,0.0750,1.0167,0.00,0.02,0.00,0.0253,0.9086,0.1477,-0.0212,-0.0705,0.9973,40.76,0
26.5281,CoreSystemMain,0.500,0,-0.0934,0.5085,0.1720,318.02,323.48,34.02,0.1492,0.4052,0.2119,325.54,4.28,1.67,0.0254,0.9087,0.1475,4.00,358.78,1.00,0.2008,0.0750,1.0167,0.00,0.02,0.00,0.0254,0.9087,0.1475,-0.0213,-0.0698,0.9973,40.80,0
26.5392,CoreSystemMain,0.500,0,-0.0932,0.5088,0.1720,317.90,323.42,34.04,0.1495,0.4061,0.2131,325.84,5.22,0.86,0.0255,0.9088,0.1474,3.97,358.77,0.99,0.2008,0.0750,1.0167,0.00,0.02,0.00,0.0255,0.9088,0.1474,-0.0215,-0.0692,0.9974,40.83,0
26.5502,CoreSystemMain,0.500,0,-0.0929,0.5092,0.1721,317.87,323.31,34.16,0.1498,0.4066,0.2140,326.19,5.92,0.31,0.0255,0.9088,0.1473,3.97,358.75,1.00,0.2008,0.0750,1.0167,0.00,0.02,0.00,0.0255,0.9088,0.1473,-0.0218,-0.0692,0.9974,40.84,0
26.5614,CoreSystemMain,0.500,0,-0.0927,0.5094,0.1721,317.85,323.24,34.26,0.1501,0.4067,0.2147,326.57,6.32,0.01,0.0255,0.9089,0.1472,3.95,358.73,1.02,0.2008,0.0750,1.0167,0.00,0.02,0.00,0.0255,0.9089,0.1472,-0.0220,-0.0688,0.9974,40.86,0
26.5727,CoreSystemMain,0.500,0,-0.0925,0.5097,0.1721,317.86,323.16,34.44,0.1500,0.4074,0.2157,327.05,6.76,359.64,0.0256,0.9089,0.1470,3.94,358.70,1.03,0.2008,0.0750,1.0167,0.00,0.02,0.00,0.0256,0.9089,0.1470,-0.0226,-0.0686,0.9974,40.87,0
26.5837,CoreSystemMain,0.500,0,-0.0921,0.5100,0.1721,317.91,323.10,34.56,0.1501,0.4083,0.2166,327.63,7.20,358.95,0.0256,0.9089,0.1470,3.94,358.69,1.04,0.2008,0.0750,1.0167,0.00,0.02,0.00,0.0256,0.9089,0.1470,-0.0229,-0.0687,0.9974,40.87,0
26.5948,CoreSystemMain,0.500,0,-0.0919,0.5102,0.1721,317.95,323.09,34.61,0.1496,0.4092,0.2178,328.02,7.64,357.88,0.0257,0.9089,0.1469,3.94,358.67,1.03,0.2008,0.0750,1.0167,0.00,0.02,0.00,0.0257,0.9089,0.1469,-0.0231,-0.0687,0.9974,40.87,0
26.6059,CoreSystemMain,0.500,0,-0.0916,0.5104,0.1722,317.94,323.05,34.67,0.1496,0.4094,0.2185,328.22,7.77,357.72,0.0258,0.9090,0.1468,3.92,358.66,1.03,0.2008,0.0750,1.0167,0.00,0.02,0.00,0.0258,0.9090,0.1468,-0.0233,-0.0684,0.9974,40.89,0
26.6171,CoreSystemMain,0.500,0,-0.0914,0.5105,0.1722,317.91,323.03,34.71,0.1492,0.4100,0.2193,328.07,7.94,357.59,0.0258,0.9091,0.1467,3.92,358.65,1.00,0.2008,0.0750,1.0167,0.00,0.02,0.00,0.0258,0.9091,0.1467,-0.0236,-0.0684,0.9974,40.89,0
26.6282,CoreSystemMain,0.500,0,-0.0911,0.5106,0.1722,317.89,323.06,34.70,0.1485,0.4111,0.2204,327.23,7.99,357.65,0.0259,0.9091,0.1467,3.91,358.64,0.96,0.2008,0.0750,1.0167,0.00,0.02,0.00,0.0259,0.9091,0.1467,-0.0236,-0.0682,0.9974,40.90,0
26.6391,CoreSystemMain,0.500,0,-0.0909,0.5107,0.1722,317.88,323.09,34.70,0.1481,0.4118,0.2211,326.64,7.91,357.86,0.0259,0.9091,0.1467,3.89,358.64,0.94,0.2008,0.0750,1.0167,0.00,0.02,0.00,0.0259,0.9091,0.1467,-0.0237,-0.0679,0.9974,40.92,0
26.6504,CoreSystemMain,0.500,0,-0.0907,0.5108,0.1721,317.90,323.14,34.70,0.1472,0.4133,0.2223,325.03,7.20,358.94,0.0260,0.9092,0.1466,3.89,358.62,0.91,0.2008,0.0750,1.0167,0.00,0.02,0.00,0.0260,0.9092,0.1466,-0.0241,-0.0678,0.9974,40.93,0
26.6614,CoreSystemMain,0.500,0,-0.0905,0.5108,0.1721,317.89,323.17,34.73,0.1465,0.4144,0.2230,324.19,6.55,359.65,0.0261,0.9093,0.1465,3.89,358.59,0.89,0.2008,0.0750,1.0167,0.00,0.02,0.00,0.0261,0.9093,0.1465,-0.0246,-0.0678,0.9974,40.94,0
26.6728,CoreSystemMain,0.500,0,-0.0904,0.5109,0.1720,317.87,323.19,34.75,0.1459,0.4157,0.2238,323.58,5.66,0.35,0.0262,0.9093,0.1465,3.87,358.58,0.89,0.2008,0.0750,1.0167,0.00,0.02,0.00,0.0262,0.9093,0.1465,-0.0248,-0.0675,0.9974,40.96,0
26.6836,CoreSystemMain,0.500,0,-0.0904,0.5109,0.1718,317.86,323.25,34.69,0.1451,0.4172,0.2246,323.09,5.41,0.04,0.0262,0.9094,0.1465,3.85,358.56,0.88,0.2008,0.0750,1.0167,0.00,0.02,0.00,0.0262,0.9094,0.1465,-0.0251,-0.0671,0.9974,40.99,0
26.6948,CoreSystemMain,0.500,0,-0.0904,0.5109,0.1717,317.86,323.29,34.61,0.1440,0.4194,0.2256,322.64,5.47,359.06,0.0263,0.9094,0.1465,3.83,358.54,0.87,0.2008,0.0750,1.0167,0.00,0.02,0.00,0.0263,0.9094,0.1465,-0.0255,-0.0667,0.9974,41.01,0
26.7059,CoreSystemMain,0.500,0,-0.0905,0.5108,0.1716,317.85,323.30,34.51,0.1433,0.4210,0.2266,322.20,5.39,359.03,0.0263,0.9095,0.1464,3.80,358.51,0.85,0.2008,0.0750,1.0167,0.00,0.02,0.00,0.0263,0.9095,0.1464,-0.0259,-0.0663,0.9975,41.04,0
26.7171,CoreSystemMain,0.500,0,-0.0906,0.5108,0.1715,317.90,323.33,34.43,0.1427,0.4235,0.2277,321.70,5.88,358.16,0.0264,0.9095,0.1465,3.78,358.49,0.84,0.2008,0.0750,1.0167,0.00,0.02,0.00,0.0264,0.9095,0.1465,-0.0262,-0.0659,0.9975,41.07,0
26.7281,CoreSystemMain,0.500,0,-0.0906,0.5107,0.1715,317.91,323.33,34.42,0.1424,0.4255,0.2287,321.22,6.02,357.19,0.0265,0.9095,0.1465,3.76,358.47,0.81,0.2008,0.0750,1.0167,0.00,0.02,0.00,0.0265,0.9095,0.1465,-0.0267,-0.0656,0.9975,41.09,0
26.7395,CoreSystemMain,0.500,0,-0.0907,0.5107,0.1714,317.94,323.34,34.42,0.1420,0.4277,0.2299,320.55,6.03,356.49,0.0266,0.9096,0.1466,3.77,358.45,0.79,0.2008,0.0750,1.0167,0.00,0.02,0.00,0.0266,0.9096,0.1466,-0.0270,-0.0657,0.9975,41.09,0
26.7505,CoreSystemMain,0.500,0,-0.0911,0.5105,0.1713,317.97,323.36,34.36,0.1410,0.4308,0.2321,318.93,5.56,357.49,0.0267,0.9096,0.1465,3.73,358.43,0.76,0.2008,0.0750,1.0167,0.00,0.02,0.00,0.0267,0.9096,0.1465,-0.0273,-0.0651,0.9975,41.13,0
26.7614,CoreSystemMain,0.500,0,-0.0913,0.5103,0.1712,317.98,323.36,34.30,0.1401,0.4336,0.2342,317.28,4.61,359.11,0.0269,0.9096,0.1466,3.73,358.42,0.73,0.2008,0.0750,1.0167,0.00,0.02,0.00,0.0269,0.9096,0.1466,-0.0274,-0.0650,0.9975,41.14,0
26.7726,CoreSystemMain,0.500,0,-0.0915,0.5102,0.1712,317.99,323.37,34.18,0.1392,0.4371,0.2367,315.06,3.00,1.22,0.0270,0.9095,0.1467,3.74,358.43,0.71,0.2008,0.0750,1.0167,0.00,0.02,0.00,0.0270,0.9095,0.1467,-0.0274,-0.0652,0.9975,41.13,0
26.7838,CoreSystemMain,0.500,0,-0.0917,0.5101,0.1711,317.99,323.39,34.10,0.1386,0.4403,0.2390,313.42,1.83,2.54,0.0271,0.9095,0.1467,3.76,358.43,0.69,0.2008,0.0750,1.0167,0.00,0.02,0.00,0.0271,0.9095,0.1467,-0.0273,-0.0655,0.9975,41.10,0
26.7948,CoreSystemMain,0.500,0,-0.0921,0.5099,0.1714,317.99,323.42,34.03,0.1379,0.4454,0.2418,310.80,0.86,3.54,0.0273,0.9095,0.1468,3.78,358.45,0.68,0.2008,0.0750,1.0167,0.00,0.02,0.00,0.0273,0.9095,0.1468,-0.0270,-0.0660,0.9975,41.07,0
26.8061,CoreSystemMain,0.500,0,-0.0922,0.5097,0.1714,318.02,323.47,33.94,0.1371,0.4507,0.2442,308.52,0.88,3.84,0.0275,0.9094,0.1468,3.82,358.48,0.67,0.2008,0.0750,1.0167,0.00,0.02,0.00,0.0275,0.9094,0.1468,-0.0264,-0.0666,0.9974,41.03,0
26.8170,CoreSystemMain,0.500,0,-0.0924,0.5095,0.1715,318.04,323.51,33.87,0.1365,0.4551,0.2464,306.61,0.79,3.94,0.0276,0.9094,0.1468,3.83,358.52,0.66,0.2008,0.0750,1.0167,0.00,0.02,0.00,0.0276,0.9094,0.1468,-0.0257,-0.0669,0.9974,41.00,0
26.8284,CoreSystemMain,0.500,0,-0.0925,0.5093,0.1717,318.07,323.65,33.76,0.1354,0.4627,0.2488,303.82,1.81,3.10,0.0279,0.9094,0.1470,3.85,358.57,0.65,0.2008,0.0750,1.0167,0.00,0.02,0.00,0.0279,0.9094,0.1470,-0.0250,-0.0671,0.9974,40.98,0
26.8394,CoreSystemMain,0.500,0,-0.0926,0.5092,0.1718,318.08,323.74,33.66,0.1345,0.4683,0.2509,301.87,2.36,2.67,0.0282,0.9094,0.1471,3.85,358.60,0.64,0.2008,0.0750,1.0167,0.00,0.02,0.00,0.0282,0.9094,0.1471,-0.0244,-0.0671,0.9974,40.97,0
26.8504,CoreSystemMain,0.500,0,-0.0927,0.5091,0.1720,318.06,323.87,33.53,0.1333,0.4747,0.2532,299.70,2.92,1.90,0.0283,0.9094,0.1472,3.86,358.64,0.64,0.2008,0.0750,1.0167,0.00,0.02,0.00,0.0283,0.9094,0.1472,-0.0236,-0.0673,0.9975,40.96,0
26.8616,CoreSystemMain,0.500,0,-0.0928,0.5091,0.1721,318.02,323.95,33.43,0.1322,0.4810,0.2551,297.51,2.89,1.56,0.0285,0.9094,0.1473,3.87,358.66,0.63,0.2008,0.0750,1.0167,0.00,0.02,0.00,0.0285,0.9094,0.1473,-0.0234,-0.0675,0.9974,40.94,0
26.8728,CoreSystemMain,0.500,0,-0.0928,0.5091,0.1722,317.99,323.95,33.37,0.1312,0.4868,0.2569,295.38,1.85,2.43,0.0287,0.9094,0.1475,3.87,358.70,0.62,0.2008,0.0750,1.0167,0.00,0.02,0.00,0.0287,0.9094,0.1475,-0.0226,-0.0675,0.9975,40.94,0
26.8840,CoreSystemMain,0.500,0,-0.0928,0.5093,0.1724,317.99,323.90,33.42,0.1300,0.4931,0.2586,292.89,359.49,4.53,0.0289,0.9093,0.1476,3.90,358.75,0.58,0.2008,0.0750,1.0167,0.00,0.02,0.00,0.0289,0.9093,0.1476,-0.0217,-0.0680,0.9974,40.89,0
26.8950,CoreSystemMain,0.500,0,-0.0929,0.5093,0.1725,317.98,323.92,33.40,0.1291,0.4985,0.2606,290.95,357.97,5.98,0.0291,0.9093,0.1477,3.94,358.79,0.55,0.2008,0.0750,1.0167,0.00,0.02,0.00,0.0291,0.9093,0.1477,-0.0210,-0.0686,0.9974,40.85,0
26.9064,CoreSystemMain,0.500,0,-0.0928,0.5095,0.1727,317.95,323.84,33.55,0.1280,0.5040,0.2616,289.04,354.70,9.14,0.0292,0.9093,0.1478,3.95,358.84,0.51,0.2008,0.0750,1.0167,0.00,0.02,0.00,0.0292,0.9093,0.1478,-0.0202,-0.0689,0.9974,40.82,0
26.9172,CoreSystemMain,0.500,0,-0.0926,0.5096,0.1729,317.96,323.88,33.57,0.1270,0.5091,0.2628,287.49,353.06,10.71,0.0294,0.9093,0.1479,3.98,358.86,0.49,0.2008,0.0750,1.0167,0.00,0.02,0.00,0.0294,0.9093,0.1479,-0.0198,-0.0694,0.9974,40.79,0
26.9284,CoreSystemMain,0.500,0,-0.0925,0.5098,0.1731,317.92,323.88,33.57,0.1263,0.5134,0.2634,286.42,353.90,10.03,0.0295,0.9093,0.1480,3.97,358.89,0.49,0.2008,0.0750,1.0167,0.00,0.02,0.00,0.0295,0.9093,0.1480,-0.0194,-0.0692,0.9974,40.80,0
26.9395,CoreSystemMain,0.500,0,-0.0923,0.5100,0.1733,317.88,323.84,33.61,0.1254,0.5184,0.2642,285.24,357.56,6.50,0.0296,0.9093,0.1481,3.99,358.90,0.47,0.2008,0.0750,1.0167,0.00,0.02,0.00,0.0296,0.9093,0.1481,-0.0191,-0.0695,0.9974,40.78,0
26.9505,CoreSystemMain,0.500,0,-0.0921,0.5102,0.1735,317.85,323.82,33.65,0.1246,0.5228,0.2650,284.31,1.11,2.80,0.0297,0.9093,0.1482,3.98,358.93,0.46,0.2008,0.0750,1.0167,0.00,0.02,0.00,0.0297,0.9093,0.1482,-0.0186,-0.0695,0.9974,40.78,0
26.9616,CoreSystemMain,0.500,0,-0.0919,0.5104,0.1737,317.84,323.78,33.73,0.1238,0.5267,0.2655,283.66,4.01,359.44,0.0298,0.9093,0.1483,3.98,358.96,0.44,0.2008,0.0750,1.0167,0.00,0.02,0.00,0.0298,0.9093,0.1483,-0.0181,-0.0694,0.9974,40.78,0
26.9730,CoreSystemMain,0.500,0,-0.0917,0.5107,0.1739,317.84,323.79,33.84,0.1228,0.5299,0.2659,283.06,4.44,358.37,0.0298,0.9094,0.1483,3.97,358.99,0.43,0.2008,0.0750,1.0167,0.00,0.02,0.00,0.0298,0.9094,0.1483,-0.0176,-0.0692,0.9974,40.79,0
26.9840,CoreSystemMain,0.500,0,-0.0914,0.5109,0.1740,317.82,323.80,33.88,0.1222,0.5327,0.2667,282.32,4.73,357.92,0.0298,0.9094,0.1484,3.97,359.03,0.43,0.2008,0.0750,1.0167,0.00,0.02,0.00,0.0298,0.9094,0.1484,-0.0169,-0.0692,0.9975,40.79,0
26.9950,CoreSystemMain,0.500,0,-0.0911,0.5113,0.1743,317.82,323.81,33.94,0.1211,0.5359,0.2673,281.85,3.02,358.93,0.0299,0.9094,0.1485,3.94,359.02,0.42,0.2008,0.0750,1.0167,0.00,0.02,0.00,0.0299,0.9094,0.1485,-0.0171,-0.0688,0.9975,40.81,0
27.0061,CoreSystemMain,0.500,0,-0.0909,0.5115,0.1744,317.80,323.73,34.03,0.1203,0.5385,0.2680,281.39,3.23,358.55,0.0299,0.9095,0.1485,3.93,359.03,0.42,0.2008,0.0750,1.0167,0.00,0.02,0.00,0.0299,0.9095,0.1485,-0.0170,-0.0686,0.9975,40.82,0
27.0173,CoreSystemMain,0.500,0,-0.0907,0.5116,0.1746,317.77,323.65,34.13,0.1198,0.5407,0.2686,281.15,3.93,357.80,0.0299,0.9095,0.1486,3.92,359.02,0.42,0.2008,0.0750,1.0167,0.00,0.02,0.00,0.0299,0.9095,0.1486,-0.0171,-0.0683,0.9975,40.84,0
27.0284,CoreSystemMain,0.500,0,-0.0904,0.5118,0.1747,317.74,323.60,34.24,0.1193,0.5430,0.2693,280.99,5.23,356.55,0.0298,0.9095,0.1486,3.93,359.01,0.42,0.2008,0.0750,1.0167,0.00,0.02,0.00,0.0298,0.9095,0.1486,-0.0172,-0.0685,0.9975,40.84,0
27.0395,CoreSystemMain,0.500,0,-0.0902,0.5120,0.1748,317.74,323.64,34.30,0.1191,0.5437,0.2697,281.60,8.23,353.87,0.0297,0.9094,0.1486,3.95,359.01,0.41,0.2008,0.0750,1.0167,0.00,0.02,0.00,0.0297,0.9094,0.1486,-0.0173,-0.0689,0.9975,40.82,0
27.0506,CoreSystemMain,0.500,0,-0.0901,0.5123,0.1749,317.73,323.65,34.37,0.1187,0.5456,0.2702,281.54,10.13,352.01,0.0297,0.9094,0.1487,3.96,359.00,0.41,0.2008,0.0750,1.0167,0.00,0.02,0.00,0.0297,0.9094,0.1487,-0.0173,-0.0691,0.9975,40.81,0
27.0619,CoreSystemMain,0.500,0,-0.0899,0.5124,0.1749,317.70,323.75,34.36,0.1183,0.5469,0.2707,281.91,12.43,349.66,0.0296,0.9094,0.1487,3.97,359.00,0.40,0.2008,0.0750,1.0167,0.00,0.02,0.00,0.0296,0.9094,0.1487,-0.0174,-0.0693,0.9974,40.80,0
27.0728,CoreSystemMain,0.500,0,-0.0897,0.5125,0.1750,317.67,323.79,34.37,0.1180,0.5479,0.2711,282.37,14.52,347.31,0.0295,0.9094,0.1488,3.97,358.98,0.41,0.2008,0.0750,1.0167,0.00,0.02,0.00,0.0295,0.9094,0.1488,-0.0177,-0.0692,0.9974,40.81,0
27.0839,CoreSystemMain,0.500,0,-0.0896,0.5125,0.1751,317.62,323.82,34.33,0.1177,0.5484,0.2714,282.89,15.95,345.51,0.0293,0.9095,0.1488,3.96,358.97,0.41,0.2008,0.0750,1.0167,0.00,0.02,0.00,0.0293,0.9095,0.1488,-0.0179,-0.0691,0.9975,40.83,0
27.0950,CoreSystemMain,0.500,0,-0.0896,0.5125,0.1751,317.61,323.79,34.33,0.1176,0.5481,0.2713,283.33,16.13,345.02,0.0292,0.9095,0.1488,3.94,358.97,0.42,0.2008,0.0750,1.0167,0.00,0.02,0.00,0.0292,0.9095,0.1488,-0.0179,-0.0687,0.9975,40.85,0
27.1060,CoreSystemMain,0.500,0,-0.0896,0.5125,0.1752,317.64,323.75,34.36,0.1174,0.5478,0.2714,283.60,14.27,346.66,0.0290,0.9096,0.1488,3.94,358.95,0.42,0.2008,0.0750,1.0167,0.00,0.02,0.00,0.0290,0.9096,0.1488,-0.0183,-0.0687,0.9975,40.86,0
27.1172,CoreSystemMain,0.500,0,-0.0897,0.5124,0.1752,317.68,323.72,34.43,0.1172,0.5468,0.2711,283.65,11.10,350.16,0.0288,0.9096,0.1488,3.91,358.95,0.44,0.2008,0.0750,1.0167,0.00,0.02,0.00,0.0288,0.9096,0.1488,-0.0183,-0.0683,0.9975,40.88,0
27.1283,CoreSystemMain,0.500,0,-0.0898,0.5124,0.1753,317.73,323.73,34.46,0.1169,0.5466,0.2712,283.52,9.03,352.46,0.0286,0.9096,0.1488,3.91,358.93,0.44,0.2008,0.0750,1.0167,0.00,0.02,0.00,0.0286,0.9096,0.1488,-0.0186,-0.0681,0.9975,40.90,0
27.1394,CoreSystemMain,0.500,0,-0.0899,0.5123,0.1752,317.79,323.76,34.49,0.1170,0.5448,0.2707,283.34,6.02,355.90,0.0284,0.9097,0.1489,3.89,358.92,0.44,0.2008,0.0750,1.0167,0.00,0.02,0.00,0.0284,0.9097,0.1489,-0.0188,-0.0678,0.9975,40.93,0
27.1505,CoreSystemMain,0.500,0,-0.0901,0.5122,0.1751,317.75,323.76,34.46,0.1171,0.5434,0.2702,283.25,4.71,357.38,0.0281,0.9097,0.1488,3.86,358.89,0.45,0.2008,0.0750,1.0167,0.00,0.02,0.00,0.0281,0.9097,0.1488,-0.0193,-0.0673,0.9975,40.96,0
27.1620,CoreSystemMain,0.500,0,-0.0903,0.5121,0.1751,317.73,323.73,34.44,0.1172,0.5426,0.2699,283.21,4.70,357.59,0.0279,0.9098,0.1489,3.83,358.85,0.46,0.2008,0.0750,1.0167,0.00,0.02,0.00,0.0279,0.9098,0.1489,-0.0200,-0.0668,0.9976,41.00,0
27.1728,CoreSystemMain,0.500,0,-0.0905,0.5120,0.1750,317.69,323.67,34.40,0.1177,0.5410,0.2693,283.42,8.28,354.09,0.0276,0.9098,0.1489,3.81,358.82,0.49,0.2008,0.0750,1.0167,0.00,0.02,0.00,0.0276,0.9098,0.1489,-0.0206,-0.0665,0.9976,41.03,0
27.1840,CoreSystemMain,0.500,0,-0.0911,0.5119,0.1748,317.67,323.59,34.36,0.1183,0.5393,0.2683,284.08,13.12,349.22,0.0273,0.9097,0.1489,3.80,358.77,0.53,0.2008,0.0750,1.0167,0.00,0.02,0.00,0.0273,0.9097,0.1489,-0.0213,-0.0663,0.9976,41.06,0
27.1950,CoreSystemMain,0.500,0,-0.0914,0.5117,0.1748,317.71,323.52,34.33,0.1191,0.5372,0.2675,285.24,16.28,345.68,0.0270,0.9097,0.1490,3.81,358.72,0.56,0.2008,0.0750,1.0167,0.00,0.02,0.00,0.0270,0.9097,0.1490,-0.0223,-0.0665,0.9975,41.06,0
27.2062,CoreSystemMain,0.500,0,-0.0919,0.5114,0.1746,317.82,323.42,34.36,0.1198,0.5349,0.2670,286.67,15.89,346.01,0.0267,0.9096,0.1490,3.81,358.68,0.60,0.2008,0.0750,1.0167,0.00,0.02,0.00,0.0267,0.9096,0.1490,-0.0229,-0.0664,0.9975,41.08,0
27.2174,CoreSystemMain,0.500,0,-0.0921,0.5113,0.1746,317.86,323.36,34.40,0.1202,0.5332,0.2667,287.57,15.18,346.71,0.0264,0.9096,0.1490,3.80,358.61,0.62,0.2008,0.0750,1.0167,0.00,0.02,0.00,0.0264,0.9096,0.1490,-0.0242,-0.0663,0.9975,41.10,0
27.2283,CoreSystemMain,0.500,0,-0.0925,0.5109,0.1745,318.02,323.28,34.45,0.1208,0.5296,0.2666,289.01,12.06,349.81,0.0262,0.9095,0.1491,3.83,358.59,0.67,0.2008,0.0750,1.0167,0.00,0.02,0.00,0.0262,0.9095,0.1491,-0.0245,-0.0667,0.9975,41.08,0
27.2396,CoreSystemMain,0.500,0,-0.0928,0.5105,0.1743,318.08,323.21,34.44,0.1212,0.5264,0.2665,290.02,10.03,351.57,0.0259,0.9094,0.1491,3.85,358.57,0.72,0.2008,0.0750,1.0167,0.00,0.02,0.00,0.0259,0.9094,0.1491,-0.0250,-0.0671,0.9974,41.07,0
27.2507,CoreSystemMain,0.500,0,-0.0932,0.5101,0.1743,318.12,323.19,34.38,0.1211,0.5236,0.2664,290.94,8.89,352.33,0.0257,0.9093,0.1492,3.90,358.54,0.75,0.2008,0.0750,1.0167,0.00,0.02,0.00,0.0257,0.9093,0.1492,-0.0254,-0.0680,0.9974,41.03,0
27.2617,CoreSystemMain,0.500,0,-0.0934,0.5099,0.1742,318.16,323.17,34.36,0.1213,0.5217,0.2664,291.70,8.91,351.82,0.0255,0.9092,0.1492,3.90,358.51,0.81,0.2008,0.0750,1.0167,0.00,0.02,0.00,0.0255,0.9092,0.1492,-0.0259,-0.0681,0.9973,41.03,0
27.2728,CoreSystemMain,0.500,0,-0.0935,0.5094,0.1741,318.17,323.29,34.20,0.1224,0.5176,0.2657,292.95,9.46,348.96,0.0254,0.9091,0.1493,3.95,358.53,0.82,0.2008,0.0750,1.0167,0.00,0.02,0.00,0.0254,0.9091,0.1493,-0.0256,-0.0689,0.9973,40.98,0
27.2839,CoreSystemMain,0.500,0,-0.0936,0.5091,0.1741,318.19,323.38,34.11,0.1236,0.5150,0.2650,293.93,10.37,346.40,0.0252,0.9089,0.1493,4.00,358.55,0.85,0.2008,0.0750,1.0167,0.00,0.02,0.00,0.0252,0.9089,0.1493,-0.0252,-0.0698,0.9972,40.92,0
27.2951,CoreSystemMain,0.500,0,-0.0936,0.5087,0.1740,318.26,323.50,34.01,0.1248,0.5128,0.2642,295.52,13.65,343.04,0.0252,0.9088,0.1493,4.03,358.57,0.87,0.2008,0.0750,1.0167,0.00,0.02,0.00,0.0252,0.9088,0.1493,-0.0249,-0.0702,0.9972,40.89,0
27.3062,CoreSystemMain,0.500,0,-0.0937,0.5084,0.1740,318.30,323.50,33.99,0.1254,0.5109,0.2639,296.49,14.60,342.00,0.0251,0.9087,0.1493,4.05,358.60,0.91,0.2008,0.0750,1.0167,0.00,0.02,0.00,0.0251,0.9087,0.1493,-0.0244,-0.0705,0.9972,40.86,0
27.3173,CoreSystemMain,0.500,0,-0.0937,0.5079,0.1738,318.44,323.63,33.98,0.1237,0.5088,0.2634,296.84,11.59,347.86,0.0250,0.9086,0.1494,4.07,358.66,0.94,0.2008,0.0750,1.0167,0.00,0.02,0.00,0.0250,0.9086,0.1494,-0.0233,-0.0710,0.9972,40.82,0
27.3284,CoreSystemMain,0.500,0,-0.0936,0.5076,0.1738,318.49,323.72,33.93,0.1234,0.5070,0.2629,297.39,9.60,350.57,0.0250,0.9086,0.1494,4.09,358.71,0.95,0.2008,0.0750,1.0167,0.00,0.02,0.00,0.0250,0.9086,0.1494,-0.0225,-0.0714,0.9972,40.79,0
27.3396,CoreSystemMain,0.500,0,-0.0936,0.5075,0.1738,318.53,323.75,33.93,0.1231,0.5060,0.2627,297.72,8.41,352.41,0.0250,0.9085,0.1494,4.11,358.75,0.96,0.2008,0.0750,1.0167,0.00,0.02,0.00,0.0250,0.9085,0.1494,-0.0218,-0.0717,0.9972,40.76,0
27.3506,CoreSystemMain,0.500,0,-0.0934,0.5072,0.1736,318.54,323.86,33.90,0.1232,0.5047,0.2619,298.58,8.02,352.15,0.0250,0.9085,0.1494,4.10,358.81,0.96,0.2008,0.0750,1.0167,0.00,0.02,0.00,0.0250,0.9085,0.1494,-0.0207,-0.0716,0.9972,40.75,0
27.3616,CoreSystemMain,0.500,0,-0.0933,0.5072,0.1735,318.51,323.92,33.88,0.1236,0.5040,0.2612,298.77,8.95,350.28,0.0250,0.9084,0.1495,4.10,358.86,0.95,0.2008,0.0750,1.0167,0.00,0.02,0.00,0.0250,0.9084,0.1495,-0.0199,-0.0716,0.9972,40.74,0
27.3729,CoreSystemMain,0.500,0,-0.0931,0.5072,0.1734,318.48,323.99,33.85,0.1242,0.5031,0.2605,299.06,9.57,349.04,0.0250,0.9084,0.1495,4.09,358.89,0.94,0.2008,0.0750,1.0167,0.00,0.02,0.00,0.0250,0.9084,0.1495,-0.0193,-0.0713,0.9973,40.75,0
27.3839,CoreSystemMain,0.500,0,-0.0931,0.5070,0.1732,318.46,324.07,33.83,0.1250,0.5024,0.2596,299.19,10.26,347.86,0.0249,0.9084,0.1495,4.08,358.91,0.93,0.2008,0.0750,1.0167,0.00,0.02,0.00,0.0249,0.9084,0.1495,-0.0190,-0.0711,0.9973,40.76,0
27.3951,CoreSystemMain,0.500,0,-0.0930,0.5072,0.1731,318.50,324.06,33.86,0.1258,0.5022,0.2587,298.90,11.66,346.55,0.0250,0.9085,0.1496,4.06,358.92,0.92,0.2008,0.0750,1.0167,0.00,0.02,0.00,0.0250,0.9085,0.1496,-0.0189,-0.0707,0.9973,40.78,0
27.4061,CoreSystemMain,0.500,0,-0.0931,0.5074,0.1731,318.47,324.07,33.93,0.1264,0.5022,0.2583,298.58,13.44,346.04,0.0250,0.9085,0.1497,4.03,358.92,0.92,0.2008,0.0750,1.0167,0.00,0.02,0.00,0.0250,0.9085,0.1497,-0.0188,-0.0703,0.9973,40.80,0
27.4171,CoreSystemMain,0.500,0,-0.0931,0.5074,0.1730,318.46,324.06,33.96,0.1270,0.5016,0.2580,298.87,14.48,345.88,0.0247,0.9085,0.1496,4.02,358.91,0.91,0.2008,0.0750,1.0167,0.00,0.02,0.00,0.0247,0.9085,0.1496,-0.0190,-0.0700,0.9974,40.82,0
27.4283,CoreSystemMain,0.500,0,-0.0932,0.5077,0.1730,318.43,323.83,34.07,0.1277,0.5019,0.2581,299.05,14.99,346.42,0.0249,0.9084,0.1497,4.04,358.92,0.90,0.2008,0.0750,1.0167,0.00,0.02,0.00,0.0249,0.9084,0.1497,-0.0188,-0.0704,0.9973,40.80,0
27.4395,CoreSystemMain,0.500,0,-0.0932,0.5078,0.1730,318.41,323.79,34.09,0.1282,0.5015,0.2578,299.12,15.10,346.61,0.0250,0.9084,0.1498,4.04,358.93,0.90,0.2008,0.0750,1.0167,0.00,0.02,0.00,0.0250,0.9084,0.1498,-0.0187,-0.0705,0.9973,40.79,0
27.4507,CoreSystemMain,0.500,0,-0.0932,0.5078,0.1730,318.41,323.73,34.12,0.1289,0.5013,0.2572,299.05,14.50,346.96,0.0249,0.9084,0.1497,4.08,358.95,0.90,0.2008,0.0750,1.0167,0.00,0.02,0.00,0.0249,0.9084,0.1497,-0.0183,-0.0711,0.9973,40.75,0
27.4615,CoreSystemMain,0.500,0,-0.0933,0.5078,0.1730,318.45,323.65,34.17,0.1300,0.5010,0.2565,299.16,13.04,347.07,0.0250,0.9084,0.1498,4.11,358.94,0.88,0.2008,0.0750,1.0167,0.00,0.02,0.00,0.0250,0.9084,0.1498,-0.0185,-0.0716,0.9973,40.73,0
27.4728,CoreSystemMain,0.500,0,-0.0933,0.5079,0.1732,318.46,323.64,34.23,0.1310,0.5009,0.2563,299.06,11.69,346.30,0.0250,0.9083,0.1498,4.11,358.94,0.88,0.2008,0.0750,1.0167,0.00,0.02,0.00,0.0250,0.9083,0.1498,-0.0184,-0.0717,0.9973,40.72,0
27.4838,CoreSystemMain,0.500,0,-0.0933,0.5079,0.1732,318.48,323.61,34.26,0.1316,0.5006,0.2563,299.23,11.25,346.30,0.0250,0.9083,0.1497,4.14,358.96,0.88,0.2008,0.0750,1.0167,0.00,0.02,0.00,0.0250,0.9083,0.1497,-0.0180,-0.0721,0.9972,40.69,0
27.4947,CoreSystemMain,0.500,0,-0.0933,0.5080,0.1734,318.44,323.58,34.23,0.1318,0.5012,0.2570,299.25,10.43,347.83,0.0251,0.9083,0.1497,4.14,358.95,0.88,0.2008,0.0750,1.0167,0.00,0.02,0.00,0.0251,0.9083,0.1497,-0.0182,-0.0722,0.9972,40.69,0
27.5059,CoreSystemMain,0.500,0,-0.0933,0.5082,0.1734,318.40,323.54,34.29,0.1319,0.5015,0.2574,298.59,11.42,348.35,0.0251,0.9083,0.1497,4.15,358.97,0.90,0.2008,0.0750,1.0167,0.00,0.02,0.00,0.0251,0.9083,0.1497,-0.0180,-0.0723,0.9972,40.68,0
27.5169,CoreSystemMain,0.500,0,-0.0931,0.5082,0.1735,318.34,323.48,34.37,0.1323,0.5024,0.2578,297.65,13.93,346.69,0.0252,0.9083,0.1496,4.15,358.96,0.92,0.2008,0.0750,1.0167,0.00,0.02,0.00,0.0252,0.9083,0.1496,-0.0180,-0.0723,0.9972,40.67,0
27.5283,CoreSystemMain,0.500,0,-0.0931,0.5083,0.1735,318.29,323.46,34.37,0.1330,0.5028,0.2579,297.35,15.32,345.13,0.0253,0.9083,0.1496,4.13,358.98,0.94,0.2008,0.0750,1.0167,0.00,0.02,0.00,0.0253,0.9083,0.1496,-0.0178,-0.0720,0.9972,40.69,0
27.5392,CoreSystemMain,0.500,0,-0.0931,0.5083,0.1736,318.25,323.49,34.30,0.1342,0.5037,0.2580,297.52,16.76,342.89,0.0254,0.9083,0.1496,4.13,359.00,0.94,0.2008,0.0750,1.0167,0.00,0.02,0.00,0.0254,0.9083,0.1496,-0.0175,-0.0720,0.9973,40.68,0
27.5505,CoreSystemMain,0.500,0,-0.0930,0.5084,0.1736,318.27,323.53,34.24,0.1355,0.5041,0.2580,297.83,16.81,342.62,0.0254,0.9084,0.1495,4.12,359.00,0.94,0.2008,0.0750,1.0167,0.00,0.02,0.00,0.0254,0.9084,0.1495,-0.0173,-0.0719,0.9973,40.68,0
27.5616,CoreSystemMain,0.500,0,-0.0929,0.5084,0.1737,318.26,323.55,34.24,0.1370,0.5045,0.2580,298.37,15.17,343.97,0.0255,0.9084,0.1495,4.11,359.00,0.93,0.2008,0.0750,1.0167,0.00,0.02,0.00,0.0255,0.9084,0.1495,-0.0174,-0.0716,0.9973,40.70,0
27.5726,CoreSystemMain,0.500,0,-0.0929,0.5085,0.1737,318.27,323.47,34.25,0.1375,0.5054,0.2584,298.79,14.44,343.21,0.0256,0.9084,0.1495,4.09,358.99,0.94,0.2008,0.0750,1.0167,0.00,0.02,0.00,0.0256,0.9084,0.1495,-0.0176,-0.0713,0.9973,40.72,0
27.5839,CoreSystemMain,0.500,0,-0.0928,0.5085,0.1736,318.24,323.41,34.30,0.1380,0.5056,0.2587,298.87,14.69,342.53,0.0256,0.9085,0.1494,4.08,358.97,0.93,0.2008,0.0750,1.0167,0.00,0.02,0.00,0.0256,0.9085,0.1494,-0.0180,-0.0711,0.9973,40.73,0
27.5948,CoreSystemMain,0.500,0,-0.0927,0.5087,0.1735,318.15,323.38,34.34,0.1378,0.5065,0.2595,299.21,14.58,342.39,0.0258,0.9085,0.1494,4.06,358.94,0.93,0.2008,0.0750,1.0167,0.00,0.02,0.00,0.0258,0.9085,0.1494,-0.0185,-0.0709,0.9973,40.75,0
27.6060,CoreSystemMain,0.500,0,-0.0926,0.5087,0.1735,318.10,323.37,34.36,0.1382,0.5068,0.2600,299.40,14.41,342.63,0.0258,0.9085,0.1493,4.06,358.93,0.93,0.2008,0.0750,1.0167,0.00,0.02,0.00,0.0258,0.9085,0.1493,-0.0187,-0.0708,0.9973,40.76,0
27.6170,CoreSystemMain,0.500,0,-0.0925,0.5088,0.1734,318.06,323.39,34.32,0.1382,0.5070,0.2607,299.57,14.17,343.41,0.0259,0.9086,0.1492,4.07,358.92,0.91,0.2008,0.0750,1.0167,0.00,0.02,0.00,0.0259,0.9086,0.1492,-0.0188,-0.0710,0.9973,40.75,0
27.6281,CoreSystemMain,0.500,0,-0.0924,0.5088,0.1733,318.06,323.44,34.27,0.1382,0.5071,0.2612,299.59,14.21,344.03,0.0261,0.9086,0.1491,4.07,358.92,0.90,0.2008,0.0750,1.0167,0.00,0.02,0.00,0.0261,0.9086,0.1491,-0.0188,-0.0711,0.9973,40.74,0
27.6392,CoreSystemMain,0.500,0,-0.0922,0.5087,0.1733,318.10,323.49,34.23,0.1383,0.5073,0.2618,299.39,14.37,344.57,0.0262,0.9086,0.1491,4.07,358.92,0.89,0.2008,0.0750,1.0167,0.00,0.02,0.00,0.0262,0.9086,0.1491,-0.0188,-0.0711,0.9973,40.73,0
27.6502,CoreSystemMain,0.500,0,-0.0920,0.5088,0.1732,318.15,323.47,34.25,0.1383,0.5078,0.2623,299.07,14.68,344.37,0.0263,0.9087,0.1489,4.06,358.94,0.89,0.2008,0.0750,1.0167,0.00,0.02,0.00,0.0263,0.9087,0.1489,-0.0185,-0.0708,0.9973,40.74,0
27.6615,CoreSystemMain,0.500,0,-0.0919,0.5087,0.1732,318.21,323.46,34.28,0.1379,0.5087,0.2623,297.66,16.07,342.32,0.0264,0.9087,0.1489,4.03,358.94,0.88,0.2008,0.0750,1.0167,0.00,0.02,0.00,0.0264,0.9087,0.1489,-0.0184,-0.0703,0.9974,40.77,0
27.6727,CoreSystemMain,0.500,0,-0.0917,0.5086,0.1731,318.30,323.38,34.37,0.1380,0.5100,0.2616,296.13,18.56,339.14,0.0265,0.9088,0.1488,4.01,358.95,0.86,0.2008,0.0750,1.0167,0.00,0.02,0.00,0.0265,0.9088,0.1488,-0.0183,-0.0699,0.9974,40.79,0
27.6837,CoreSystemMain,0.500,0,-0.0917,0.5086,0.1731,318.30,323.38,34.39,0.1383,0.5105,0.2617,295.81,19.18,338.54,0.0267,0.9089,0.1487,3.97,358.96,0.85,0.2008,0.0750,1.0167,0.00,0.02,0.00,0.0267,0.9089,0.1487,-0.0182,-0.0693,0.9974,40.82,0
27.6948,CoreSystemMain,0.500,0,-0.0915,0.5086,0.1730,318.33,323.41,34.39,0.1387,0.5111,0.2615,295.75,18.72,340.18,0.0268,0.9089,0.1487,3.93,358.95,0.83,0.2008,0.0750,1.0167,0.00,0.02,0.00,0.0268,0.9089,0.1487,-0.0182,-0.0685,0.9975,40.86,0
27.7060,CoreSystemMain,0.500,0,-0.0915,0.5086,0.1729,318.34,323.49,34.34,0.1390,0.5113,0.2616,295.80,17.55,342.93,0.0270,0.9091,0.1487,3.88,358.94,0.82,0.2008,0.0750,1.0167,0.00,0.02,0.00,0.0270,0.9091,0.1487,-0.0185,-0.0676,0.9975,40.92,0
27.7171,CoreSystemMain,0.500,0,-0.0914,0.5087,0.1728,318.34,323.53,34.25,0.1390,0.5115,0.2622,296.04,16.14,346.21,0.0271,0.9091,0.1486,3.81,358.91,0.78,0.2008,0.0750,1.0167,0.00,0.02,0.00,0.0271,0.9091,0.1486,-0.0190,-0.0665,0.9976,40.99,0
27.7281,CoreSystemMain,0.500,0,-0.0914,0.5087,0.1726,318.33,323.54,34.20,0.1388,0.5118,0.2630,296.43,16.25,346.72,0.0272,0.9092,0.1486,3.78,358.87,0.72,0.2008,0.0750,1.0167,0.00,0.02,0.00,0.0272,0.9092,0.1486,-0.0197,-0.0659,0.9976,41.03,0
27.7393,CoreSystemMain,0.500,0,-0.0915,0.5088,0.1724,318.27,323.44,34.18,0.1388,0.5122,0.2637,297.16,17.08,345.43,0.0273,0.9093,0.1486,3.77,358.83,0.66,0.2008,0.0750,1.0167,0.00,0.02,0.00,0.0273,0.9093,0.1486,-0.0203,-0.0657,0.9976,41.05,0
27.7503,CoreSystemMain,0.500,0,-0.0915,0.5088,0.1723,318.26,323.41,34.16,0.1390,0.5125,0.2641,297.40,17.71,344.49,0.0274,0.9093,0.1485,3.76,358.81,0.61,0.2008,0.0750,1.0167,0.00,0.02,0.00,0.0274,0.9093,0.1485,-0.0208,-0.0655,0.9976,41.06,0
27.7613,CoreSystemMain,0.500,0,-0.0916,0.5089,0.1721,318.25,323.33,34.24,0.1390,0.5129,0.2642,297.30,19.69,341.58,0.0275,0.9093,0.1485,3.78,358.78,0.57,0.2008,0.0750,1.0167,0.00,0.02,0.00,0.0275,0.9093,0.1485,-0.0212,-0.0659,0.9976,41.05,0
27.7728,CoreSystemMain,0.500,0,-0.0917,0.5089,0.1720,318.25,323.29,34.29,0.1390,0.5133,0.2641,296.99,21.49,338.87,0.0276,0.9093,0.1485,3.78,358.78,0.56,0.2008,0.0750,1.0167,0.00,0.02,0.00,0.0276,0.9093,0.1485,-0.0213,-0.0660,0.9976,41.04,0
27.7837,CoreSystemMain,0.500,0,-0.0920,0.5088,0.1717,318.27,323.21,34.30,0.1398,0.5133,0.2634,296.65,21.88,337.47,0.0277,0.9093,0.1484,3.79,358.78,0.55,0.2008,0.0750,1.0167,0.00,0.02,0.00,0.0277,0.9093,0.1484,-0.0213,-0.0662,0.9976,41.03,0
27.7948,CoreSystemMain,0.500,0,-0.0921,0.5087,0.1717,318.31,323.25,34.23,0.1406,0.5130,0.2627,296.49,21.27,337.48,0.0279,0.9093,0.1484,3.80,358.78,0.54,0.2008,0.0750,1.0167,0.00,0.02,0.00,0.0279,0.9093,0.1484,-0.0213,-0.0662,0.9976,41.02,0
27.8058,CoreSystemMain,0.500,0,-0.0923,0.5086,0.1717,318.37,323.26,34.15,0.1411,0.5131,0.2622,296.16,20.91,338.18,0.0280,0.9093,0.1484,3.79,358.80,0.53,0.2008,0.0750,1.0167,0.00,0.02,0.00,0.0280,0.9093,0.1484,-0.0209,-0.0662,0.9976,41.02,0
27.8175,CoreSystemMain,0.500,0,-0.0924,0.5085,0.1717,318.38,323.25,34.11,0.1414,0.5135,0.2624,296.23,21.02,339.22,0.0281,0.9093,0.1484,3.79,358.81,0.53,0.2008,0.0750,1.0167,0.00,0.02,0.00,0.0281,0.9093,0.1484,-0.0208,-0.0661,0.9976,41.02,0
27.8281,CoreSystemMain,0.500,0,-0.0925,0.5085,0.1716,318.40,323.26,34.07,0.1417,0.5136,0.2628,296.61,20.04,341.87,0.0284,0.9093,0.1484,3.78,358.83,0.53,0.2008,0.0750,1.0167,0.00,0.02,0.00,0.0284,0.9093,0.1484,-0.0205,-0.0660,0.9976,41.02,0
